reasonix serve — deepseek-v4-flash on http://127.0.0.1:37333
  auth: token
  share: http://127.0.0.1:37333/ (token in /root/.reasonix-mobile-v1/serve.token)
2026/08/18 16:04:59 INFO serve: request method=POST path=/auth/token status=204 duration=424.231µs
2026/08/18 16:04:59 INFO serve: request method=GET path=/mod/status status=200 duration=13.260385ms
  balance: $1.96
2026/08/18 16:52:42 INFO serve: shutting down gracefully
reasonix serve — deepseek-v4-flash on http://127.0.0.1:39305
  auth: token
  share: http://127.0.0.1:39305/ (token in /root/.reasonix-mobile-v1/serve.token)
2026/08/18 16:52:48 INFO serve: request method=POST path=/auth/token status=204 duration=126.923µs
2026/08/18 16:52:48 INFO serve: request method=GET path=/mod/status status=200 duration=9.513692ms
  balance: $1.96
2026/08/18 16:52:50 INFO serve: shutting down gracefully
reasonix serve — deepseek-v4-flash on http://127.0.0.1:41321
  auth: token
  share: http://127.0.0.1:41321/ (token in /root/.reasonix-mobile-v1/serve.token)
2026/08/18 16:52:54 INFO serve: request method=POST path=/auth/token status=204 duration=263.346µs
2026/08/18 16:52:54 INFO serve: request method=GET path=/mod/status status=200 duration=8.264462ms
  balance: $1.96
2026/08/18 16:52:56 INFO serve: request method=GET path=/mod/status status=200 duration=6.315462ms
2026/08/18 18:54:25 INFO serve: shutting down gracefully
reasonix serve — deepseek-v4-flash on http://127.0.0.1:33853
  auth: token
  share: http://127.0.0.1:33853/ (token in /root/.reasonix-mobile-v1/serve.token)
2026/08/18 18:54:28 INFO serve: request method=POST path=/auth/token status=204 duration=231.385µs
2026/08/18 18:54:28 INFO serve: request method=GET path=/mod/status status=200 duration=9.633192ms
2026/08/18 18:54:28 INFO serve: shutting down gracefully
reasonix serve — deepseek-v4-flash on http://127.0.0.1:34141
  auth: token
  share: http://127.0.0.1:34141/ (token in /root/.reasonix-mobile-v1/serve.token)
2026/08/18 18:58:24 INFO serve: request method=POST path=/auth/token status=204 duration=1.198539ms
2026/08/18 18:58:24 INFO serve: request method=GET path=/mod/status status=200 duration=3.996846ms
2026/08/18 18:58:24 INFO serve: shutting down gracefully
reasonix serve — deepseek-v4-flash on http://127.0.0.1:35369
  auth: token
  share: http://127.0.0.1:35369/ (token in /root/.reasonix-mobile-v1/serve.token)
2026/08/18 19:07:18 INFO serve: request method=POST path=/auth/token status=204 duration=116.884µs
2026/08/18 19:07:18 INFO serve: request method=GET path=/mod/status status=200 duration=4.173615ms
  balance: $1.96
2026/08/18 19:07:20 INFO serve: shutting down gracefully
reasonix serve — deepseek-v4-flash on http://127.0.0.1:35725
  auth: token
  share: http://127.0.0.1:35725/ (token in /root/.reasonix-mobile-v1/serve.token)
2026/08/18 19:07:23 INFO serve: request method=POST path=/auth/token status=204 duration=337.116µs
2026/08/18 19:07:23 INFO serve: request method=GET path=/mod/status status=200 duration=9.579692ms
  balance: $1.96
2026/08/18 19:07:25 INFO serve: request method=GET path=/mod/status status=200 duration=12.250808ms
2026/08/18 19:09:31 INFO serve: request method=GET path=/mod/status status=200 duration=9.492731ms
2026/08/18 19:09:31 INFO serve: request method=GET path=/mod/app/contract status=200 duration=8.660731ms
2026/08/18 19:09:33 INFO serve: request method=GET path=/mod/budget status=200 duration=234.654µs
2026/08/18 19:09:33 INFO serve: request method=GET path=/mod/live/history status=200 duration=323.846µs
2026/08/18 19:09:33 INFO serve: request method=GET path=/mod/status status=200 duration=12.50323ms
2026/08/18 19:09:34 INFO serve: request method=GET path=/mod/budget status=200 duration=172.384µs
2026/08/18 19:09:34 INFO serve: request method=GET path=/mod/live/history status=200 duration=118.846µs
2026/08/18 19:09:34 INFO serve: request method=GET path=/mod/status status=200 duration=6.983384ms
2026/08/18 19:09:35 INFO serve: request method=GET path=/mod/live/history status=200 duration=170.885µs
2026/08/18 19:09:35 INFO serve: request method=GET path=/mod/budget status=200 duration=234.808µs
2026/08/18 19:09:35 INFO serve: request method=GET path=/mod/status status=200 duration=9.897923ms
2026/08/18 19:09:37 INFO serve: request method=GET path=/mod/live/history status=200 duration=170.693µs
2026/08/18 19:09:38 INFO serve: request method=GET path=/mod/budget status=200 duration=254.616µs
2026/08/18 19:09:38 INFO serve: request method=GET path=/mod/status status=200 duration=21.982885ms
2026/08/18 19:09:39 INFO serve: request method=GET path=/mod/budget status=200 duration=157.423µs
2026/08/18 19:09:39 INFO serve: request method=GET path=/mod/live/history status=200 duration=133.769µs
2026/08/18 19:09:39 INFO serve: request method=GET path=/mod/status status=200 duration=8.759731ms
2026/08/18 19:09:40 INFO serve: request method=GET path=/mod/budget status=200 duration=225.077µs
2026/08/18 19:09:40 INFO serve: request method=GET path=/mod/live/history status=200 duration=92.269µs
2026/08/18 19:09:40 INFO serve: request method=GET path=/mod/status status=200 duration=8.638577ms
2026/08/18 19:09:41 INFO serve: request method=GET path=/mod/live/history status=200 duration=135.808µs
2026/08/18 19:09:41 INFO serve: request method=GET path=/mod/budget status=200 duration=127µs
2026/08/18 19:09:41 INFO serve: request method=GET path=/mod/status status=200 duration=11.980346ms
2026/08/18 19:09:42 INFO serve: request method=GET path=/mod/budget status=200 duration=193.961µs
2026/08/18 19:09:42 INFO serve: request method=GET path=/mod/live/history status=200 duration=191.039µs
2026/08/18 19:09:42 INFO serve: request method=GET path=/mod/status status=200 duration=7.021615ms
2026/08/18 19:09:43 INFO serve: request method=POST path=/mod/app/task/start status=202 duration=24.587615ms
2026/08/18 19:09:43 INFO serve: request method=GET path=/mod/live/history status=200 duration=236.654µs
2026/08/18 19:09:43 INFO serve: request method=GET path=/mod/budget status=200 duration=246.77µs
2026/08/18 19:09:43 INFO serve: request method=GET path=/mod/status status=200 duration=7.316038ms
2026/08/18 19:09:44 INFO serve: request method=GET path=/mod/live/history status=200 duration=324.308µs
2026/08/18 19:09:45 INFO serve: request method=GET path=/mod/live/history status=200 duration=569.269µs
2026/08/18 19:09:45 INFO serve: request method=GET path=/mod/budget status=200 duration=177.769µs
2026/08/18 19:09:45 INFO serve: request method=GET path=/mod/status status=200 duration=9.946038ms
2026/08/18 19:09:46 INFO serve: request method=GET path=/mod/live/history status=200 duration=392.692µs
2026/08/18 19:09:46 INFO serve: request method=GET path=/mod/budget status=200 duration=230.616µs
2026/08/18 19:09:46 INFO serve: request method=GET path=/mod/status status=200 duration=7.072769ms
2026/08/18 19:09:47 INFO serve: request method=GET path=/mod/live/history status=200 duration=586.423µs
2026/08/18 19:09:47 INFO serve: request method=GET path=/mod/budget status=200 duration=329.153µs
2026/08/18 19:09:47 INFO serve: request method=GET path=/mod/status status=200 duration=6.048615ms
2026/08/18 19:09:48 INFO serve: request method=GET path=/mod/live/history status=200 duration=546.269µs
2026/08/18 19:09:48 INFO serve: request method=GET path=/mod/budget status=200 duration=193.769µs
2026/08/18 19:09:48 INFO serve: request method=GET path=/mod/status status=200 duration=9.115923ms
2026/08/18 19:09:49 INFO serve: request method=GET path=/mod/live/history status=200 duration=428.461µs
2026/08/18 19:09:49 INFO serve: request method=GET path=/mod/budget status=200 duration=123.461µs
2026/08/18 19:09:49 INFO serve: request method=GET path=/mod/status status=200 duration=5.690846ms
2026/08/18 19:09:51 INFO serve: request method=GET path=/mod/live/history status=200 duration=718.23µs
2026/08/18 19:09:51 INFO serve: request method=GET path=/mod/budget status=200 duration=260.231µs
2026/08/18 19:09:51 INFO serve: request method=GET path=/mod/status status=200 duration=7.542538ms
2026/08/18 19:09:52 INFO serve: request method=GET path=/mod/live/history status=200 duration=672.385µs
2026/08/18 19:09:52 INFO serve: request method=GET path=/mod/budget status=200 duration=274.231µs
2026/08/18 19:09:52 INFO serve: request method=GET path=/mod/status status=200 duration=12.154884ms
2026/08/18 19:09:53 INFO serve: request method=POST path=/mod/app/task/start status=202 duration=16.750038ms
2026/08/18 19:09:53 INFO serve: request method=GET path=/mod/live/history status=200 duration=454.462µs
2026/08/18 19:09:53 INFO serve: request method=GET path=/mod/budget status=200 duration=312.73µs
2026/08/18 19:09:53 INFO serve: request method=GET path=/mod/status status=200 duration=8.091961ms
2026/08/18 19:09:53 INFO serve: request method=GET path=/mod/live/history status=200 duration=739.885µs
2026/08/18 19:09:54 INFO serve: request method=GET path=/mod/budget status=200 duration=142.153µs
2026/08/18 19:09:54 INFO serve: request method=GET path=/mod/live/history status=200 duration=963.538µs
2026/08/18 19:09:54 INFO serve: request method=GET path=/mod/status status=200 duration=7.227885ms
2026/08/18 19:09:55 INFO serve: request method=GET path=/mod/live/history status=200 duration=945.385µs
2026/08/18 19:09:55 INFO serve: request method=GET path=/mod/budget status=200 duration=89.615µs
2026/08/18 19:09:55 INFO serve: request method=GET path=/mod/status status=200 duration=6.956961ms
2026/08/18 19:09:57 INFO serve: request method=GET path=/mod/budget status=200 duration=383.116µs
2026/08/18 19:09:57 INFO serve: request method=GET path=/mod/live/history status=200 duration=1.144808ms
2026/08/18 19:09:57 INFO serve: request method=GET path=/mod/status status=200 duration=11.675923ms
2026/08/18 19:09:58 INFO serve: request method=GET path=/mod/live/history status=200 duration=1.267808ms
2026/08/18 19:09:58 INFO serve: request method=GET path=/mod/budget status=200 duration=281.462µs
2026/08/18 19:09:58 INFO serve: request method=GET path=/mod/status status=200 duration=7.810846ms
2026/08/18 19:09:59 INFO serve: request method=GET path=/mod/budget status=200 duration=220.615µs
2026/08/18 19:09:59 INFO serve: request method=GET path=/mod/live/history status=200 duration=926.923µs
2026/08/18 19:09:59 INFO serve: request method=GET path=/mod/status status=200 duration=8.180808ms
2026/08/18 19:10:00 INFO serve: request method=GET path=/mod/budget status=200 duration=229.231µs
2026/08/18 19:10:00 INFO serve: request method=GET path=/mod/live/history status=200 duration=1.039885ms
2026/08/18 19:10:00 INFO serve: request method=GET path=/mod/status status=200 duration=10.920077ms
2026/08/18 19:10:01 INFO serve: request method=GET path=/mod/live/history status=200 duration=938.5µs
2026/08/18 19:10:01 INFO serve: request method=GET path=/mod/budget status=200 duration=312.307µs
2026/08/18 19:10:01 INFO serve: request method=GET path=/mod/status status=200 duration=6.150577ms
2026/08/18 19:10:03 INFO serve: request method=GET path=/mod/live/history status=200 duration=832.731µs
2026/08/18 19:10:03 INFO serve: request method=GET path=/mod/budget status=200 duration=217.885µs
2026/08/18 19:10:03 INFO serve: request method=GET path=/mod/status status=200 duration=8.939731ms
2026/08/18 19:10:03 INFO serve: request method=POST path=/mod/app/task/start status=202 duration=15.4835ms
2026/08/18 19:10:03 INFO serve: request method=GET path=/mod/live/history status=200 duration=1.036077ms
2026/08/18 19:10:04 INFO serve: request method=GET path=/mod/budget status=200 duration=223.769µs
2026/08/18 19:10:04 INFO serve: request method=GET path=/mod/live/history status=200 duration=1.492461ms
2026/08/18 19:10:04 INFO serve: request method=GET path=/mod/status status=200 duration=10.174077ms
2026/08/18 19:10:05 INFO serve: request method=GET path=/mod/live/history status=200 duration=1.163769ms
2026/08/18 19:10:05 INFO serve: request method=GET path=/mod/budget status=200 duration=152.038µs
2026/08/18 19:10:05 INFO serve: request method=GET path=/mod/status status=200 duration=6.435192ms
2026/08/18 19:10:06 INFO serve: request method=GET path=/mod/budget status=200 duration=426.076µs
2026/08/18 19:10:06 INFO serve: request method=GET path=/mod/live/history status=200 duration=2.006154ms
2026/08/18 19:10:06 INFO serve: request method=GET path=/mod/status status=200 duration=18.471846ms
2026/08/18 19:10:07 INFO serve: request method=GET path=/mod/budget status=200 duration=269.769µs
2026/08/18 19:10:07 INFO serve: request method=GET path=/mod/live/history status=200 duration=1.267077ms
2026/08/18 19:10:07 INFO serve: request method=GET path=/mod/status status=200 duration=8.989115ms
2026/08/18 19:10:09 INFO serve: request method=GET path=/mod/budget status=200 duration=360.577µs
2026/08/18 19:10:09 INFO serve: request method=GET path=/mod/live/history status=200 duration=1.771384ms
2026/08/18 19:10:09 INFO serve: request method=GET path=/mod/status status=200 duration=8.675846ms
2026/08/18 19:10:10 INFO serve: request method=GET path=/mod/budget status=200 duration=216.616µs
2026/08/18 19:10:10 INFO serve: request method=GET path=/mod/live/history status=200 duration=1.41277ms
2026/08/18 19:10:10 INFO serve: request method=GET path=/mod/status status=200 duration=7.052231ms
2026/08/18 19:10:11 INFO serve: request method=GET path=/mod/live/history status=200 duration=1.417693ms
2026/08/18 19:10:11 INFO serve: request method=GET path=/mod/budget status=200 duration=207.077µs
2026/08/18 19:10:11 INFO serve: request method=GET path=/mod/status status=200 duration=7.484615ms
2026/08/18 19:10:12 INFO serve: request method=GET path=/mod/budget status=200 duration=200.539µs
2026/08/18 19:10:12 INFO serve: request method=GET path=/mod/live/history status=200 duration=1.551424ms
2026/08/18 19:10:12 INFO serve: request method=GET path=/mod/status status=200 duration=8.911884ms
2026/08/18 19:10:13 INFO serve: request method=GET path=/mod/live/history status=200 duration=1.61523ms
2026/08/18 19:10:13 INFO serve: request method=GET path=/mod/budget status=200 duration=195.653µs
2026/08/18 19:10:13 INFO serve: request method=GET path=/mod/status status=200 duration=5.796846ms
2026/08/18 19:10:14 INFO serve: request method=POST path=/mod/app/task/start status=202 duration=15.964923ms
2026/08/18 19:10:14 INFO serve: request method=GET path=/mod/live/history status=200 duration=1.212385ms
2026/08/18 19:10:15 INFO serve: request method=GET path=/mod/live/history status=200 duration=1.630846ms
2026/08/18 19:10:15 INFO serve: request method=GET path=/mod/budget status=200 duration=174.308µs
2026/08/18 19:10:15 INFO serve: request method=GET path=/mod/status status=200 duration=7.110692ms
2026/08/18 19:10:16 INFO serve: request method=GET path=/mod/budget status=200 duration=209.846µs
2026/08/18 19:10:16 INFO serve: request method=GET path=/mod/live/history status=200 duration=1.17027ms
2026/08/18 19:10:16 INFO serve: request method=GET path=/mod/status status=200 duration=11.469461ms
2026/08/18 19:10:17 INFO serve: request method=GET path=/mod/budget status=200 duration=318.808µs
2026/08/18 19:10:17 INFO serve: request method=GET path=/mod/live/history status=200 duration=1.9075ms
2026/08/18 19:10:17 INFO serve: request method=GET path=/mod/status status=200 duration=7.283231ms
2026/08/18 19:10:18 INFO serve: request method=GET path=/mod/budget status=200 duration=166.616µs
2026/08/18 19:10:18 INFO serve: request method=GET path=/mod/live/history status=200 duration=2.051308ms
2026/08/18 19:10:18 INFO serve: request method=GET path=/mod/status status=200 duration=8.976961ms
2026/08/18 19:10:19 INFO serve: request method=GET path=/mod/budget status=200 duration=171.462µs
2026/08/18 19:10:19 INFO serve: request method=GET path=/mod/live/history status=200 duration=2.075846ms
2026/08/18 19:10:19 INFO serve: request method=GET path=/mod/status status=200 duration=8.056577ms
2026/08/18 19:10:21 INFO serve: request method=GET path=/mod/budget status=200 duration=209.193µs
2026/08/18 19:10:21 INFO serve: request method=GET path=/mod/live/history status=200 duration=1.946577ms
2026/08/18 19:10:21 INFO serve: request method=GET path=/mod/status status=200 duration=6.865615ms
2026/08/18 19:10:22 INFO serve: request method=GET path=/mod/budget status=200 duration=198.231µs
2026/08/18 19:10:22 INFO serve: request method=GET path=/mod/live/history status=200 duration=2.112807ms
2026/08/18 19:10:22 INFO serve: request method=GET path=/mod/status status=200 duration=11.242962ms
2026/08/18 19:10:23 INFO serve: request method=GET path=/mod/budget status=200 duration=224.231µs
2026/08/18 19:10:23 INFO serve: request method=GET path=/mod/live/history status=200 duration=2.116538ms
2026/08/18 19:10:23 INFO serve: request method=GET path=/mod/status status=200 duration=6.504692ms
2026/08/18 19:10:24 INFO serve: request method=GET path=/mod/live/history status=200 duration=1.799192ms
2026/08/18 19:10:24 INFO serve: request method=GET path=/mod/budget status=200 duration=329.807µs
2026/08/18 19:10:24 INFO serve: request method=GET path=/mod/status status=200 duration=8.423423ms
2026/08/18 19:10:24 INFO serve: request method=POST path=/mod/app/task/start status=202 duration=13.61ms
2026/08/18 19:10:25 INFO serve: request method=GET path=/mod/live/history status=200 duration=1.322154ms
2026/08/18 19:10:25 INFO serve: request method=GET path=/mod/budget status=200 duration=262.115µs
2026/08/18 19:10:25 INFO serve: request method=GET path=/mod/live/history status=200 duration=2.014654ms
2026/08/18 19:10:25 INFO serve: request method=GET path=/mod/status status=200 duration=7.945616ms
2026/08/18 19:10:27 INFO serve: request method=GET path=/mod/live/history status=200 duration=1.950693ms
2026/08/18 19:10:27 INFO serve: request method=GET path=/mod/budget status=200 duration=271.731µs
2026/08/18 19:10:27 INFO serve: request method=GET path=/mod/status status=200 duration=8.188269ms
2026/08/18 19:10:28 INFO serve: request method=GET path=/mod/budget status=200 duration=144.923µs
2026/08/18 19:10:28 INFO serve: request method=GET path=/mod/live/history status=200 duration=1.987077ms
2026/08/18 19:10:28 INFO serve: request method=GET path=/mod/status status=200 duration=8.768731ms
2026/08/18 19:10:29 INFO serve: request method=GET path=/mod/budget status=200 duration=199.731µs
2026/08/18 19:10:29 INFO serve: request method=GET path=/mod/live/history status=200 duration=2.297269ms
2026/08/18 19:10:29 INFO serve: request method=GET path=/mod/status status=200 duration=9.699423ms
2026/08/18 19:10:51 INFO serve: request method=GET path=/mod/budget status=200 duration=183.5µs
2026/08/18 19:10:51 INFO serve: request method=GET path=/mod/live/history status=200 duration=10.222769ms
2026/08/18 19:10:51 INFO serve: request method=GET path=/mod/status status=200 duration=24.139539ms
2026/08/18 19:10:52 INFO serve: request method=GET path=/mod/budget status=200 duration=486.961µs
2026/08/18 19:10:52 INFO serve: request method=GET path=/mod/live/history status=200 duration=3.100231ms
2026/08/18 19:10:52 INFO serve: request method=GET path=/mod/status status=200 duration=8.623192ms
2026/08/18 19:10:54 INFO serve: request method=GET path=/mod/budget status=200 duration=281.885µs
2026/08/18 19:10:54 INFO serve: request method=GET path=/mod/live/history status=200 duration=3.022231ms
2026/08/18 19:10:54 INFO serve: request method=GET path=/mod/status status=200 duration=4.89877ms
2026/08/18 19:10:54 INFO serve: request method=POST path=/mod/app/task/start status=202 duration=16.283385ms
2026/08/18 19:10:55 INFO serve: request method=GET path=/mod/live/history status=200 duration=1.965193ms
2026/08/18 19:10:55 INFO serve: request method=GET path=/mod/budget status=200 duration=2.606ms
2026/08/18 19:10:55 INFO serve: request method=GET path=/mod/live/history status=200 duration=6.411885ms
2026/08/18 19:10:55 INFO serve: request method=GET path=/mod/status status=200 duration=10.305692ms
2026/08/18 19:10:56 INFO serve: request method=GET path=/mod/live/history status=200 duration=2.4845ms
2026/08/18 19:10:56 INFO serve: request method=GET path=/mod/budget status=200 duration=267.423µs
2026/08/18 19:10:56 INFO serve: request method=GET path=/mod/status status=200 duration=7.292923ms
2026/08/18 19:10:57 INFO serve: request method=GET path=/mod/live/history status=200 duration=4.752115ms
2026/08/18 19:10:57 INFO serve: request method=GET path=/mod/budget status=200 duration=357.23µs
2026/08/18 19:10:57 INFO serve: request method=GET path=/mod/status status=200 duration=7.684961ms
2026/08/18 19:10:58 INFO serve: request method=GET path=/mod/budget status=200 duration=421.576µs
2026/08/18 19:10:58 INFO serve: request method=GET path=/mod/live/history status=200 duration=3.188116ms
2026/08/18 19:10:58 INFO serve: request method=GET path=/mod/status status=200 duration=10.235692ms
2026/08/18 19:10:59 INFO serve: request method=GET path=/mod/budget status=200 duration=218.923µs
2026/08/18 19:11:00 INFO serve: request method=GET path=/mod/live/history status=200 duration=2.9825ms
2026/08/18 19:11:00 INFO serve: request method=GET path=/mod/status status=200 duration=16.260616ms
2026/08/18 19:11:01 INFO serve: request method=GET path=/mod/budget status=200 duration=214.231µs
2026/08/18 19:11:01 INFO serve: request method=GET path=/mod/live/history status=200 duration=3.156ms
2026/08/18 19:11:01 INFO serve: request method=GET path=/mod/status status=200 duration=14.070616ms
2026/08/18 19:11:02 INFO serve: request method=GET path=/mod/live/history status=200 duration=2.981731ms
2026/08/18 19:11:02 INFO serve: request method=GET path=/mod/budget status=200 duration=362.615µs
2026/08/18 19:11:02 INFO serve: request method=GET path=/mod/status status=200 duration=9.3295ms
2026/08/18 19:11:03 INFO serve: request method=GET path=/mod/budget status=200 duration=225.231µs
2026/08/18 19:11:03 INFO serve: request method=GET path=/mod/live/history status=200 duration=2.775846ms
2026/08/18 19:11:03 INFO serve: request method=GET path=/mod/status status=200 duration=5.083884ms
2026/08/18 19:11:04 INFO serve: request method=GET path=/mod/budget status=200 duration=311.577µs
2026/08/18 19:11:04 INFO serve: request method=GET path=/mod/live/history status=200 duration=2.854807ms
2026/08/18 19:11:04 INFO serve: request method=GET path=/mod/status status=200 duration=9.109846ms
2026/08/18 19:11:06 INFO serve: request method=GET path=/mod/budget status=200 duration=430.115µs
2026/08/18 19:11:06 INFO serve: request method=GET path=/mod/live/history status=200 duration=3.094ms
2026/08/18 19:11:06 INFO serve: request method=GET path=/mod/status status=200 duration=11.376731ms
2026/08/18 19:11:07 INFO serve: request method=GET path=/mod/live/history status=200 duration=3.54873ms
2026/08/18 19:11:07 INFO serve: request method=GET path=/mod/budget status=200 duration=269.192µs
2026/08/18 19:11:07 INFO serve: request method=GET path=/mod/status status=200 duration=11.063384ms
2026/08/18 19:11:08 INFO serve: request method=GET path=/mod/live/history status=200 duration=3.296539ms
2026/08/18 19:11:08 INFO serve: request method=GET path=/mod/budget status=200 duration=231.307µs
2026/08/18 19:11:08 INFO serve: request method=GET path=/mod/status status=200 duration=7.598962ms
2026/08/18 19:11:09 INFO serve: request method=GET path=/mod/budget status=200 duration=202.885µs
2026/08/18 19:11:09 INFO serve: request method=GET path=/mod/live/history status=200 duration=3.474884ms
2026/08/18 19:11:09 INFO serve: request method=GET path=/mod/status status=200 duration=7.308307ms
2026/08/18 19:11:10 INFO serve: request method=GET path=/mod/live/history status=200 duration=2.923423ms
2026/08/18 19:11:10 INFO serve: request method=GET path=/mod/budget status=200 duration=238.385µs
2026/08/18 19:11:10 INFO serve: request method=GET path=/mod/status status=200 duration=9.249808ms
2026/08/18 19:11:11 INFO serve: request method=GET path=/mod/budget status=200 duration=229.193µs
2026/08/18 19:11:11 INFO serve: request method=GET path=/mod/live/history status=200 duration=2.696076ms
2026/08/18 19:11:12 INFO serve: request method=GET path=/mod/status status=200 duration=7.425923ms
2026/08/18 19:11:13 INFO serve: request method=GET path=/mod/budget status=200 duration=210.347µs
2026/08/18 19:11:13 INFO serve: request method=GET path=/mod/live/history status=200 duration=2.802384ms
2026/08/18 19:11:13 INFO serve: request method=GET path=/mod/status status=200 duration=6.811731ms
2026/08/18 19:11:14 INFO serve: request method=GET path=/mod/budget status=200 duration=308µs
2026/08/18 19:11:14 INFO serve: request method=GET path=/mod/live/history status=200 duration=3.224654ms
2026/08/18 19:11:14 INFO serve: request method=GET path=/mod/status status=200 duration=8.308423ms
2026/08/18 19:11:15 INFO serve: request method=GET path=/mod/budget status=200 duration=155µs
2026/08/18 19:11:15 INFO serve: request method=GET path=/mod/live/history status=200 duration=3.001769ms
2026/08/18 19:11:15 INFO serve: request method=GET path=/mod/status status=200 duration=7.889807ms
2026/08/18 19:11:16 INFO serve: request method=GET path=/mod/budget status=200 duration=220.193µs
2026/08/18 19:11:16 INFO serve: request method=GET path=/mod/live/history status=200 duration=2.846ms
2026/08/18 19:11:16 INFO serve: request method=GET path=/mod/status status=200 duration=7.318231ms
2026/08/18 19:11:17 INFO serve: request method=GET path=/mod/budget status=200 duration=153.77µs
2026/08/18 19:11:17 INFO serve: request method=GET path=/mod/live/history status=200 duration=2.360961ms
2026/08/18 19:11:18 INFO serve: request method=GET path=/mod/status status=200 duration=7.874885ms
2026/08/18 19:11:19 INFO serve: request method=GET path=/mod/budget status=200 duration=238.654µs
2026/08/18 19:11:19 INFO serve: request method=GET path=/mod/live/history status=200 duration=2.593076ms
2026/08/18 19:11:19 INFO serve: request method=GET path=/mod/status status=200 duration=9.127731ms
2026/08/18 19:11:20 INFO serve: request method=GET path=/mod/budget status=200 duration=301.846µs
2026/08/18 19:11:20 INFO serve: request method=GET path=/mod/live/history status=200 duration=3.248423ms
2026/08/18 19:11:20 INFO serve: request method=GET path=/mod/status status=200 duration=13.051538ms
2026/08/18 19:11:21 INFO serve: request method=GET path=/mod/budget status=200 duration=161.038µs
2026/08/18 19:11:21 INFO serve: request method=GET path=/mod/live/history status=200 duration=3.396346ms
2026/08/18 19:11:21 INFO serve: request method=GET path=/mod/status status=200 duration=8.998577ms
2026/08/18 19:11:22 INFO serve: request method=GET path=/mod/budget status=200 duration=143.962µs
2026/08/18 19:11:22 INFO serve: request method=GET path=/mod/live/history status=200 duration=2.875308ms
2026/08/18 19:11:22 INFO serve: request method=GET path=/mod/status status=200 duration=9.444115ms
2026/08/18 19:11:23 INFO serve: request method=GET path=/mod/budget status=200 duration=196.616µs
2026/08/18 19:11:23 INFO serve: request method=GET path=/mod/live/history status=200 duration=2.677846ms
2026/08/18 19:11:24 INFO serve: request method=GET path=/mod/status status=200 duration=8.718769ms
2026/08/18 19:11:25 INFO serve: request method=GET path=/mod/live/history status=200 duration=3.066462ms
2026/08/18 19:11:25 INFO serve: request method=GET path=/mod/budget status=200 duration=213.193µs
2026/08/18 19:11:25 INFO serve: request method=GET path=/mod/status status=200 duration=6.144539ms
2026/08/18 19:11:26 INFO serve: request method=GET path=/mod/budget status=200 duration=167.423µs
2026/08/18 19:11:26 INFO serve: request method=GET path=/mod/live/history status=200 duration=3.688231ms
2026/08/18 19:11:26 INFO serve: request method=GET path=/mod/status status=200 duration=9.560692ms
2026/08/18 19:11:27 INFO serve: request method=GET path=/mod/live/history status=200 duration=3.837ms
2026/08/18 19:11:27 INFO serve: request method=GET path=/mod/budget status=200 duration=314.039µs
2026/08/18 19:11:27 INFO serve: request method=GET path=/mod/status status=200 duration=8.205808ms
2026/08/18 19:11:28 INFO serve: request method=GET path=/mod/budget status=200 duration=181.923µs
2026/08/18 19:11:28 INFO serve: request method=GET path=/mod/live/history status=200 duration=3.007269ms
2026/08/18 19:11:28 INFO serve: request method=GET path=/mod/status status=200 duration=8.152231ms
2026/08/18 19:11:29 INFO serve: request method=GET path=/mod/budget status=200 duration=407.577µs
2026/08/18 19:11:29 INFO serve: request method=GET path=/mod/live/history status=200 duration=2.850154ms
2026/08/18 19:11:30 INFO serve: request method=GET path=/mod/status status=200 duration=13.226154ms
2026/08/18 19:11:31 INFO serve: request method=GET path=/mod/budget status=200 duration=165.693µs
2026/08/18 19:11:31 INFO serve: request method=GET path=/mod/live/history status=200 duration=3.155846ms
2026/08/18 19:11:31 INFO serve: request method=GET path=/mod/status status=200 duration=9.304692ms
2026/08/18 19:11:31 INFO serve: request method=GET path=/mod/live/history status=200 duration=5.917539ms
2026/08/18 19:11:32 INFO serve: request method=GET path=/mod/budget status=200 duration=211.769µs
2026/08/18 19:11:32 INFO serve: request method=GET path=/mod/live/history status=200 duration=2.75723ms
2026/08/18 19:11:32 INFO serve: request method=GET path=/mod/status status=200 duration=9.054692ms
2026/08/18 19:11:33 INFO serve: request method=GET path=/mod/budget status=200 duration=218.461µs
2026/08/18 19:11:33 INFO serve: request method=GET path=/mod/live/history status=200 duration=3.383231ms
2026/08/18 19:11:33 INFO serve: request method=GET path=/mod/status status=200 duration=7.451231ms
2026/08/18 19:11:34 INFO serve: request method=GET path=/mod/budget status=200 duration=194.039µs
2026/08/18 19:11:34 INFO serve: request method=GET path=/mod/live/history status=200 duration=2.351962ms
2026/08/18 19:11:34 INFO serve: request method=GET path=/mod/status status=200 duration=6.979577ms
2026/08/18 19:11:35 INFO serve: request method=GET path=/mod/budget status=200 duration=156.961µs
2026/08/18 19:11:35 INFO serve: request method=GET path=/mod/live/history status=200 duration=2.887693ms
2026/08/18 19:11:36 INFO serve: request method=GET path=/mod/status status=200 duration=8.010462ms
2026/08/18 19:11:37 INFO serve: request method=GET path=/mod/budget status=200 duration=198.961µs
2026/08/18 19:11:37 INFO serve: request method=GET path=/mod/live/history status=200 duration=3.133462ms
2026/08/18 19:11:37 INFO serve: request method=GET path=/mod/status status=200 duration=6.73677ms
2026/08/18 19:11:38 INFO serve: request method=GET path=/mod/budget status=200 duration=178.269µs
2026/08/18 19:11:38 INFO serve: request method=GET path=/mod/live/history status=200 duration=3.974076ms
2026/08/18 19:11:38 INFO serve: request method=GET path=/mod/status status=200 duration=8.272115ms
2026/08/18 19:11:39 INFO serve: request method=GET path=/mod/budget status=200 duration=225.385µs
2026/08/18 19:11:39 INFO serve: request method=GET path=/mod/live/history status=200 duration=3.928231ms
2026/08/18 19:11:39 INFO serve: request method=GET path=/mod/status status=200 duration=11.095269ms
2026/08/18 19:11:40 INFO serve: request method=GET path=/mod/budget status=200 duration=335.5µs
2026/08/18 19:11:40 INFO serve: request method=GET path=/mod/live/history status=200 duration=4.576ms
2026/08/18 19:11:40 INFO serve: request method=GET path=/mod/status status=200 duration=9.926231ms
2026/08/18 19:11:41 INFO serve: request method=GET path=/mod/budget status=200 duration=431.269µs
2026/08/18 19:11:42 INFO serve: request method=GET path=/mod/live/history status=200 duration=3.6625ms
2026/08/18 19:11:42 INFO serve: request method=GET path=/mod/status status=200 duration=8.987192ms
2026/08/18 19:11:43 INFO serve: request method=GET path=/mod/budget status=200 duration=143.231µs
2026/08/18 19:11:43 INFO serve: request method=GET path=/mod/live/history status=200 duration=3.005154ms
2026/08/18 19:11:43 INFO serve: request method=GET path=/mod/status status=200 duration=14.631462ms
2026/08/18 19:11:44 INFO serve: request method=GET path=/mod/budget status=200 duration=147.385µs
2026/08/18 19:11:44 INFO serve: request method=GET path=/mod/live/history status=200 duration=2.761577ms
2026/08/18 19:11:44 INFO serve: request method=GET path=/mod/status status=200 duration=7.422077ms
2026/08/18 19:11:45 INFO serve: request method=GET path=/mod/budget status=200 duration=314.462µs
2026/08/18 19:11:45 INFO serve: request method=GET path=/mod/live/history status=200 duration=2.815308ms
2026/08/18 19:11:45 INFO serve: request method=GET path=/mod/status status=200 duration=7.182038ms
2026/08/18 19:11:46 INFO serve: request method=GET path=/mod/budget status=200 duration=201.846µs
2026/08/18 19:11:46 INFO serve: request method=GET path=/mod/live/history status=200 duration=3.032038ms
2026/08/18 19:11:46 INFO serve: request method=GET path=/mod/status status=200 duration=7.390538ms
2026/08/18 19:11:46 INFO serve: request method=POST path=/mod/app/task/start status=202 duration=15.249847ms
2026/08/18 19:11:47 INFO serve: request method=GET path=/mod/live/history status=200 duration=2.750462ms
2026/08/18 19:11:47 INFO serve: request method=GET path=/mod/budget status=200 duration=212.808µs
2026/08/18 19:11:47 INFO serve: request method=GET path=/mod/live/history status=200 duration=2.468654ms
2026/08/18 19:11:48 INFO serve: request method=GET path=/mod/status status=200 duration=8.710154ms
2026/08/18 19:11:49 INFO serve: request method=GET path=/mod/live/history status=200 duration=2.870154ms
2026/08/18 19:11:49 INFO serve: request method=GET path=/mod/budget status=200 duration=234.384µs
2026/08/18 19:11:49 INFO serve: request method=GET path=/mod/status status=200 duration=8.416807ms
2026/08/18 19:11:50 INFO serve: request method=GET path=/mod/budget status=200 duration=222.961µs
2026/08/18 19:11:50 INFO serve: request method=GET path=/mod/live/history status=200 duration=5.493038ms
2026/08/18 19:11:50 INFO serve: request method=GET path=/mod/status status=200 duration=15.0005ms
2026/08/18 19:11:51 INFO serve: request method=GET path=/mod/budget status=200 duration=215µs
2026/08/18 19:11:51 INFO serve: request method=GET path=/mod/live/history status=200 duration=2.979154ms
2026/08/18 19:11:51 INFO serve: request method=GET path=/mod/status status=200 duration=11.159346ms
2026/08/18 19:11:52 INFO serve: request method=GET path=/mod/budget status=200 duration=225.192µs
2026/08/18 19:11:52 INFO serve: request method=GET path=/mod/live/history status=200 duration=4.523884ms
2026/08/18 19:11:52 INFO serve: request method=GET path=/mod/status status=200 duration=7.367846ms
2026/08/18 19:11:53 INFO serve: request method=GET path=/mod/budget status=200 duration=457.5µs
2026/08/18 19:11:53 INFO serve: request method=GET path=/mod/live/history status=200 duration=5.505154ms
2026/08/18 19:11:54 INFO serve: request method=GET path=/mod/status status=200 duration=8.847808ms
2026/08/18 19:11:55 INFO serve: request method=GET path=/mod/budget status=200 duration=179.692µs
2026/08/18 19:11:55 INFO serve: request method=GET path=/mod/live/history status=200 duration=3.759346ms
2026/08/18 19:11:55 INFO serve: request method=GET path=/mod/status status=200 duration=7.917577ms
2026/08/18 19:11:56 INFO serve: request method=GET path=/mod/budget status=200 duration=243.231µs
2026/08/18 19:11:56 INFO serve: request method=GET path=/mod/live/history status=200 duration=3.273846ms
2026/08/18 19:11:56 INFO serve: request method=GET path=/mod/status status=200 duration=8.400385ms
2026/08/18 19:11:57 INFO serve: request method=GET path=/mod/budget status=200 duration=220.423µs
2026/08/18 19:11:57 INFO serve: request method=GET path=/mod/live/history status=200 duration=3.578885ms
2026/08/18 19:11:57 INFO serve: request method=GET path=/mod/status status=200 duration=8.930423ms
2026/08/18 19:11:58 INFO serve: request method=GET path=/mod/live/history status=200 duration=14.196346ms
2026/08/18 19:11:58 INFO serve: request method=GET path=/mod/budget status=200 duration=164.846µs
2026/08/18 19:11:58 INFO serve: request method=GET path=/mod/status status=200 duration=24.806116ms
2026/08/18 19:11:59 INFO serve: request method=GET path=/mod/budget status=200 duration=168.731µs
2026/08/18 19:11:59 INFO serve: request method=GET path=/mod/live/history status=200 duration=3.304346ms
2026/08/18 19:11:59 INFO serve: request method=GET path=/mod/status status=200 duration=8.1395ms
2026/08/18 19:12:01 INFO serve: request method=GET path=/mod/budget status=200 duration=146.154µs
2026/08/18 19:12:01 INFO serve: request method=GET path=/mod/live/history status=200 duration=2.999769ms
2026/08/18 19:12:01 INFO serve: request method=GET path=/mod/status status=200 duration=8.133653ms
2026/08/18 19:12:02 INFO serve: request method=GET path=/mod/budget status=200 duration=868.962µs
2026/08/18 19:12:02 INFO serve: request method=GET path=/mod/live/history status=200 duration=3.508115ms
2026/08/18 19:12:02 INFO serve: request method=GET path=/mod/status status=200 duration=11.222269ms
2026/08/18 19:12:03 INFO serve: request method=GET path=/mod/budget status=200 duration=166.462µs
2026/08/18 19:12:03 INFO serve: request method=GET path=/mod/live/history status=200 duration=2.859769ms
2026/08/18 19:12:03 INFO serve: request method=GET path=/mod/status status=200 duration=6.421077ms
2026/08/18 19:13:14 INFO serve: request method=GET path=/mod/budget status=200 duration=216.923µs
2026/08/18 19:13:14 INFO serve: request method=GET path=/mod/live/history status=200 duration=16.814961ms
2026/08/18 19:13:14 INFO serve: request method=GET path=/mod/status status=200 duration=19.543077ms
2026/08/18 19:13:15 INFO serve: request method=GET path=/mod/budget status=200 duration=232.961µs
2026/08/18 19:13:15 INFO serve: request method=GET path=/mod/live/history status=200 duration=4.578538ms
2026/08/18 19:13:15 INFO serve: request method=GET path=/mod/status status=200 duration=8.581077ms
2026/08/18 19:13:16 INFO serve: request method=GET path=/mod/budget status=200 duration=283.769µs
2026/08/18 19:13:16 INFO serve: request method=GET path=/mod/live/history status=200 duration=6.982385ms
2026/08/18 19:13:16 INFO serve: request method=GET path=/mod/status status=200 duration=9.169539ms
2026/08/18 19:13:17 INFO serve: request method=GET path=/mod/budget status=200 duration=399.769µs
2026/08/18 19:13:17 INFO serve: request method=GET path=/mod/live/history status=200 duration=7.616923ms
2026/08/18 19:13:17 INFO serve: request method=GET path=/mod/status status=200 duration=7.810923ms
2026/08/18 19:13:19 INFO serve: request method=GET path=/mod/live/history status=200 duration=2.860307ms
2026/08/18 19:13:19 INFO serve: request method=GET path=/mod/budget status=200 duration=128.846µs
2026/08/18 19:13:19 INFO serve: request method=GET path=/mod/status status=200 duration=10.03127ms
2026/08/18 19:13:20 INFO serve: request method=GET path=/mod/budget status=200 duration=190.461µs
2026/08/18 19:13:20 INFO serve: request method=GET path=/mod/live/history status=200 duration=4.813846ms
2026/08/18 19:13:20 INFO serve: request method=GET path=/mod/status status=200 duration=8.630923ms
2026/08/18 19:13:21 INFO serve: request method=GET path=/mod/budget status=200 duration=185.307µs
2026/08/18 19:13:21 INFO serve: request method=GET path=/mod/live/history status=200 duration=5.271846ms
2026/08/18 19:13:21 INFO serve: request method=GET path=/mod/status status=200 duration=8.361231ms
2026/08/18 19:13:22 INFO serve: request method=GET path=/mod/budget status=200 duration=365.616µs
2026/08/18 19:13:22 INFO serve: request method=GET path=/mod/live/history status=200 duration=5.474923ms
2026/08/18 19:13:22 INFO serve: request method=GET path=/mod/status status=200 duration=12.278077ms
2026/08/18 19:13:23 INFO serve: request method=GET path=/mod/budget status=200 duration=161.885µs
2026/08/18 19:13:23 INFO serve: request method=GET path=/mod/live/history status=200 duration=5.983346ms
2026/08/18 19:13:23 INFO serve: request method=GET path=/mod/status status=200 duration=8.174538ms
2026/08/18 19:13:25 INFO serve: request method=GET path=/mod/budget status=200 duration=135.538µs
2026/08/18 19:13:25 INFO serve: request method=GET path=/mod/live/history status=200 duration=4.308154ms
2026/08/18 19:13:25 INFO serve: request method=GET path=/mod/status status=200 duration=10.046654ms
2026/08/18 19:13:28 INFO serve: request method=GET path=/mod/budget status=200 duration=135.385µs
2026/08/18 19:13:28 INFO serve: request method=GET path=/mod/live/history status=200 duration=10.575615ms
2026/08/18 19:13:28 INFO serve: request method=GET path=/mod/status status=200 duration=35.195346ms
2026/08/18 19:13:29 INFO serve: request method=GET path=/mod/budget status=200 duration=1.108346ms
2026/08/18 19:13:29 INFO serve: request method=GET path=/mod/live/history status=200 duration=6.790077ms
2026/08/18 19:13:29 INFO serve: request method=GET path=/mod/status status=200 duration=14.549962ms
2026/08/18 19:13:30 INFO serve: request method=GET path=/mod/budget status=200 duration=179.961µs
2026/08/18 19:13:30 INFO serve: request method=GET path=/mod/live/history status=200 duration=6.006039ms
2026/08/18 19:13:30 INFO serve: request method=GET path=/mod/status status=200 duration=13.721769ms
2026/08/18 19:13:43 INFO serve: request method=GET path=/mod/budget status=200 duration=152.192µs
2026/08/18 19:13:43 INFO serve: request method=GET path=/mod/live/history status=200 duration=9.776846ms
2026/08/18 19:13:43 INFO serve: request method=GET path=/mod/status status=200 duration=52.577038ms
2026/08/18 19:13:44 INFO serve: request method=GET path=/mod/budget status=200 duration=236.731µs
2026/08/18 19:13:44 INFO serve: request method=GET path=/mod/live/history status=200 duration=7.054884ms
2026/08/18 19:13:44 INFO serve: request method=GET path=/mod/status status=200 duration=11.518038ms
2026/08/18 19:13:45 INFO serve: request method=GET path=/mod/budget status=200 duration=578.154µs
2026/08/18 19:13:45 INFO serve: request method=GET path=/mod/live/history status=200 duration=4.886269ms
2026/08/18 19:13:45 INFO serve: request method=GET path=/mod/status status=200 duration=75.018846ms
2026/08/18 19:13:46 INFO serve: request method=GET path=/mod/live/history status=200 duration=7.910654ms
2026/08/18 19:13:46 INFO serve: request method=GET path=/mod/budget status=200 duration=203.961µs
2026/08/18 19:13:46 INFO serve: request method=GET path=/mod/status status=200 duration=13.584269ms
2026/08/18 19:13:47 INFO serve: request method=GET path=/mod/budget status=200 duration=351.539µs
2026/08/18 19:13:47 INFO serve: request method=GET path=/mod/status status=200 duration=12.288884ms
2026/08/18 19:13:47 INFO serve: request method=GET path=/mod/live/history status=200 duration=5.041923ms
2026/08/18 19:13:50 INFO serve: request method=GET path=/mod/budget status=200 duration=153.154µs
2026/08/18 19:13:50 INFO serve: request method=GET path=/mod/live/history status=200 duration=7.2605ms
2026/08/18 19:13:50 INFO serve: request method=GET path=/mod/status status=200 duration=29.389846ms
2026/08/18 19:13:51 INFO serve: request method=GET path=/mod/budget status=200 duration=160.962µs
2026/08/18 19:13:51 INFO serve: request method=GET path=/mod/live/history status=200 duration=3.595308ms
2026/08/18 19:13:51 INFO serve: request method=GET path=/mod/status status=200 duration=11.654077ms
2026/08/18 19:15:45 INFO serve: request method=GET path=/mod/budget status=200 duration=477.346µs
2026/08/18 19:15:45 INFO serve: request method=GET path=/mod/live/history status=200 duration=9.850231ms
2026/08/18 19:15:45 INFO serve: request method=GET path=/mod/status status=200 duration=11.852615ms
2026/08/18 19:15:47 INFO serve: request method=GET path=/mod/budget status=200 duration=307.269µs
2026/08/18 19:15:47 INFO serve: request method=GET path=/mod/live/history status=200 duration=5.075077ms
2026/08/18 19:15:47 INFO serve: request method=GET path=/mod/status status=200 duration=6.862808ms
2026/08/18 19:15:48 INFO serve: request method=GET path=/mod/budget status=200 duration=205.615µs
2026/08/18 19:15:48 INFO serve: request method=GET path=/mod/status status=200 duration=6.239693ms
2026/08/18 19:15:48 INFO serve: request method=GET path=/mod/live/history status=200 duration=9.848307ms
2026/08/18 19:15:49 INFO serve: request method=GET path=/mod/budget status=200 duration=214µs
2026/08/18 19:15:49 INFO serve: request method=GET path=/mod/live/history status=200 duration=5.4885ms
2026/08/18 19:15:49 INFO serve: request method=GET path=/mod/status status=200 duration=10.531846ms
2026/08/18 19:15:50 INFO serve: request method=GET path=/mod/budget status=200 duration=372.461µs
2026/08/18 19:15:50 INFO serve: request method=GET path=/mod/live/history status=200 duration=6.135424ms
2026/08/18 19:15:50 INFO serve: request method=GET path=/mod/status status=200 duration=8.609653ms
2026/08/18 19:15:51 INFO serve: request method=GET path=/mod/budget status=200 duration=217.269µs
2026/08/18 19:15:51 INFO serve: request method=GET path=/mod/status status=200 duration=5.074038ms
2026/08/18 19:15:51 INFO serve: request method=GET path=/mod/live/history status=200 duration=6.181731ms
2026/08/18 19:15:53 INFO serve: request method=GET path=/mod/budget status=200 duration=286.808µs
2026/08/18 19:15:53 INFO serve: request method=GET path=/mod/live/history status=200 duration=4.615154ms
2026/08/18 19:15:53 INFO serve: request method=GET path=/mod/status status=200 duration=8.492ms
2026/08/18 19:15:54 INFO serve: request method=GET path=/mod/budget status=200 duration=186.923µs
2026/08/18 19:15:54 INFO serve: request method=GET path=/mod/live/history status=200 duration=8.7075ms
2026/08/18 19:15:54 INFO serve: request method=GET path=/mod/status status=200 duration=10.027076ms
2026/08/18 19:15:55 INFO serve: request method=GET path=/mod/live/history status=200 duration=5.34877ms
2026/08/18 19:15:55 INFO serve: request method=GET path=/mod/budget status=200 duration=199µs
2026/08/18 19:15:55 INFO serve: request method=GET path=/mod/status status=200 duration=8.105077ms
2026/08/18 19:15:56 INFO serve: request method=GET path=/mod/budget status=200 duration=183.731µs
2026/08/18 19:15:56 INFO serve: request method=GET path=/mod/live/history status=200 duration=5.939616ms
2026/08/18 19:15:56 INFO serve: request method=GET path=/mod/status status=200 duration=8.874154ms
2026/08/18 19:15:57 INFO serve: request method=POST path=/mod/app/task/stop status=204 duration=298.923µs
2026/08/18 19:15:57 INFO serve: request method=GET path=/mod/budget status=200 duration=236.5µs
2026/08/18 19:15:57 INFO serve: request method=GET path=/mod/live/history status=200 duration=6.730961ms
2026/08/18 19:15:57 INFO serve: request method=GET path=/mod/status status=200 duration=5.775808ms
2026/08/18 19:15:59 INFO serve: request method=GET path=/mod/live/history status=200 duration=6.961269ms
2026/08/18 19:15:59 INFO serve: request method=GET path=/mod/budget status=200 duration=335.192µs
2026/08/18 19:15:59 INFO serve: request method=GET path=/mod/status status=200 duration=10.236ms
2026/08/18 19:16:00 INFO serve: request method=GET path=/mod/budget status=200 duration=135.308µs
2026/08/18 19:16:00 INFO serve: request method=GET path=/mod/live/history status=200 duration=6.660385ms
2026/08/18 19:16:00 INFO serve: request method=GET path=/mod/status status=200 duration=11.094923ms
2026/08/18 19:16:01 INFO serve: request method=GET path=/mod/budget status=200 duration=334.462µs
2026/08/18 19:16:01 INFO serve: request method=GET path=/mod/live/history status=200 duration=4.002269ms
2026/08/18 19:16:01 INFO serve: request method=GET path=/mod/status status=200 duration=8.062961ms
2026/08/18 19:16:02 INFO serve: request method=GET path=/mod/budget status=200 duration=275.962µs
2026/08/18 19:16:02 INFO serve: request method=GET path=/mod/live/history status=200 duration=6.66777ms
2026/08/18 19:16:02 INFO serve: request method=GET path=/mod/status status=200 duration=10.210154ms
2026/08/18 19:16:03 INFO serve: request method=GET path=/mod/budget status=200 duration=251.5µs
2026/08/18 19:16:03 INFO serve: request method=GET path=/mod/live/history status=200 duration=6.685231ms
2026/08/18 19:16:03 INFO serve: request method=GET path=/mod/status status=200 duration=9.913193ms
2026/08/18 19:16:05 INFO serve: request method=GET path=/mod/budget status=200 duration=199.039µs
2026/08/18 19:16:05 INFO serve: request method=GET path=/mod/live/history status=200 duration=6.498346ms
2026/08/18 19:16:05 INFO serve: request method=GET path=/mod/status status=200 duration=8.022461ms
2026/08/18 19:16:06 INFO serve: request method=GET path=/mod/budget status=200 duration=219.808µs
2026/08/18 19:16:06 INFO serve: request method=GET path=/mod/live/history status=200 duration=6.840654ms
2026/08/18 19:16:06 INFO serve: request method=GET path=/mod/status status=200 duration=11.159385ms
2026/08/18 19:16:07 INFO serve: request method=GET path=/mod/budget status=200 duration=215.654µs
2026/08/18 19:16:07 INFO serve: request method=GET path=/mod/live/history status=200 duration=4.880769ms
2026/08/18 19:16:07 INFO serve: request method=GET path=/mod/status status=200 duration=8.3965ms
2026/08/18 19:16:08 INFO serve: request method=GET path=/mod/budget status=200 duration=245.577µs
2026/08/18 19:16:08 INFO serve: request method=GET path=/mod/live/history status=200 duration=5.432616ms
2026/08/18 19:16:08 INFO serve: request method=GET path=/mod/status status=200 duration=6.541654ms
2026/08/18 19:16:08 INFO serve: request method=POST path=/mod/app/task/start status=202 duration=12.528577ms
2026/08/18 19:16:09 INFO serve: request method=GET path=/mod/live/history status=200 duration=5.369884ms
2026/08/18 19:16:09 INFO serve: request method=GET path=/mod/budget status=200 duration=494.923µs
2026/08/18 19:16:09 INFO serve: request method=GET path=/mod/live/history status=200 duration=6.781808ms
2026/08/18 19:16:09 INFO serve: request method=GET path=/mod/status status=200 duration=9.5735ms
2026/08/18 19:16:11 INFO serve: request method=GET path=/mod/budget status=200 duration=200.038µs
2026/08/18 19:16:11 INFO serve: request method=GET path=/mod/live/history status=200 duration=4.630808ms
2026/08/18 19:16:11 INFO serve: request method=GET path=/mod/status status=200 duration=6.539192ms
2026/08/18 19:16:12 INFO serve: request method=GET path=/mod/budget status=200 duration=329.116µs
2026/08/18 19:16:12 INFO serve: request method=GET path=/mod/live/history status=200 duration=8.035884ms
2026/08/18 19:16:12 INFO serve: request method=GET path=/mod/status status=200 duration=9.585577ms
2026/08/18 19:16:13 INFO serve: request method=GET path=/mod/budget status=200 duration=185.538µs
2026/08/18 19:16:13 INFO serve: request method=GET path=/mod/live/history status=200 duration=9.441462ms
2026/08/18 19:16:13 INFO serve: request method=GET path=/mod/status status=200 duration=13.576ms
2026/08/18 19:16:15 INFO serve: request method=GET path=/mod/live/history status=200 duration=6.366461ms
2026/08/18 19:16:15 INFO serve: request method=GET path=/mod/budget status=200 duration=329.193µs
2026/08/18 19:16:16 INFO serve: request method=GET path=/mod/status status=200 duration=15.612384ms
2026/08/18 19:16:16 INFO serve: request method=GET path=/mod/budget status=200 duration=381µs
2026/08/18 19:16:16 INFO serve: request method=GET path=/mod/live/history status=200 duration=6.424423ms
2026/08/18 19:16:16 INFO serve: request method=GET path=/mod/status status=200 duration=6.999154ms
2026/08/18 19:16:18 INFO serve: request method=GET path=/mod/budget status=200 duration=846.923µs
2026/08/18 19:16:18 INFO serve: request method=GET path=/mod/live/history status=200 duration=11.842153ms
2026/08/18 19:16:18 INFO serve: request method=GET path=/mod/status status=200 duration=12.261962ms
2026/08/18 19:16:19 INFO serve: request method=GET path=/mod/budget status=200 duration=224.654µs
2026/08/18 19:16:19 INFO serve: request method=GET path=/mod/live/history status=200 duration=8.032461ms
2026/08/18 19:16:19 INFO serve: request method=GET path=/mod/status status=200 duration=11.084808ms
2026/08/18 19:16:20 INFO serve: request method=GET path=/mod/budget status=200 duration=381.615µs
2026/08/18 19:16:20 INFO serve: request method=GET path=/mod/live/history status=200 duration=9.931346ms
2026/08/18 19:16:20 INFO serve: request method=GET path=/mod/status status=200 duration=16.042962ms
2026/08/18 19:16:21 INFO serve: request method=GET path=/mod/budget status=200 duration=182.962µs
2026/08/18 19:16:21 INFO serve: request method=GET path=/mod/live/history status=200 duration=8.5035ms
2026/08/18 19:16:21 INFO serve: request method=GET path=/mod/status status=200 duration=10.110346ms
2026/08/18 19:16:22 INFO serve: request method=GET path=/mod/budget status=200 duration=255µs
2026/08/18 19:16:23 INFO serve: request method=GET path=/mod/live/history status=200 duration=8.574615ms
2026/08/18 19:16:23 INFO serve: request method=GET path=/mod/status status=200 duration=11.410347ms
2026/08/18 19:16:24 INFO serve: request method=GET path=/mod/budget status=200 duration=318.693µs
2026/08/18 19:16:24 INFO serve: request method=GET path=/mod/live/history status=200 duration=10.791346ms
2026/08/18 19:16:24 INFO serve: request method=GET path=/mod/status status=200 duration=9.764424ms
2026/08/18 19:16:25 INFO serve: request method=GET path=/mod/budget status=200 duration=341.193µs
2026/08/18 19:16:25 INFO serve: request method=GET path=/mod/live/history status=200 duration=8.725269ms
2026/08/18 19:16:25 INFO serve: request method=GET path=/mod/status status=200 duration=10.683808ms
2026/08/18 19:16:26 INFO serve: request method=GET path=/mod/budget status=200 duration=269.308µs
2026/08/18 19:16:26 INFO serve: request method=GET path=/mod/live/history status=200 duration=6.126077ms
2026/08/18 19:16:26 INFO serve: request method=GET path=/mod/status status=200 duration=7.560731ms
2026/08/18 19:16:27 INFO serve: request method=GET path=/mod/budget status=200 duration=150.615µs
2026/08/18 19:16:27 INFO serve: request method=GET path=/mod/live/history status=200 duration=18.759154ms
2026/08/18 19:16:27 INFO serve: request method=GET path=/mod/status status=200 duration=10.553616ms
2026/08/18 19:16:28 INFO serve: request method=GET path=/mod/budget status=200 duration=179.692µs
2026/08/18 19:16:28 INFO serve: request method=GET path=/mod/live/history status=200 duration=8.02323ms
2026/08/18 19:16:28 INFO serve: request method=GET path=/mod/status status=200 duration=13.982923ms
2026/08/18 19:16:30 INFO serve: request method=GET path=/mod/budget status=200 duration=178.692µs
2026/08/18 19:16:30 INFO serve: request method=GET path=/mod/live/history status=200 duration=6.031577ms
2026/08/18 19:16:30 INFO serve: request method=GET path=/mod/status status=200 duration=6.543115ms
2026/08/18 19:16:31 INFO serve: request method=GET path=/mod/budget status=200 duration=137.5µs
2026/08/18 19:16:31 INFO serve: request method=GET path=/mod/live/history status=200 duration=3.18377ms
2026/08/18 19:16:31 INFO serve: request method=GET path=/mod/status status=200 duration=8.566462ms
2026/08/18 19:16:32 INFO serve: request method=GET path=/mod/budget status=200 duration=187.615µs
2026/08/18 19:16:32 INFO serve: request method=GET path=/mod/live/history status=200 duration=7.578039ms
2026/08/18 19:16:32 INFO serve: request method=GET path=/mod/status status=200 duration=7.443307ms
2026/08/18 19:16:33 INFO serve: request method=GET path=/mod/budget status=200 duration=286.616µs
2026/08/18 19:16:33 INFO serve: request method=GET path=/mod/live/history status=200 duration=7.2495ms
2026/08/18 19:16:33 INFO serve: request method=GET path=/mod/status status=200 duration=9.161ms
2026/08/18 19:16:34 INFO serve: request method=GET path=/mod/budget status=200 duration=201.5µs
2026/08/18 19:16:35 INFO serve: request method=GET path=/mod/live/history status=200 duration=7.922269ms
2026/08/18 19:16:35 INFO serve: request method=GET path=/mod/status status=200 duration=7.904308ms
2026/08/18 19:16:36 INFO serve: request method=GET path=/mod/budget status=200 duration=199.154µs
2026/08/18 19:16:36 INFO serve: request method=GET path=/mod/live/history status=200 duration=6.959192ms
2026/08/18 19:16:36 INFO serve: request method=GET path=/mod/status status=200 duration=7.572731ms
2026/08/18 19:16:37 INFO serve: request method=GET path=/mod/budget status=200 duration=286.539µs
2026/08/18 19:16:37 INFO serve: request method=GET path=/mod/live/history status=200 duration=8.059154ms
2026/08/18 19:16:37 INFO serve: request method=GET path=/mod/status status=200 duration=13.389385ms
2026/08/18 19:16:38 INFO serve: request method=GET path=/mod/budget status=200 duration=306.077µs
2026/08/18 19:16:38 INFO serve: request method=GET path=/mod/status status=200 duration=12.442116ms
2026/08/18 19:16:38 INFO serve: request method=GET path=/mod/live/history status=200 duration=16.664885ms
2026/08/18 19:16:39 INFO serve: request method=POST path=/mod/app/task/stop status=204 duration=246µs
2026/08/18 19:16:39 INFO serve: request method=GET path=/mod/budget status=200 duration=333.5µs
2026/08/18 19:16:39 INFO serve: request method=GET path=/mod/live/history status=200 duration=3.335115ms
2026/08/18 19:16:39 INFO serve: request method=GET path=/mod/status status=200 duration=6.027385ms
2026/08/18 19:16:40 INFO serve: request method=GET path=/mod/budget status=200 duration=160.461µs
2026/08/18 19:16:40 INFO serve: request method=GET path=/mod/live/history status=200 duration=4.562615ms
2026/08/18 19:16:41 INFO serve: request method=GET path=/mod/status status=200 duration=10.621346ms
2026/08/18 19:16:42 INFO serve: request method=GET path=/mod/budget status=200 duration=144.077µs
2026/08/18 19:16:42 INFO serve: request method=GET path=/mod/live/history status=200 duration=5.997962ms
2026/08/18 19:16:42 INFO serve: request method=GET path=/mod/status status=200 duration=4.949731ms
2026/08/18 19:16:43 INFO serve: request method=GET path=/mod/budget status=200 duration=341.923µs
2026/08/18 19:16:43 INFO serve: request method=GET path=/mod/live/history status=200 duration=10.9615ms
2026/08/18 19:16:43 INFO serve: request method=GET path=/mod/status status=200 duration=8.618576ms
2026/08/18 19:16:44 INFO serve: request method=GET path=/mod/budget status=200 duration=157.077µs
2026/08/18 19:16:44 INFO serve: request method=GET path=/mod/live/history status=200 duration=6.371192ms
2026/08/18 19:16:44 INFO serve: request method=GET path=/mod/status status=200 duration=6.435924ms
2026/08/19 07:27:44 INFO serve: request method=GET path=/mod/status status=200 duration=95.708692ms
2026/08/19 07:27:44 INFO serve: request method=GET path=/mod/app/contract status=200 duration=13.284ms
2026/08/19 07:27:44 INFO serve: request method=GET path=/mod/live/history status=200 duration=21.200424ms
2026/08/19 07:27:46 INFO serve: request method=GET path=/mod/live/history status=200 duration=11.107846ms
2026/08/19 07:27:47 INFO serve: request method=GET path=/mod/live/history status=200 duration=12.785154ms
2026/08/19 07:27:49 INFO serve: request method=GET path=/mod/live/history status=200 duration=11.048846ms
2026/08/19 07:27:50 INFO serve: request method=GET path=/mod/live/history status=200 duration=9.487769ms
2026/08/19 07:27:51 INFO serve: request method=GET path=/mod/live/history status=200 duration=6.552962ms
2026/08/19 07:27:53 INFO serve: request method=GET path=/mod/live/history status=200 duration=7.984385ms
2026/08/19 07:27:54 INFO serve: request method=GET path=/mod/live/history status=200 duration=7.468615ms
2026/08/19 07:27:56 INFO serve: request method=GET path=/mod/live/history status=200 duration=9.831462ms
2026/08/19 07:27:57 INFO serve: request method=GET path=/mod/status status=200 duration=16.263577ms
2026/08/19 07:27:57 INFO serve: request method=GET path=/mod/live/history status=200 duration=21.969385ms
2026/08/19 07:27:57 INFO serve: request method=GET path=/mod/app/contract status=200 duration=1.523423ms
2026/08/19 07:27:57 INFO serve: request method=GET path=/mod/live/history status=200 duration=7.439346ms
2026/08/19 07:27:58 INFO serve: request method=GET path=/mod/status status=200 duration=6.505923ms
2026/08/19 07:27:58 INFO serve: request method=GET path=/mod/app/contract status=200 duration=1.28077ms
2026/08/19 07:27:58 INFO serve: request method=GET path=/mod/live/history status=200 duration=6.929616ms
2026/08/19 07:27:59 INFO serve: request method=GET path=/mod/status status=200 duration=7.05327ms
2026/08/19 07:27:59 INFO serve: request method=GET path=/mod/app/contract status=200 duration=1.295961ms
2026/08/19 07:27:59 INFO serve: request method=GET path=/mod/live/history status=200 duration=7.435539ms
2026/08/19 07:28:00 INFO serve: request method=GET path=/mod/status status=200 duration=7.6845ms
2026/08/19 07:28:00 INFO serve: request method=GET path=/mod/app/contract status=200 duration=1.423461ms
2026/08/19 07:28:00 INFO serve: request method=GET path=/mod/live/history status=200 duration=6.403077ms
2026/08/19 07:28:01 INFO serve: request method=GET path=/mod/status status=200 duration=5.1195ms
2026/08/19 07:28:01 INFO serve: request method=GET path=/mod/app/contract status=200 duration=1.205846ms
2026/08/19 07:28:01 INFO serve: request method=GET path=/mod/live/history status=200 duration=8.366808ms
2026/08/19 07:28:02 INFO serve: request method=GET path=/mod/status status=200 duration=6.601769ms
2026/08/19 07:28:02 INFO serve: request method=GET path=/mod/app/contract status=200 duration=1.371231ms
2026/08/19 07:28:02 INFO serve: request method=GET path=/mod/live/history status=200 duration=6.460269ms
2026/08/19 07:28:03 INFO serve: request method=GET path=/mod/live/history status=200 duration=6.973154ms
2026/08/19 07:28:04 INFO serve: request method=GET path=/mod/live/history status=200 duration=8.283538ms
2026/08/19 07:28:06 INFO serve: request method=GET path=/mod/live/history status=200 duration=6.925077ms
2026/08/19 07:28:07 INFO serve: request method=GET path=/mod/live/history status=200 duration=15.262038ms
2026/08/19 07:28:07 INFO serve: request method=POST path=/mod/app/task/start status=202 duration=21.633731ms
2026/08/19 07:28:08 INFO serve: request method=GET path=/mod/live/history status=200 duration=7.183654ms
2026/08/19 07:28:09 INFO serve: request method=GET path=/mod/live/history status=200 duration=8.289808ms
2026/08/19 07:28:10 INFO serve: request method=GET path=/mod/live/history status=200 duration=8.414116ms
2026/08/19 07:28:11 INFO serve: request method=GET path=/mod/live/history status=200 duration=7.209077ms
2026/08/19 07:28:13 INFO serve: request method=GET path=/mod/live/history status=200 duration=7.654385ms
2026/08/19 07:28:14 INFO serve: request method=GET path=/mod/live/history status=200 duration=7.604769ms
2026/08/19 07:28:16 INFO serve: request method=GET path=/mod/live/history status=200 duration=9.892616ms
2026/08/19 07:28:17 INFO serve: request method=GET path=/mod/live/history status=200 duration=8.190154ms
2026/08/19 07:28:18 INFO serve: request method=GET path=/mod/live/history status=200 duration=7.336654ms
2026/08/19 07:28:20 INFO serve: request method=GET path=/mod/live/history status=200 duration=8.088154ms
2026/08/19 07:28:21 INFO serve: request method=GET path=/mod/live/history status=200 duration=7.787115ms
2026/08/19 07:28:23 INFO serve: request method=GET path=/mod/live/history status=200 duration=8.139423ms
2026/08/19 07:28:24 INFO serve: request method=GET path=/mod/live/history status=200 duration=7.851769ms
2026/08/19 07:28:25 INFO serve: request method=GET path=/mod/live/history status=200 duration=8.370654ms
2026/08/19 07:28:27 INFO serve: request method=GET path=/mod/live/history status=200 duration=8.232154ms
2026/08/19 07:28:28 INFO serve: request method=GET path=/mod/live/history status=200 duration=9.085654ms
2026/08/19 07:28:30 INFO serve: request method=GET path=/mod/live/history status=200 duration=14.612692ms
2026/08/19 07:28:31 INFO serve: request method=GET path=/mod/live/history status=200 duration=11.480885ms
2026/08/19 07:28:32 INFO serve: request method=GET path=/mod/live/history status=200 duration=6.696423ms
2026/08/19 07:28:34 INFO serve: request method=GET path=/mod/live/history status=200 duration=5.306577ms
2026/08/19 07:28:35 INFO serve: request method=GET path=/mod/live/history status=200 duration=6.640192ms
2026/08/19 07:28:37 INFO serve: request method=GET path=/mod/live/history status=200 duration=11.55273ms
2026/08/19 07:28:38 INFO serve: request method=GET path=/mod/live/history status=200 duration=5.295231ms
2026/08/19 07:28:39 INFO serve: request method=GET path=/mod/live/history status=200 duration=6.282423ms
2026/08/19 07:28:41 INFO serve: request method=GET path=/mod/live/history status=200 duration=6.647731ms
2026/08/19 07:28:42 INFO serve: request method=GET path=/mod/live/history status=200 duration=16.394385ms
2026/08/19 07:28:43 INFO serve: request method=POST path=/mod/app/task/stop status=204 duration=241.769µs
2026/08/19 07:28:44 INFO serve: request method=GET path=/mod/live/history status=200 duration=5.295ms
2026/08/19 07:28:45 INFO serve: request method=GET path=/mod/live/history status=200 duration=4.530577ms
2026/08/19 07:28:46 INFO serve: request method=GET path=/mod/live/history status=200 duration=5.504692ms
2026/08/19 07:28:48 INFO serve: request method=GET path=/mod/live/history status=200 duration=4.557577ms
2026/08/19 07:28:49 INFO serve: request method=GET path=/mod/live/history status=200 duration=14.465616ms
2026/08/19 07:28:51 INFO serve: request method=GET path=/mod/live/history status=200 duration=11.027269ms
2026/08/19 07:28:52 INFO serve: request method=GET path=/mod/live/history status=200 duration=8.893346ms
2026/08/19 07:28:53 INFO serve: request method=GET path=/mod/live/history status=200 duration=8.610038ms
2026/08/19 07:28:55 INFO serve: request method=GET path=/mod/live/history status=200 duration=8.388962ms
2026/08/19 07:28:56 INFO serve: request method=GET path=/mod/live/history status=200 duration=9.181615ms
2026/08/19 07:28:58 INFO serve: request method=GET path=/mod/live/history status=200 duration=9.687461ms
2026/08/19 07:28:59 INFO serve: request method=GET path=/mod/live/history status=200 duration=13.663193ms
2026/08/19 07:29:00 INFO serve: request method=POST path=/mod/app/task/start status=202 duration=12.655077ms
2026/08/19 07:29:00 INFO serve: request method=GET path=/mod/live/history status=200 duration=9.402384ms
2026/08/19 07:29:00 INFO serve: request method=GET path=/mod/live/history status=200 duration=6.526577ms
2026/08/19 07:29:02 INFO serve: request method=GET path=/mod/live/history status=200 duration=11.092269ms
2026/08/19 07:29:03 INFO serve: request method=GET path=/mod/live/history status=200 duration=22.700846ms
2026/08/19 07:29:05 INFO serve: request method=GET path=/mod/live/history status=200 duration=13.079038ms
2026/08/19 07:29:06 INFO serve: request method=GET path=/mod/live/history status=200 duration=10.202423ms
2026/08/19 07:29:07 INFO serve: request method=GET path=/mod/live/history status=200 duration=16.537615ms
2026/08/19 07:29:09 INFO serve: request method=GET path=/mod/live/history status=200 duration=12.598385ms
2026/08/19 07:29:10 INFO serve: request method=GET path=/mod/live/history status=200 duration=9.125576ms
2026/08/19 07:29:12 INFO serve: request method=GET path=/mod/live/history status=200 duration=13.490731ms
2026/08/19 07:29:13 INFO serve: request method=GET path=/mod/live/history status=200 duration=9.946654ms
2026/08/19 07:29:14 INFO serve: request method=GET path=/mod/live/history status=200 duration=16.298615ms
2026/08/19 07:29:16 INFO serve: request method=GET path=/mod/live/history status=200 duration=9.103423ms
2026/08/19 07:29:17 INFO serve: request method=GET path=/mod/live/history status=200 duration=8.905ms
2026/08/19 07:29:19 INFO serve: request method=GET path=/mod/live/history status=200 duration=15.953385ms
2026/08/19 07:29:20 INFO serve: request method=GET path=/mod/live/history status=200 duration=8.900577ms
2026/08/19 07:29:21 INFO serve: request method=GET path=/mod/live/history status=200 duration=9.1765ms
2026/08/19 07:29:23 INFO serve: request method=GET path=/mod/live/history status=200 duration=9.337385ms
2026/08/19 07:29:24 INFO serve: request method=GET path=/mod/live/history status=200 duration=15.344923ms
2026/08/19 07:29:26 INFO serve: request method=GET path=/mod/live/history status=200 duration=9.211731ms
2026/08/19 07:29:27 INFO serve: request method=GET path=/mod/live/history status=200 duration=14.938231ms
2026/08/19 07:29:28 INFO serve: request method=GET path=/mod/live/history status=200 duration=16.466308ms
2026/08/19 07:29:30 INFO serve: request method=GET path=/mod/live/history status=200 duration=11.349423ms
2026/08/19 07:29:31 INFO serve: request method=GET path=/mod/live/history status=200 duration=9.80173ms
2026/08/19 07:29:33 INFO serve: request method=GET path=/mod/live/history status=200 duration=8.536539ms
2026/08/19 07:29:34 INFO serve: request method=GET path=/mod/live/history status=200 duration=8.884885ms
2026/08/19 07:29:35 INFO serve: request method=GET path=/mod/live/history status=200 duration=8.251423ms
2026/08/19 07:29:37 INFO serve: request method=GET path=/mod/live/history status=200 duration=9.370924ms
2026/08/19 07:29:38 INFO serve: request method=GET path=/mod/live/history status=200 duration=19.762423ms
2026/08/19 07:29:40 INFO serve: request method=GET path=/mod/live/history status=200 duration=9.178693ms
2026/08/19 07:29:41 INFO serve: request method=GET path=/mod/live/history status=200 duration=14.634884ms
2026/08/19 07:29:42 INFO serve: request method=GET path=/mod/live/history status=200 duration=9.804808ms
2026/08/19 07:29:44 INFO serve: request method=GET path=/mod/live/history status=200 duration=10.927154ms
2026/08/19 07:29:45 INFO serve: request method=GET path=/mod/live/history status=200 duration=12.591731ms
2026/08/19 07:29:47 INFO serve: request method=GET path=/mod/live/history status=200 duration=12.110808ms
2026/08/19 07:29:48 INFO serve: request method=GET path=/mod/live/history status=200 duration=23.696423ms
2026/08/19 07:29:49 INFO serve: request method=GET path=/mod/live/history status=200 duration=13.186692ms
2026/08/19 07:29:51 INFO serve: request method=GET path=/mod/live/history status=200 duration=11.575423ms
2026/08/19 07:29:52 INFO serve: request method=GET path=/mod/live/history status=200 duration=12.555385ms
2026/08/19 07:29:54 INFO serve: request method=GET path=/mod/live/history status=200 duration=11.6825ms
2026/08/19 07:29:55 INFO serve: request method=GET path=/mod/live/history status=200 duration=10.735885ms
2026/08/19 07:29:56 INFO serve: request method=GET path=/mod/live/history status=200 duration=9.246423ms
2026/08/19 07:29:58 INFO serve: request method=GET path=/mod/live/history status=200 duration=15.502884ms
2026/08/19 07:29:59 INFO serve: request method=GET path=/mod/live/history status=200 duration=15.243346ms
2026/08/19 07:30:01 INFO serve: request method=GET path=/mod/live/history status=200 duration=13.304616ms
2026/08/19 07:30:02 INFO serve: request method=GET path=/mod/live/history status=200 duration=11.926423ms
2026/08/19 07:30:03 INFO serve: request method=GET path=/mod/live/history status=200 duration=8.994423ms
2026/08/19 07:30:05 INFO serve: request method=GET path=/mod/live/history status=200 duration=10.006ms
2026/08/19 07:30:06 INFO serve: request method=GET path=/mod/live/history status=200 duration=11.210615ms
2026/08/19 07:30:08 INFO serve: request method=GET path=/mod/live/history status=200 duration=18.433961ms
2026/08/19 07:30:09 INFO serve: request method=GET path=/mod/live/history status=200 duration=12.770769ms
2026/08/19 07:30:10 INFO serve: request method=GET path=/mod/live/history status=200 duration=11.28323ms
2026/08/19 07:30:12 INFO serve: request method=GET path=/mod/live/history status=200 duration=9.655615ms
2026/08/19 07:30:13 INFO serve: request method=GET path=/mod/live/history status=200 duration=8.673115ms
2026/08/19 07:30:15 INFO serve: request method=GET path=/mod/live/history status=200 duration=20.205ms
2026/08/19 07:30:16 INFO serve: request method=GET path=/mod/live/history status=200 duration=17.373962ms
2026/08/19 07:30:17 INFO serve: request method=GET path=/mod/live/history status=200 duration=11.244ms
2026/08/19 07:30:19 INFO serve: request method=GET path=/mod/live/history status=200 duration=10.308615ms
2026/08/19 07:30:20 INFO serve: request method=GET path=/mod/live/history status=200 duration=8.747923ms
2026/08/19 07:30:22 INFO serve: request method=GET path=/mod/live/history status=200 duration=13.361269ms
2026/08/19 07:30:23 INFO serve: request method=GET path=/mod/live/history status=200 duration=10.654ms
2026/08/19 07:30:24 INFO serve: request method=GET path=/mod/live/history status=200 duration=10.639884ms
2026/08/19 07:30:26 INFO serve: request method=GET path=/mod/live/history status=200 duration=9.583654ms
2026/08/19 07:30:27 INFO serve: request method=GET path=/mod/live/history status=200 duration=9.331423ms
2026/08/19 07:30:29 INFO serve: request method=GET path=/mod/live/history status=200 duration=19.329346ms
2026/08/19 07:30:30 INFO serve: request method=GET path=/mod/live/history status=200 duration=10.254231ms
2026/08/19 07:30:31 INFO serve: request method=GET path=/mod/live/history status=200 duration=9.389923ms
2026/08/19 07:30:33 INFO serve: request method=GET path=/mod/live/history status=200 duration=9.182115ms
2026/08/19 07:30:34 INFO serve: request method=GET path=/mod/live/history status=200 duration=11.859038ms
2026/08/19 07:30:36 INFO serve: request method=GET path=/mod/live/history status=200 duration=19.991539ms
2026/08/19 07:30:37 INFO serve: request method=GET path=/mod/live/history status=200 duration=8.917808ms
2026/08/19 07:30:38 INFO serve: request method=GET path=/mod/live/history status=200 duration=9.355269ms
2026/08/19 07:30:40 INFO serve: request method=GET path=/mod/live/history status=200 duration=11.549654ms
2026/08/19 07:30:41 INFO serve: request method=GET path=/mod/live/history status=200 duration=21.519346ms
2026/08/19 07:30:43 INFO serve: request method=GET path=/mod/live/history status=200 duration=14.124961ms
2026/08/19 07:30:44 INFO serve: request method=GET path=/mod/live/history status=200 duration=9.449115ms
2026/08/19 07:30:45 INFO serve: request method=GET path=/mod/live/history status=200 duration=8.523077ms
2026/08/19 07:30:47 INFO serve: request method=GET path=/mod/live/history status=200 duration=11.117961ms
2026/08/19 07:30:48 INFO serve: request method=GET path=/mod/live/history status=200 duration=20.631461ms
2026/08/19 07:30:50 INFO serve: request method=GET path=/mod/live/history status=200 duration=10.805538ms
2026/08/19 07:30:51 INFO serve: request method=GET path=/mod/live/history status=200 duration=10.181077ms
2026/08/19 07:30:52 INFO serve: request method=GET path=/mod/live/history status=200 duration=9.3685ms
2026/08/19 07:30:54 INFO serve: request method=GET path=/mod/live/history status=200 duration=26.586ms
2026/08/19 07:30:55 INFO serve: request method=GET path=/mod/live/history status=200 duration=9.951461ms
2026/08/19 07:30:57 INFO serve: request method=GET path=/mod/live/history status=200 duration=8.890385ms
2026/08/19 07:30:58 INFO serve: request method=GET path=/mod/live/history status=200 duration=9.358654ms
2026/08/19 07:30:59 INFO serve: request method=GET path=/mod/live/history status=200 duration=8.633692ms
2026/08/19 07:31:01 INFO serve: request method=GET path=/mod/live/history status=200 duration=8.433154ms
2026/08/19 07:31:02 INFO serve: request method=GET path=/mod/live/history status=200 duration=9.055154ms
2026/08/19 07:31:04 INFO serve: request method=GET path=/mod/live/history status=200 duration=21.134231ms
2026/08/19 07:31:05 INFO serve: request method=GET path=/mod/live/history status=200 duration=25.153846ms
2026/08/19 07:31:06 INFO serve: request method=GET path=/mod/live/history status=200 duration=12.984769ms
2026/08/19 07:31:08 INFO serve: request method=GET path=/mod/live/history status=200 duration=11.417462ms
2026/08/19 07:31:09 INFO serve: request method=GET path=/mod/live/history status=200 duration=10.324231ms
2026/08/19 07:31:11 INFO serve: request method=GET path=/mod/live/history status=200 duration=10.996346ms
2026/08/19 07:31:12 INFO serve: request method=GET path=/mod/live/history status=200 duration=4.549577ms
2026/08/19 07:31:13 INFO serve: request method=GET path=/mod/live/history status=200 duration=8.673654ms
2026/08/19 07:31:15 INFO serve: request method=GET path=/mod/live/history status=200 duration=4.518192ms
2026/08/19 07:31:16 INFO serve: request method=GET path=/mod/live/history status=200 duration=16.498577ms
2026/08/19 07:31:18 INFO serve: request method=GET path=/mod/live/history status=200 duration=9.677731ms
2026/08/19 07:31:19 INFO serve: request method=GET path=/mod/live/history status=200 duration=13.457846ms
2026/08/19 07:31:20 INFO serve: request method=GET path=/mod/live/history status=200 duration=9.703577ms
2026/08/19 07:31:22 INFO serve: request method=GET path=/mod/live/history status=200 duration=9.680077ms
2026/08/19 07:31:23 INFO serve: request method=GET path=/mod/live/history status=200 duration=8.397923ms
2026/08/19 07:31:25 INFO serve: request method=GET path=/mod/live/history status=200 duration=8.761769ms
2026/08/19 07:31:26 INFO serve: request method=GET path=/mod/live/history status=200 duration=9.464346ms
2026/08/19 07:31:27 INFO serve: request method=GET path=/mod/live/history status=200 duration=10.6145ms
2026/08/19 07:31:29 INFO serve: request method=GET path=/mod/live/history status=200 duration=5.519423ms
2026/08/19 07:31:30 INFO serve: request method=GET path=/mod/live/history status=200 duration=23.705038ms
2026/08/19 07:31:32 INFO serve: request method=GET path=/mod/live/history status=200 duration=16.423808ms
2026/08/19 07:31:33 INFO serve: request method=GET path=/mod/live/history status=200 duration=8.804153ms
2026/08/19 07:31:34 INFO serve: request method=GET path=/mod/live/history status=200 duration=8.288462ms
2026/08/19 07:31:36 INFO serve: request method=GET path=/mod/live/history status=200 duration=9.162116ms
2026/08/19 08:16:54 INFO serve: request method=GET path=/mod/status status=200 duration=113.167499ms
2026/08/19 08:16:54 INFO serve: request method=GET path=/mod/app/contract status=200 duration=14.839346ms
2026/08/19 08:16:54 INFO serve: request method=GET path=/mod/live/history status=200 duration=30.333577ms
2026/08/19 08:16:56 INFO serve: request method=GET path=/mod/live/history status=200 duration=9.651385ms
2026/08/19 08:16:57 INFO serve: request method=GET path=/mod/live/history status=200 duration=22.415423ms
2026/08/19 08:16:59 INFO serve: request method=GET path=/mod/live/history status=200 duration=20.168346ms
2026/08/19 08:17:00 INFO serve: request method=GET path=/mod/live/history status=200 duration=16.923654ms
2026/08/19 08:17:01 INFO serve: request method=GET path=/mod/live/history status=200 duration=30.24777ms
2026/08/19 08:17:03 INFO serve: request method=GET path=/mod/live/history status=200 duration=18.296539ms
2026/08/19 08:17:04 INFO serve: request method=GET path=/mod/live/history status=200 duration=21.737ms
2026/08/19 08:17:06 INFO serve: request method=GET path=/mod/live/history status=200 duration=13.267ms
2026/08/19 08:17:07 INFO serve: request method=GET path=/mod/live/history status=200 duration=9.394116ms
2026/08/19 08:17:47 INFO serve: request method=GET path=/mod/live/history status=200 duration=9.823077ms
2026/08/19 08:17:49 INFO serve: request method=GET path=/mod/live/history status=200 duration=9.517461ms
2026/08/19 08:17:50 INFO serve: request method=GET path=/mod/live/history status=200 duration=10.378346ms
2026/08/19 08:17:52 INFO serve: request method=GET path=/mod/live/history status=200 duration=27.466192ms
2026/08/19 08:17:54 INFO serve: request method=GET path=/mod/live/history status=200 duration=8.213115ms
2026/08/19 08:17:55 INFO serve: request method=GET path=/mod/live/history status=200 duration=10.182423ms
2026/08/19 08:17:57 INFO serve: request method=GET path=/mod/live/history status=200 duration=14.9215ms
2026/08/19 08:17:58 INFO serve: request method=GET path=/mod/live/history status=200 duration=13.186884ms
2026/08/19 08:17:59 INFO serve: request method=GET path=/mod/live/history status=200 duration=12.207154ms
2026/08/19 08:18:01 INFO serve: request method=GET path=/mod/live/history status=200 duration=12.359577ms
2026/08/19 08:45:54 INFO serve: request method=GET path=/mod/status status=200 duration=106.782346ms
2026/08/19 08:45:54 INFO serve: request method=GET path=/mod/app/contract status=200 duration=13.082961ms
2026/08/19 08:45:54 INFO serve: request method=GET path=/mod/live/history status=200 duration=26.924308ms
2026/08/19 08:45:56 INFO serve: request method=GET path=/mod/live/history status=200 duration=7.132154ms
2026/08/19 08:45:57 INFO serve: request method=GET path=/mod/live/history status=200 duration=7.480961ms
2026/08/19 08:45:59 INFO serve: request method=GET path=/mod/live/history status=200 duration=13.200116ms
2026/08/19 08:51:21 INFO serve: request method=GET path=/mod/status status=200 duration=74.310039ms
2026/08/19 08:51:21 INFO serve: request method=GET path=/mod/app/contract status=200 duration=8.542231ms
2026/08/19 08:51:21 INFO serve: request method=GET path=/mod/live/history status=200 duration=22.9985ms
2026/08/19 08:51:23 INFO serve: request method=GET path=/mod/live/history status=200 duration=10.367154ms
2026/08/19 08:51:24 INFO serve: request method=GET path=/mod/live/history status=200 duration=8.260654ms
2026/08/19 08:51:25 INFO serve: request method=GET path=/mod/live/history status=200 duration=21.33823ms
2026/08/19 08:51:27 INFO serve: request method=GET path=/mod/live/history status=200 duration=26.379308ms
2026/08/19 08:51:28 INFO serve: request method=GET path=/mod/live/history status=200 duration=13.704154ms
2026/08/19 08:51:28 INFO serve: request method=POST path=/mod/app/task/start status=202 duration=36.146423ms
2026/08/19 08:51:28 INFO serve: request method=GET path=/mod/live/history status=200 duration=9.983ms
2026/08/19 08:51:30 INFO serve: request method=GET path=/mod/live/history status=200 duration=5.181962ms
2026/08/19 08:51:31 INFO serve: request method=GET path=/mod/live/history status=200 duration=12.510962ms
2026/08/19 08:51:32 INFO serve: request method=GET path=/mod/live/history status=200 duration=18.713423ms
2026/08/19 08:51:34 INFO serve: request method=GET path=/mod/live/history status=200 duration=17.875731ms
2026/08/19 08:51:35 INFO serve: request method=GET path=/mod/live/history status=200 duration=10.015308ms
2026/08/19 08:51:37 INFO serve: request method=GET path=/mod/live/history status=200 duration=18.633769ms
2026/08/19 08:51:38 INFO serve: request method=GET path=/mod/live/history status=200 duration=12.403847ms
2026/08/19 08:51:39 INFO serve: request method=GET path=/mod/live/history status=200 duration=10.039615ms
2026/08/19 08:51:41 INFO serve: request method=GET path=/mod/live/history status=200 duration=8.013538ms
2026/08/19 08:51:42 INFO serve: request method=GET path=/mod/live/history status=200 duration=5.092384ms
2026/08/19 08:51:44 INFO serve: request method=GET path=/mod/live/history status=200 duration=9.251923ms
2026/08/19 08:51:45 INFO serve: request method=GET path=/mod/live/history status=200 duration=9.539538ms
2026/08/19 08:51:46 INFO serve: request method=GET path=/mod/live/history status=200 duration=19.510192ms
2026/08/19 08:51:48 INFO serve: request method=GET path=/mod/live/history status=200 duration=8.651654ms
2026/08/19 08:51:49 INFO serve: request method=GET path=/mod/live/history status=200 duration=21.441538ms
2026/08/19 08:51:51 INFO serve: request method=GET path=/mod/live/history status=200 duration=18.672884ms
2026/08/19 08:51:52 INFO serve: request method=GET path=/mod/live/history status=200 duration=16.044308ms
2026/08/19 08:51:53 INFO serve: request method=GET path=/mod/live/history status=200 duration=13.057423ms
2026/08/19 08:51:55 INFO serve: request method=GET path=/mod/live/history status=200 duration=10.529116ms
2026/08/19 08:51:56 INFO serve: request method=GET path=/mod/live/history status=200 duration=17.373076ms
2026/08/19 08:51:58 INFO serve: request method=GET path=/mod/live/history status=200 duration=13.902884ms
2026/08/19 08:51:59 INFO serve: request method=GET path=/mod/live/history status=200 duration=12.745116ms
2026/08/19 08:52:00 INFO serve: request method=GET path=/mod/live/history status=200 duration=13.388038ms
2026/08/19 08:52:02 INFO serve: request method=GET path=/mod/live/history status=200 duration=10.307385ms
2026/08/19 08:52:03 INFO serve: request method=GET path=/mod/live/history status=200 duration=9.211923ms
2026/08/19 08:52:05 INFO serve: request method=GET path=/mod/live/history status=200 duration=9.167615ms
2026/08/19 08:52:06 INFO serve: request method=GET path=/mod/live/history status=200 duration=5.777846ms
2026/08/19 08:52:07 INFO serve: request method=GET path=/mod/live/history status=200 duration=8.953231ms
2026/08/19 08:52:08 INFO serve: request method=POST path=/mod/app/task/start status=202 duration=12.742423ms
2026/08/19 08:52:08 INFO serve: request method=GET path=/mod/live/history status=200 duration=9.7575ms
2026/08/19 08:52:09 INFO serve: request method=GET path=/mod/live/history status=200 duration=12.762654ms
2026/08/19 08:52:10 INFO serve: request method=GET path=/mod/live/history status=200 duration=5.702462ms
2026/08/19 08:52:12 INFO serve: request method=GET path=/mod/live/history status=200 duration=15.640962ms
2026/08/19 08:52:13 INFO serve: request method=GET path=/mod/live/history status=200 duration=20.630462ms
2026/08/19 08:52:14 INFO serve: request method=GET path=/mod/live/history status=200 duration=14.451038ms
2026/08/19 08:52:16 INFO serve: request method=GET path=/mod/live/history status=200 duration=13.119038ms
2026/08/19 08:52:17 INFO serve: request method=GET path=/mod/live/history status=200 duration=10.117846ms
2026/08/19 08:52:19 INFO serve: request method=GET path=/mod/live/history status=200 duration=13.331115ms
2026/08/19 08:52:20 INFO serve: request method=GET path=/mod/live/history status=200 duration=9.238924ms
2026/08/19 08:52:21 INFO serve: request method=GET path=/mod/live/history status=200 duration=9.656847ms
2026/08/19 08:52:23 INFO serve: request method=GET path=/mod/live/history status=200 duration=11.2755ms
2026/08/19 08:52:24 INFO serve: request method=GET path=/mod/live/history status=200 duration=13.829461ms
2026/08/19 08:52:26 INFO serve: request method=GET path=/mod/live/history status=200 duration=14.281ms
2026/08/19 08:52:27 INFO serve: request method=GET path=/mod/live/history status=200 duration=9.770923ms
2026/08/19 08:52:28 INFO serve: request method=GET path=/mod/live/history status=200 duration=14.094423ms
2026/08/19 08:52:30 INFO serve: request method=GET path=/mod/live/history status=200 duration=10.715769ms
2026/08/19 08:52:31 INFO serve: request method=GET path=/mod/live/history status=200 duration=9.594347ms
2026/08/19 08:52:33 INFO serve: request method=GET path=/mod/live/history status=200 duration=19.037039ms
2026/08/19 08:52:34 INFO serve: request method=GET path=/mod/live/history status=200 duration=13.574423ms
2026/08/19 08:52:35 INFO serve: request method=GET path=/mod/live/history status=200 duration=12.409ms
2026/08/19 08:52:37 INFO serve: request method=GET path=/mod/live/history status=200 duration=8.458307ms
2026/08/19 08:52:38 INFO serve: request method=GET path=/mod/live/history status=200 duration=8.177384ms
2026/08/19 08:52:40 INFO serve: request method=GET path=/mod/live/history status=200 duration=8.441ms
2026/08/19 08:52:41 INFO serve: request method=GET path=/mod/live/history status=200 duration=8.074692ms
2026/08/19 08:52:42 INFO serve: request method=GET path=/mod/live/history status=200 duration=9.675385ms
2026/08/19 08:52:44 INFO serve: request method=GET path=/mod/live/history status=200 duration=24.011769ms
2026/08/19 08:52:45 INFO serve: request method=GET path=/mod/live/history status=200 duration=12.698461ms
2026/08/19 08:52:47 INFO serve: request method=GET path=/mod/live/history status=200 duration=12.648731ms
2026/08/19 08:52:48 INFO serve: request method=GET path=/mod/live/history status=200 duration=15.171307ms
2026/08/19 08:52:49 INFO serve: request method=GET path=/mod/live/history status=200 duration=13.014ms
2026/08/19 08:52:51 INFO serve: request method=GET path=/mod/live/history status=200 duration=9.514538ms
2026/08/19 08:52:52 INFO serve: request method=GET path=/mod/live/history status=200 duration=16.896461ms
2026/08/19 08:52:54 INFO serve: request method=GET path=/mod/live/history status=200 duration=12.732577ms
2026/08/19 08:52:55 INFO serve: request method=GET path=/mod/live/history status=200 duration=16.571153ms
2026/08/19 08:52:56 INFO serve: request method=GET path=/mod/live/history status=200 duration=18.467769ms
2026/08/19 08:52:58 INFO serve: request method=GET path=/mod/live/history status=200 duration=20.749192ms
2026/08/19 08:52:59 INFO serve: request method=GET path=/mod/live/history status=200 duration=9.435384ms
2026/08/19 08:53:01 INFO serve: request method=GET path=/mod/live/history status=200 duration=9.167539ms
2026/08/19 08:53:02 INFO serve: request method=GET path=/mod/live/history status=200 duration=9.475847ms
2026/08/19 08:53:03 INFO serve: request method=GET path=/mod/live/history status=200 duration=10.386808ms
2026/08/19 08:53:05 INFO serve: request method=GET path=/mod/live/history status=200 duration=7.003231ms
2026/08/19 08:53:06 INFO serve: request method=GET path=/mod/live/history status=200 duration=8.067346ms
2026/08/19 08:53:08 INFO serve: request method=GET path=/mod/live/history status=200 duration=4.932115ms
2026/08/19 08:53:09 INFO serve: request method=GET path=/mod/live/history status=200 duration=8.021692ms
2026/08/19 08:53:09 INFO serve: request method=POST path=/mod/app/task/start status=202 duration=8.87727ms
2026/08/19 08:53:09 INFO serve: request method=GET path=/mod/live/history status=200 duration=9.021192ms
2026/08/19 08:53:10 INFO serve: request method=GET path=/mod/live/history status=200 duration=16.342577ms
2026/08/19 08:53:12 INFO serve: request method=GET path=/mod/live/history status=200 duration=18.429692ms
2026/08/19 08:53:13 INFO serve: request method=GET path=/mod/live/history status=200 duration=13.219ms
2026/08/19 08:53:15 INFO serve: request method=GET path=/mod/live/history status=200 duration=12.862424ms
2026/08/19 08:53:16 INFO serve: request method=GET path=/mod/live/history status=200 duration=20.833423ms
2026/08/19 08:53:17 INFO serve: request method=GET path=/mod/live/history status=200 duration=17.874231ms
2026/08/19 08:53:19 INFO serve: request method=GET path=/mod/live/history status=200 duration=19.327923ms
2026/08/19 08:53:20 INFO serve: request method=GET path=/mod/live/history status=200 duration=13.404308ms
2026/08/19 08:53:22 INFO serve: request method=GET path=/mod/live/history status=200 duration=10.177424ms
2026/08/19 08:53:23 INFO serve: request method=POST path=/mod/app/task/start status=202 duration=14.647269ms
2026/08/19 08:53:23 INFO serve: request method=GET path=/mod/live/history status=200 duration=9.490654ms
2026/08/19 08:53:23 INFO serve: request method=GET path=/mod/live/history status=200 duration=8.7935ms
2026/08/19 08:53:24 INFO serve: request method=GET path=/mod/live/history status=200 duration=13.7025ms
2026/08/19 08:53:26 INFO serve: request method=GET path=/mod/live/history status=200 duration=14.020307ms
2026/08/19 08:53:27 INFO serve: request method=GET path=/mod/live/history status=200 duration=22.161385ms
2026/08/19 08:53:29 INFO serve: request method=GET path=/mod/live/history status=200 duration=11.094347ms
2026/08/19 08:53:30 INFO serve: request method=GET path=/mod/live/history status=200 duration=11.490269ms
2026/08/19 08:53:31 INFO serve: request method=GET path=/mod/live/history status=200 duration=11.347154ms
2026/08/19 08:53:33 INFO serve: request method=GET path=/mod/live/history status=200 duration=21.336039ms
2026/08/19 08:53:34 INFO serve: request method=GET path=/mod/live/history status=200 duration=30.617885ms
2026/08/19 08:53:36 INFO serve: request method=GET path=/mod/live/history status=200 duration=21.7845ms
2026/08/19 08:53:37 INFO serve: request method=GET path=/mod/live/history status=200 duration=22.398731ms
2026/08/19 08:53:38 INFO serve: request method=GET path=/mod/live/history status=200 duration=15.46ms
2026/08/19 08:53:40 INFO serve: request method=GET path=/mod/live/history status=200 duration=16.508115ms
2026/08/19 08:53:41 INFO serve: request method=GET path=/mod/live/history status=200 duration=23.894423ms
2026/08/19 08:53:43 INFO serve: request method=GET path=/mod/live/history status=200 duration=18.607ms
2026/08/19 08:53:44 INFO serve: request method=GET path=/mod/live/history status=200 duration=11.917116ms
2026/08/19 08:53:45 INFO serve: request method=GET path=/mod/live/history status=200 duration=16.636538ms
2026/08/19 08:53:47 INFO serve: request method=GET path=/mod/live/history status=200 duration=16.797577ms
2026/08/19 08:53:48 INFO serve: request method=GET path=/mod/live/history status=200 duration=19.284308ms
2026/08/19 08:53:50 INFO serve: request method=GET path=/mod/live/history status=200 duration=20.878154ms
2026/08/19 08:53:51 INFO serve: request method=GET path=/mod/live/history status=200 duration=21.267193ms
2026/08/19 08:53:52 INFO serve: request method=GET path=/mod/live/history status=200 duration=22.190347ms
2026/08/19 08:53:54 INFO serve: request method=GET path=/mod/live/history status=200 duration=22.08027ms
2026/08/19 08:53:55 INFO serve: request method=GET path=/mod/live/history status=200 duration=18.745307ms
2026/08/19 08:53:57 INFO serve: request method=GET path=/mod/live/history status=200 duration=22.400462ms
2026/08/19 08:53:58 INFO serve: request method=GET path=/mod/live/history status=200 duration=18.175153ms
2026/08/19 08:53:59 INFO serve: request method=GET path=/mod/live/history status=200 duration=23.003038ms
2026/08/19 08:54:01 INFO serve: request method=GET path=/mod/live/history status=200 duration=14.525961ms
2026/08/19 08:54:02 INFO serve: request method=GET path=/mod/live/history status=200 duration=17.434154ms
2026/08/19 08:54:04 INFO serve: request method=GET path=/mod/live/history status=200 duration=6.874769ms
2026/08/19 08:54:05 INFO serve: request method=GET path=/mod/live/history status=200 duration=8.826346ms
2026/08/19 08:54:06 INFO serve: request method=GET path=/mod/live/history status=200 duration=9.128769ms
2026/08/19 08:54:08 INFO serve: request method=GET path=/mod/live/history status=200 duration=20.895962ms
2026/08/19 08:54:09 INFO serve: request method=GET path=/mod/live/history status=200 duration=25.514384ms
2026/08/19 08:54:11 INFO serve: request method=GET path=/mod/live/history status=200 duration=15.481539ms
2026/08/19 08:54:12 INFO serve: request method=GET path=/mod/live/history status=200 duration=13.976269ms
2026/08/19 08:54:13 INFO serve: request method=GET path=/mod/live/history status=200 duration=9.1585ms
2026/08/19 08:54:15 INFO serve: request method=GET path=/mod/live/history status=200 duration=8.952962ms
2026/08/19 08:54:16 INFO serve: request method=GET path=/mod/live/history status=200 duration=9.114193ms
2026/08/19 08:54:18 INFO serve: request method=GET path=/mod/live/history status=200 duration=8.679193ms
2026/08/19 08:54:19 INFO serve: request method=GET path=/mod/live/history status=200 duration=8.366308ms
2026/08/19 08:54:20 INFO serve: request method=GET path=/mod/live/history status=200 duration=18.602423ms
2026/08/19 08:54:22 INFO serve: request method=GET path=/mod/live/history status=200 duration=7.765115ms
2026/08/19 08:54:23 INFO serve: request method=GET path=/mod/live/history status=200 duration=13.827769ms
2026/08/19 08:54:25 INFO serve: request method=GET path=/mod/live/history status=200 duration=18.687269ms
2026/08/19 08:54:26 INFO serve: request method=GET path=/mod/live/history status=200 duration=17.157ms
2026/08/19 08:54:27 INFO serve: request method=GET path=/mod/live/history status=200 duration=18.572462ms
2026/08/19 08:54:29 INFO serve: request method=GET path=/mod/live/history status=200 duration=19.585847ms
2026/08/19 08:54:30 INFO serve: request method=GET path=/mod/live/history status=200 duration=12.332116ms
2026/08/19 08:54:32 INFO serve: request method=GET path=/mod/live/history status=200 duration=8.554307ms
2026/08/19 08:54:33 INFO serve: request method=GET path=/mod/live/history status=200 duration=26.465692ms
2026/08/19 08:54:34 INFO serve: request method=GET path=/mod/live/history status=200 duration=20.158615ms
2026/08/19 08:54:36 INFO serve: request method=GET path=/mod/live/history status=200 duration=18.637616ms
2026/08/19 08:54:37 INFO serve: request method=GET path=/mod/live/history status=200 duration=12.991346ms
2026/08/19 08:54:39 INFO serve: request method=GET path=/mod/live/history status=200 duration=12.792846ms
2026/08/19 08:54:40 INFO serve: request method=GET path=/mod/live/history status=200 duration=8.594538ms
2026/08/19 08:54:41 INFO serve: request method=GET path=/mod/live/history status=200 duration=8.251924ms
2026/08/19 08:54:43 INFO serve: request method=GET path=/mod/live/history status=200 duration=6.039923ms
2026/08/19 08:54:44 INFO serve: request method=POST path=/mod/app/task/stop status=204 duration=214.423µs
2026/08/19 08:54:44 INFO serve: request method=GET path=/mod/live/history status=200 duration=8.910116ms
2026/08/19 08:54:46 INFO serve: request method=GET path=/mod/live/history status=200 duration=17.422577ms
2026/08/19 08:54:47 INFO serve: request method=GET path=/mod/live/history status=200 duration=22.652923ms
2026/08/19 08:54:48 INFO serve: request method=GET path=/mod/live/history status=200 duration=6.9345ms
2026/08/19 08:54:49 INFO serve: request method=POST path=/mod/app/task/start status=202 duration=24.383077ms
2026/08/19 08:54:49 INFO serve: request method=GET path=/mod/live/history status=200 duration=13.753231ms
2026/08/19 08:54:50 INFO serve: request method=GET path=/mod/live/history status=200 duration=6.927347ms
2026/08/19 08:54:51 INFO serve: request method=GET path=/mod/live/history status=200 duration=18.834039ms
2026/08/19 08:54:53 INFO serve: request method=GET path=/mod/live/history status=200 duration=16.326038ms
2026/08/19 08:54:54 INFO serve: request method=GET path=/mod/live/history status=200 duration=16.351385ms
2026/08/19 08:54:55 INFO serve: request method=GET path=/mod/live/history status=200 duration=8.848077ms
2026/08/19 08:54:57 INFO serve: request method=GET path=/mod/live/history status=200 duration=10.563846ms
2026/08/19 08:54:58 INFO serve: request method=GET path=/mod/live/history status=200 duration=8.488192ms
2026/08/19 08:55:00 INFO serve: request method=GET path=/mod/live/history status=200 duration=12.892192ms
2026/08/19 08:55:01 INFO serve: request method=GET path=/mod/live/history status=200 duration=20.322384ms
2026/08/19 08:55:02 INFO serve: request method=GET path=/mod/live/history status=200 duration=8.966308ms
2026/08/19 08:55:04 INFO serve: request method=GET path=/mod/live/history status=200 duration=24.173692ms
2026/08/19 08:55:05 INFO serve: request method=GET path=/mod/live/history status=200 duration=18.925538ms
2026/08/19 08:55:07 INFO serve: request method=GET path=/mod/live/history status=200 duration=15.456808ms
2026/08/19 08:55:08 INFO serve: request method=GET path=/mod/live/history status=200 duration=10.589846ms
2026/08/19 08:55:09 INFO serve: request method=GET path=/mod/live/history status=200 duration=11.189577ms
2026/08/19 08:55:11 INFO serve: request method=GET path=/mod/live/history status=200 duration=15.475423ms
2026/08/19 08:55:12 INFO serve: request method=GET path=/mod/live/history status=200 duration=30.597807ms
2026/08/19 08:55:13 INFO serve: request method=GET path=/mod/live/history status=200 duration=20.770538ms
2026/08/19 08:55:15 INFO serve: request method=GET path=/mod/live/history status=200 duration=12.899615ms
2026/08/19 08:55:16 INFO serve: request method=GET path=/mod/live/history status=200 duration=6.022462ms
2026/08/19 08:55:17 INFO serve: request method=GET path=/mod/live/history status=200 duration=12.091654ms
2026/08/19 08:55:19 INFO serve: request method=GET path=/mod/live/history status=200 duration=6.601346ms
2026/08/19 08:55:20 INFO serve: request method=GET path=/mod/live/history status=200 duration=9.134462ms
2026/08/19 08:55:22 INFO serve: request method=GET path=/mod/live/history status=200 duration=19.510884ms
2026/08/19 08:55:23 INFO serve: request method=GET path=/mod/live/history status=200 duration=15.896654ms
2026/08/19 08:55:24 INFO serve: request method=GET path=/mod/live/history status=200 duration=11.701808ms
2026/08/19 08:57:07 INFO serve: request method=GET path=/mod/live/history status=200 duration=66.039308ms
2026/08/19 08:57:09 INFO serve: request method=GET path=/mod/live/history status=200 duration=13.204154ms
2026/08/19 08:57:10 INFO serve: request method=GET path=/mod/live/history status=200 duration=25.656577ms
2026/08/19 08:57:11 INFO serve: request method=GET path=/mod/live/history status=200 duration=13.214654ms
2026/08/19 08:57:13 INFO serve: request method=GET path=/mod/live/history status=200 duration=12.356769ms
2026/08/19 08:57:14 INFO serve: request method=GET path=/mod/live/history status=200 duration=19.178038ms
2026/08/19 08:57:16 INFO serve: request method=GET path=/mod/live/history status=200 duration=17.291038ms
2026/08/19 08:57:17 INFO serve: request method=GET path=/mod/live/history status=200 duration=8.933384ms
2026/08/19 08:57:18 INFO serve: request method=GET path=/mod/live/history status=200 duration=8.611154ms
2026/08/19 08:57:20 INFO serve: request method=GET path=/mod/live/history status=200 duration=6.632961ms
2026/08/19 08:57:55 INFO serve: request method=GET path=/mod/live/history status=200 duration=12.155615ms
2026/08/19 08:57:56 INFO serve: request method=GET path=/mod/live/history status=200 duration=27.788076ms
2026/08/19 08:57:58 INFO serve: request method=GET path=/mod/live/history status=200 duration=11.941962ms
2026/08/19 08:57:59 INFO serve: request method=GET path=/mod/live/history status=200 duration=8.979346ms
2026/08/19 08:58:01 INFO serve: request method=GET path=/mod/live/history status=200 duration=16.268077ms
2026/08/19 08:58:02 INFO serve: request method=GET path=/mod/live/history status=200 duration=9.139385ms
2026/08/19 08:58:03 INFO serve: request method=GET path=/mod/live/history status=200 duration=8.869423ms
2026/08/19 08:58:05 INFO serve: request method=GET path=/mod/live/history status=200 duration=8.940346ms
2026/08/19 08:58:06 INFO serve: request method=GET path=/mod/live/history status=200 duration=20.502385ms
2026/08/19 08:58:08 INFO serve: request method=GET path=/mod/live/history status=200 duration=12.474884ms
2026/08/19 08:58:41 INFO serve: request method=GET path=/mod/live/history status=200 duration=16.029462ms
2026/08/19 08:58:42 INFO serve: request method=GET path=/mod/live/history status=200 duration=18.610038ms
2026/08/19 08:58:44 INFO serve: request method=GET path=/mod/live/history status=200 duration=12.376423ms
2026/08/19 08:58:45 INFO serve: request method=GET path=/mod/live/history status=200 duration=14.860077ms
2026/08/19 08:58:47 INFO serve: request method=GET path=/mod/live/history status=200 duration=14.419807ms
2026/08/19 08:58:48 INFO serve: request method=GET path=/mod/live/history status=200 duration=17.452692ms
2026/08/19 08:58:49 INFO serve: request method=GET path=/mod/live/history status=200 duration=9.371231ms
2026/08/19 08:58:51 INFO serve: request method=GET path=/mod/live/history status=200 duration=8.564461ms
2026/08/19 08:58:52 INFO serve: request method=GET path=/mod/live/history status=200 duration=18.471384ms
2026/08/19 08:58:54 INFO serve: request method=GET path=/mod/live/history status=200 duration=9.047192ms
2026/08/19 08:58:55 INFO serve: request method=GET path=/mod/live/history status=200 duration=10.319961ms
2026/08/19 08:58:56 INFO serve: request method=GET path=/mod/live/history status=200 duration=18.439654ms
2026/08/19 08:58:58 INFO serve: request method=GET path=/mod/live/history status=200 duration=9.233039ms
2026/08/19 08:58:59 INFO serve: request method=GET path=/mod/live/history status=200 duration=9.035577ms
2026/08/19 08:59:01 INFO serve: request method=GET path=/mod/live/history status=200 duration=6.470461ms
2026/08/19 08:59:02 INFO serve: request method=GET path=/mod/live/history status=200 duration=29.246154ms
2026/08/19 08:59:03 INFO serve: request method=GET path=/mod/live/history status=200 duration=24.723538ms
2026/08/19 08:59:05 INFO serve: request method=GET path=/mod/live/history status=200 duration=18.960808ms
2026/08/19 08:59:06 INFO serve: request method=POST path=/mod/app/task/start status=202 duration=30.575ms
2026/08/19 08:59:06 INFO serve: request method=GET path=/mod/live/history status=200 duration=12.558576ms
2026/08/19 08:59:06 INFO serve: request method=GET path=/mod/live/history status=200 duration=7.405423ms
2026/08/19 08:59:08 INFO serve: request method=GET path=/mod/live/history status=200 duration=11.847039ms
2026/08/19 08:59:09 INFO serve: request method=GET path=/mod/live/history status=200 duration=25.647423ms
2026/08/19 08:59:10 INFO serve: request method=GET path=/mod/live/history status=200 duration=19.648769ms
2026/08/19 08:59:12 INFO serve: request method=GET path=/mod/live/history status=200 duration=25.396769ms
2026/08/19 08:59:13 INFO serve: request method=GET path=/mod/live/history status=200 duration=9.450769ms
2026/08/19 08:59:15 INFO serve: request method=GET path=/mod/live/history status=200 duration=12.072577ms
2026/08/19 08:59:32 INFO serve: request method=GET path=/mod/live/history status=200 duration=15.245154ms
2026/08/19 08:59:33 INFO serve: request method=GET path=/mod/live/history status=200 duration=17.949077ms
2026/08/19 08:59:35 INFO serve: request method=GET path=/mod/live/history status=200 duration=13.442038ms
2026/08/19 08:59:36 INFO serve: request method=GET path=/mod/live/history status=200 duration=16.678846ms
2026/08/19 08:59:37 INFO serve: request method=GET path=/mod/live/history status=200 duration=21.197962ms
2026/08/19 08:59:39 INFO serve: request method=GET path=/mod/live/history status=200 duration=12.748884ms
2026/08/19 08:59:40 INFO serve: request method=GET path=/mod/live/history status=200 duration=17.239654ms
2026/08/19 08:59:42 INFO serve: request method=GET path=/mod/live/history status=200 duration=11.975807ms
2026/08/19 08:59:43 INFO serve: request method=GET path=/mod/live/history status=200 duration=13.387692ms
2026/08/19 09:00:50 INFO serve: request method=GET path=/mod/live/history status=200 duration=19.268885ms
2026/08/19 09:00:51 INFO serve: request method=GET path=/mod/live/history status=200 duration=17.489154ms
2026/08/19 09:00:52 INFO serve: request method=GET path=/mod/live/history status=200 duration=22.840269ms
2026/08/19 09:00:54 INFO serve: request method=GET path=/mod/live/history status=200 duration=25.778384ms
2026/08/19 09:00:55 INFO serve: request method=GET path=/mod/live/history status=200 duration=14.135346ms
2026/08/19 09:00:57 INFO serve: request method=GET path=/mod/live/history status=200 duration=13.771577ms
2026/08/19 09:00:58 INFO serve: request method=GET path=/mod/live/history status=200 duration=9.43373ms
2026/08/19 09:00:59 INFO serve: request method=GET path=/mod/live/history status=200 duration=23.534846ms
2026/08/19 09:01:01 INFO serve: request method=GET path=/mod/live/history status=200 duration=25.187308ms
2026/08/19 09:01:02 INFO serve: request method=POST path=/mod/app/task/stop status=204 duration=200.693µs
2026/08/19 09:01:02 INFO serve: request method=GET path=/mod/live/history status=200 duration=19.426692ms
2026/08/19 09:01:04 INFO serve: request method=GET path=/mod/live/history status=200 duration=22.337269ms
2026/08/19 09:01:05 INFO serve: request method=GET path=/mod/live/history status=200 duration=17.086654ms
2026/08/19 09:01:06 INFO serve: request method=GET path=/mod/live/history status=200 duration=21.011ms
2026/08/19 09:01:08 INFO serve: request method=GET path=/mod/live/history status=200 duration=14.405116ms
2026/08/19 09:01:09 INFO serve: request method=GET path=/mod/live/history status=200 duration=15.000808ms
2026/08/19 09:01:11 INFO serve: request method=GET path=/mod/live/history status=200 duration=25.494462ms
2026/08/19 09:01:12 INFO serve: request method=GET path=/mod/live/history status=200 duration=14.394577ms
2026/08/19 09:01:13 INFO serve: request method=GET path=/mod/live/history status=200 duration=17.076924ms
2026/08/19 09:01:15 INFO serve: request method=GET path=/mod/live/history status=200 duration=22.595538ms
2026/08/19 09:01:16 INFO serve: request method=GET path=/mod/live/history status=200 duration=14.123308ms
2026/08/19 09:01:17 INFO serve: request method=POST path=/mod/app/task/start status=202 duration=9.333231ms
2026/08/19 09:01:17 INFO serve: request method=GET path=/mod/live/history status=200 duration=16.192846ms
2026/08/19 09:01:18 INFO serve: request method=GET path=/mod/live/history status=200 duration=21.266769ms
2026/08/19 09:01:19 INFO serve: request method=GET path=/mod/live/history status=200 duration=14.473654ms
2026/08/19 09:01:20 INFO serve: request method=GET path=/mod/live/history status=200 duration=12.483346ms
2026/08/19 09:01:22 INFO serve: request method=GET path=/mod/live/history status=200 duration=20.702807ms
2026/08/19 09:01:43 INFO serve: request method=GET path=/mod/live/history status=200 duration=58.356924ms
2026/08/19 09:01:44 INFO serve: request method=GET path=/mod/live/history status=200 duration=19.571731ms
2026/08/19 09:01:46 INFO serve: request method=GET path=/mod/live/history status=200 duration=18.601269ms
2026/08/19 09:01:47 INFO serve: request method=GET path=/mod/live/history status=200 duration=12.914846ms
2026/08/19 09:01:48 INFO serve: request method=GET path=/mod/live/history status=200 duration=12.378385ms
2026/08/19 09:01:50 INFO serve: request method=GET path=/mod/live/history status=200 duration=9.154039ms
2026/08/19 09:01:51 INFO serve: request method=GET path=/mod/live/history status=200 duration=9.514ms
2026/08/19 09:01:53 INFO serve: request method=GET path=/mod/live/history status=200 duration=9.134269ms
2026/08/19 09:01:54 INFO serve: request method=GET path=/mod/live/history status=200 duration=26.590577ms
2026/08/19 09:01:55 INFO serve: request method=GET path=/mod/live/history status=200 duration=12.723384ms
2026/08/19 09:02:12 INFO serve: request method=GET path=/mod/live/history status=200 duration=7.475538ms
2026/08/19 09:02:13 INFO serve: request method=GET path=/mod/live/history status=200 duration=10.418924ms
2026/08/19 09:02:15 INFO serve: request method=GET path=/mod/live/history status=200 duration=8.938269ms
2026/08/19 09:02:16 INFO serve: request method=GET path=/mod/live/history status=200 duration=6.656115ms
2026/08/19 09:02:18 INFO serve: request method=GET path=/mod/status status=200 duration=13.556039ms
2026/08/19 09:02:18 INFO serve: request method=GET path=/mod/app/contract status=200 duration=12.011077ms
2026/08/19 09:02:18 INFO serve: request method=GET path=/mod/live/history status=200 duration=7.267692ms
2026/08/19 09:02:20 INFO serve: request method=GET path=/mod/live/history status=200 duration=6.405615ms
2026/08/19 09:02:21 INFO serve: request method=GET path=/mod/live/history status=200 duration=31.389615ms
2026/08/19 09:02:23 INFO serve: request method=GET path=/mod/live/history status=200 duration=11.936538ms
2026/08/19 09:02:24 INFO serve: request method=GET path=/mod/live/history status=200 duration=32.848807ms
2026/08/19 09:03:05 INFO serve: request method=GET path=/mod/live/history status=200 duration=20.010654ms
2026/08/19 09:03:07 INFO serve: request method=GET path=/mod/live/history status=200 duration=6.870038ms
2026/08/19 09:03:08 INFO serve: request method=GET path=/mod/live/history status=200 duration=7.299308ms
2026/08/19 09:03:09 INFO serve: request method=GET path=/mod/live/history status=200 duration=12.060423ms
2026/08/19 09:03:19 INFO serve: request method=GET path=/mod/live/history status=200 duration=14.905577ms
2026/08/19 09:03:21 INFO serve: request method=GET path=/mod/live/history status=200 duration=6.551807ms
2026/08/19 09:03:22 INFO serve: request method=GET path=/mod/live/history status=200 duration=8.265538ms
2026/08/19 09:03:23 INFO serve: request method=GET path=/mod/live/history status=200 duration=6.8475ms
2026/08/19 09:03:53 INFO serve: request method=GET path=/mod/live/history status=200 duration=13.428846ms
2026/08/19 09:03:55 INFO serve: request method=GET path=/mod/live/history status=200 duration=59.594538ms
2026/08/19 09:03:56 INFO serve: request method=GET path=/mod/live/history status=200 duration=7.452807ms
2026/08/19 09:04:51 INFO serve: request method=GET path=/mod/live/history status=200 duration=20.11377ms
2026/08/19 09:04:52 INFO serve: request method=GET path=/mod/live/history status=200 duration=13.544539ms
2026/08/19 09:04:53 INFO serve: request method=GET path=/mod/live/history status=200 duration=9.503731ms
2026/08/19 09:04:55 INFO serve: request method=GET path=/mod/live/history status=200 duration=9.415846ms
2026/08/19 09:04:56 INFO serve: request method=GET path=/mod/live/history status=200 duration=9.315231ms
2026/08/19 09:04:58 INFO serve: request method=GET path=/mod/live/history status=200 duration=12.619731ms
2026/08/19 09:06:16 INFO serve: request method=GET path=/mod/live/history status=200 duration=15.602846ms
2026/08/19 09:06:18 INFO serve: request method=GET path=/mod/live/history status=200 duration=17.583192ms
2026/08/19 09:06:19 INFO serve: request method=POST path=/mod/app/task/stop status=204 duration=146µs
2026/08/19 09:06:19 INFO serve: request method=GET path=/mod/live/history status=200 duration=12.856923ms
2026/08/19 09:06:20 INFO serve: request method=GET path=/mod/live/history status=200 duration=9.177615ms
2026/08/19 09:06:22 INFO serve: request method=GET path=/mod/live/history status=200 duration=20.598ms
2026/08/19 09:06:23 INFO serve: request method=POST path=/mod/app/task/start status=202 duration=8.175347ms
2026/08/19 09:06:23 INFO serve: request method=GET path=/mod/live/history status=200 duration=16.623846ms
2026/08/19 09:06:23 INFO serve: request method=GET path=/mod/live/history status=200 duration=17.715962ms
2026/08/19 09:06:25 INFO serve: request method=GET path=/mod/live/history status=200 duration=18.467577ms
2026/08/19 09:06:26 INFO serve: request method=GET path=/mod/live/history status=200 duration=28.400423ms
2026/08/19 09:06:27 INFO serve: request method=GET path=/mod/live/history status=200 duration=14.3295ms
2026/08/19 09:06:29 INFO serve: request method=GET path=/mod/live/history status=200 duration=10.312116ms
2026/08/19 09:06:30 INFO serve: request method=GET path=/mod/live/history status=200 duration=14.985077ms
2026/08/19 09:06:32 INFO serve: request method=GET path=/mod/live/history status=200 duration=16.688269ms
2026/08/19 09:06:33 INFO serve: request method=GET path=/mod/live/history status=200 duration=10.449923ms
2026/08/19 09:06:34 INFO serve: request method=GET path=/mod/live/history status=200 duration=20.843923ms
2026/08/19 09:06:36 INFO serve: request method=GET path=/mod/live/history status=200 duration=15.612692ms
2026/08/19 09:06:37 INFO serve: request method=GET path=/mod/live/history status=200 duration=8.9255ms
2026/08/19 09:06:39 INFO serve: request method=GET path=/mod/live/history status=200 duration=16.740346ms
2026/08/19 09:06:40 INFO serve: request method=POST path=/mod/app/task/stop status=204 duration=78.384µs
2026/08/19 09:06:40 INFO serve: request method=GET path=/mod/live/history status=200 duration=8.415885ms
2026/08/19 09:06:41 INFO serve: request method=GET path=/mod/live/history status=200 duration=12.460385ms
2026/08/19 09:06:47 INFO serve: request method=GET path=/mod/live/history status=200 duration=17.954115ms
2026/08/19 09:06:49 INFO serve: request method=GET path=/mod/live/history status=200 duration=7.813346ms
2026/08/19 09:07:35 INFO serve: request method=GET path=/mod/live/history status=200 duration=28.380154ms
2026/08/19 09:07:36 INFO serve: request method=GET path=/mod/live/history status=200 duration=9.323846ms
2026/08/19 09:07:38 INFO serve: request method=GET path=/mod/live/history status=200 duration=10.033731ms
2026/08/19 09:07:39 INFO serve: request method=GET path=/mod/live/history status=200 duration=10.264307ms
2026/08/19 09:07:41 INFO serve: request method=GET path=/mod/live/history status=200 duration=10.017846ms
2026/08/19 09:07:42 INFO serve: request method=GET path=/mod/live/history status=200 duration=24.356154ms
2026/08/19 09:07:43 INFO serve: request method=GET path=/mod/live/history status=200 duration=21.917346ms
2026/08/19 09:07:45 INFO serve: request method=GET path=/mod/live/history status=200 duration=14.444692ms
2026/08/19 09:07:46 INFO serve: request method=GET path=/mod/live/history status=200 duration=14.748154ms
2026/08/19 09:07:48 INFO serve: request method=GET path=/mod/live/history status=200 duration=12.415423ms
2026/08/19 09:08:43 INFO serve: request method=GET path=/mod/live/history status=200 duration=15.906231ms
2026/08/19 09:08:45 INFO serve: request method=GET path=/mod/live/history status=200 duration=19.28227ms
2026/08/19 09:08:46 INFO serve: request method=GET path=/mod/live/history status=200 duration=11.343346ms
2026/08/19 09:08:48 INFO serve: request method=GET path=/mod/live/history status=200 duration=18.333308ms
2026/08/19 09:08:49 INFO serve: request method=GET path=/mod/live/history status=200 duration=14.501769ms
2026/08/19 09:08:50 INFO serve: request method=GET path=/mod/live/history status=200 duration=11.234654ms
2026/08/19 09:08:52 INFO serve: request method=GET path=/mod/live/history status=200 duration=10.031654ms
2026/08/19 09:08:53 INFO serve: request method=GET path=/mod/live/history status=200 duration=9.820885ms
2026/08/19 09:09:08 INFO serve: request method=GET path=/mod/live/history status=200 duration=38.165461ms
2026/08/19 09:09:09 INFO serve: request method=GET path=/mod/live/history status=200 duration=14.170385ms
2026/08/19 09:09:10 INFO serve: request method=GET path=/mod/live/history status=200 duration=30.358962ms
2026/08/19 09:09:12 INFO serve: request method=GET path=/mod/live/history status=200 duration=17.752807ms
2026/08/19 09:09:13 INFO serve: request method=GET path=/mod/live/history status=200 duration=18.563808ms
2026/08/19 09:09:14 INFO serve: request method=GET path=/mod/live/history status=200 duration=27.14827ms
2026/08/19 09:09:16 INFO serve: request method=GET path=/mod/live/history status=200 duration=15.521654ms
2026/08/19 09:09:17 INFO serve: request method=GET path=/mod/live/history status=200 duration=21.001ms
2026/08/19 09:09:19 INFO serve: request method=GET path=/mod/live/history status=200 duration=16.248116ms
2026/08/19 09:09:20 INFO serve: request method=GET path=/mod/live/history status=200 duration=13.478923ms
2026/08/19 09:09:21 INFO serve: request method=GET path=/mod/live/history status=200 duration=17.096808ms
2026/08/19 09:09:23 INFO serve: request method=GET path=/mod/live/history status=200 duration=11.448308ms
2026/08/19 09:09:24 INFO serve: request method=GET path=/mod/live/history status=200 duration=7.29323ms
2026/08/19 09:09:26 INFO serve: request method=GET path=/mod/live/history status=200 duration=10.796ms
2026/08/19 09:09:27 INFO serve: request method=GET path=/mod/live/history status=200 duration=29.698192ms
2026/08/19 09:09:28 INFO serve: request method=GET path=/mod/live/history status=200 duration=17.477462ms
2026/08/19 09:09:30 INFO serve: request method=GET path=/mod/live/history status=200 duration=18.976423ms
2026/08/19 09:09:31 INFO serve: request method=GET path=/mod/live/history status=200 duration=9.977115ms
2026/08/19 09:09:33 INFO serve: request method=GET path=/mod/live/history status=200 duration=17.435654ms
2026/08/19 09:09:34 INFO serve: request method=GET path=/mod/live/history status=200 duration=24.183654ms
2026/08/19 09:09:35 INFO serve: request method=GET path=/mod/live/history status=200 duration=16.252654ms
2026/08/19 09:09:37 INFO serve: request method=GET path=/mod/live/history status=200 duration=10.245807ms
2026/08/19 09:09:38 INFO serve: request method=GET path=/mod/live/history status=200 duration=10.134731ms
2026/08/19 09:09:40 INFO serve: request method=GET path=/mod/live/history status=200 duration=10.006962ms
2026/08/19 09:09:41 INFO serve: request method=GET path=/mod/live/history status=200 duration=34.732616ms
2026/08/19 09:09:42 INFO serve: request method=GET path=/mod/live/history status=200 duration=15.982538ms
2026/08/19 09:09:44 INFO serve: request method=GET path=/mod/live/history status=200 duration=16.929846ms
2026/08/19 09:09:45 INFO serve: request method=GET path=/mod/live/history status=200 duration=15.567308ms
2026/08/19 09:09:47 INFO serve: request method=GET path=/mod/live/history status=200 duration=14.980192ms
2026/08/19 09:09:48 INFO serve: request method=GET path=/mod/live/history status=200 duration=14.452615ms
2026/08/19 09:09:49 INFO serve: request method=GET path=/mod/live/history status=200 duration=23.874539ms
2026/08/19 09:09:51 INFO serve: request method=GET path=/mod/live/history status=200 duration=7.685116ms
2026/08/19 09:09:52 INFO serve: request method=GET path=/mod/live/history status=200 duration=10.853462ms
2026/08/19 09:09:54 INFO serve: request method=GET path=/mod/live/history status=200 duration=15.786846ms
2026/08/19 09:09:55 INFO serve: request method=GET path=/mod/live/history status=200 duration=23.534423ms
2026/08/19 09:09:56 INFO serve: request method=GET path=/mod/live/history status=200 duration=23.853923ms
2026/08/19 09:09:58 INFO serve: request method=GET path=/mod/live/history status=200 duration=14.055808ms
2026/08/19 09:09:59 INFO serve: request method=GET path=/mod/live/history status=200 duration=13.798808ms
2026/08/19 09:10:01 INFO serve: request method=GET path=/mod/live/history status=200 duration=6.974923ms
2026/08/19 09:10:45 INFO serve: request method=GET path=/mod/live/history status=200 duration=21.014423ms
2026/08/19 09:10:46 INFO serve: request method=GET path=/mod/live/history status=200 duration=16.68023ms
2026/08/19 09:10:48 INFO serve: request method=GET path=/mod/live/history status=200 duration=17.177308ms
2026/08/19 09:10:49 INFO serve: request method=GET path=/mod/live/history status=200 duration=18.461615ms
2026/08/19 09:10:51 INFO serve: request method=GET path=/mod/live/history status=200 duration=23.72223ms
2026/08/19 09:10:52 INFO serve: request method=GET path=/mod/live/history status=200 duration=15.638846ms
2026/08/19 09:10:53 INFO serve: request method=GET path=/mod/live/history status=200 duration=23.960654ms
2026/08/19 09:10:55 INFO serve: request method=GET path=/mod/live/history status=200 duration=19.639808ms
2026/08/19 09:10:56 INFO serve: request method=GET path=/mod/live/history status=200 duration=19.998577ms
2026/08/19 09:10:58 INFO serve: request method=GET path=/mod/live/history status=200 duration=15.916269ms
2026/08/19 09:10:59 INFO serve: request method=GET path=/mod/live/history status=200 duration=34.269269ms
2026/08/19 09:11:00 INFO serve: request method=GET path=/mod/live/history status=200 duration=10.253693ms
2026/08/19 09:11:02 INFO serve: request method=GET path=/mod/live/history status=200 duration=10.067538ms
2026/08/19 09:11:03 INFO serve: request method=GET path=/mod/live/history status=200 duration=10.08477ms
2026/08/19 09:11:05 INFO serve: request method=GET path=/mod/live/history status=200 duration=23.651153ms
2026/08/19 09:11:06 INFO serve: request method=GET path=/mod/live/history status=200 duration=16.441654ms
2026/08/19 09:11:07 INFO serve: request method=GET path=/mod/live/history status=200 duration=16.061039ms
2026/08/19 09:11:09 INFO serve: request method=GET path=/mod/live/history status=200 duration=17.238808ms
2026/08/19 09:11:10 INFO serve: request method=GET path=/mod/live/history status=200 duration=26.07777ms
2026/08/19 09:11:12 INFO serve: request method=GET path=/mod/live/history status=200 duration=22.597076ms
2026/08/19 09:11:13 INFO serve: request method=GET path=/mod/live/history status=200 duration=8.052231ms
2026/08/19 09:13:06 INFO serve: request method=GET path=/mod/live/history status=200 duration=13.75773ms
2026/08/19 09:13:07 INFO serve: request method=GET path=/mod/live/history status=200 duration=15.528346ms
2026/08/19 09:13:09 INFO serve: request method=GET path=/mod/live/history status=200 duration=14.218423ms
2026/08/19 10:03:19 INFO serve: shutting down gracefully
reasonix serve — deepseek-v4-flash on http://127.0.0.1:42845
  auth: token
  share: http://127.0.0.1:42845/ (token in /root/.reasonix-mobile-v1/serve.token)
2026/08/19 10:03:25 INFO serve: request method=POST path=/auth/token status=204 duration=167.77µs
2026/08/19 10:03:25 INFO serve: request method=GET path=/mod/status status=200 duration=8.496577ms
  balance: $1.91
2026/08/19 10:03:27 INFO serve: shutting down gracefully
reasonix serve — deepseek-v4-flash on http://127.0.0.1:46025
  auth: token
  share: http://127.0.0.1:46025/ (token in /root/.reasonix-mobile-v1/serve.token)
2026/08/19 10:03:30 INFO serve: request method=POST path=/auth/token status=204 duration=91.077µs
2026/08/19 10:03:30 INFO serve: request method=GET path=/mod/status status=200 duration=6.299308ms
2026/08/19 10:03:31 INFO serve: shutting down gracefully
  balance: $1.91
reasonix serve — deepseek-v4-flash on http://127.0.0.1:33223
  auth: token
  share: http://127.0.0.1:33223/ (token in /root/.reasonix-mobile-v1/serve.token)
2026/08/19 10:03:34 INFO serve: request method=POST path=/auth/token status=204 duration=719.231µs
2026/08/19 10:03:34 INFO serve: request method=GET path=/mod/status status=200 duration=8.748615ms
2026/08/19 10:03:35 INFO serve: request method=POST path=/tool-approval-mode status=204 duration=2.787462ms
  balance: $1.91
2026/08/19 10:03:36 INFO serve: request method=GET path=/mod/status status=200 duration=9.656423ms
2026/08/19 10:03:39 INFO serve: request method=GET path=/mod/status status=200 duration=10.294885ms
2026/08/19 10:03:39 INFO serve: request method=GET path=/mod/app/contract status=200 duration=1.755577ms
2026/08/19 10:20:04 INFO serve: request method=GET path=/mod/status status=200 duration=49.806731ms
2026/08/19 10:20:04 INFO serve: request method=GET path=/mod/app/contract status=200 duration=5.839039ms
2026/08/19 10:20:04 INFO serve: request method=POST path=/tool-approval-mode status=204 duration=14.343616ms
2026/08/19 10:20:05 INFO serve: request method=GET path=/mod/status status=200 duration=9.779038ms
2026/08/19 10:20:05 INFO serve: request method=GET path=/mod/app/contract status=200 duration=3.672ms
2026/08/19 10:20:07 INFO serve: shutting down gracefully
reasonix serve — deepseek-v4-flash on http://127.0.0.1:44239
  auth: token
  share: http://127.0.0.1:44239/ (token in /root/.reasonix-mobile-v1/serve.token)
2026/08/19 10:20:11 INFO serve: request method=POST path=/auth/token status=204 duration=133.577µs
2026/08/19 10:20:11 INFO serve: request method=GET path=/mod/status status=200 duration=9.636ms
2026/08/19 10:20:11 INFO serve: request method=GET path=/mod/live/history status=200 duration=451.769µs
2026/08/19 10:20:11 INFO serve: request method=GET path=/mod/live/history status=200 duration=187.807µs
  balance: $1.91
2026/08/19 10:20:13 INFO serve: request method=GET path=/mod/live/history status=200 duration=230.962µs
2026/08/19 10:20:14 INFO serve: request method=GET path=/mod/live/history status=200 duration=305.192µs
2026/08/19 10:20:15 INFO serve: request method=GET path=/mod/live/history status=200 duration=444.077µs
2026/08/19 10:20:16 INFO serve: request method=GET path=/mod/live/history status=200 duration=262.961µs
2026/08/19 10:20:16 INFO serve: shutting down gracefully
reasonix serve — deepseek-v4-flash on http://127.0.0.1:34249
  auth: token
  share: http://127.0.0.1:34249/ (token in /root/.reasonix-mobile-v1/serve.token)
2026/08/19 10:20:20 INFO serve: request method=POST path=/auth/token status=204 duration=276.923µs
2026/08/19 10:20:20 INFO serve: request method=GET path=/mod/status status=200 duration=6.135769ms
2026/08/19 10:20:20 INFO serve: request method=GET path=/mod/live/history status=200 duration=228.654µs
2026/08/19 10:20:20 INFO serve: request method=GET path=/mod/live/history status=200 duration=250.654µs
2026/08/19 10:20:21 INFO serve: request method=GET path=/mod/live/history status=200 duration=246.577µs
  balance: $1.91
2026/08/19 10:20:22 INFO serve: request method=GET path=/mod/live/history status=200 duration=366.807µs
2026/08/19 10:20:23 INFO serve: request method=GET path=/mod/live/history status=200 duration=228.308µs
2026/08/19 10:20:24 INFO serve: shutting down gracefully
reasonix serve — deepseek-v4-flash on http://127.0.0.1:42927
  auth: token
  share: http://127.0.0.1:42927/ (token in /root/.reasonix-mobile-v1/serve.token)
2026/08/19 10:20:28 INFO serve: request method=POST path=/auth/token status=204 duration=191.769µs
2026/08/19 10:20:28 INFO serve: request method=GET path=/mod/status status=200 duration=6.543346ms
2026/08/19 10:20:28 INFO serve: request method=GET path=/mod/live/history status=200 duration=289.731µs
2026/08/19 10:20:28 INFO serve: request method=GET path=/mod/live/history status=200 duration=273.615µs
  balance: $1.91
2026/08/19 10:20:29 INFO serve: request method=GET path=/mod/live/history status=200 duration=238.423µs
2026/08/19 10:20:30 INFO serve: request method=GET path=/mod/live/history status=200 duration=388.77µs
2026/08/19 10:20:31 INFO serve: request method=GET path=/mod/live/history status=200 duration=320.192µs
2026/08/19 10:20:32 INFO serve: request method=GET path=/mod/live/history status=200 duration=243.885µs
2026/08/19 10:20:33 INFO serve: request method=GET path=/mod/live/history status=200 duration=561µs
2026/08/19 10:20:34 INFO serve: request method=GET path=/mod/live/history status=200 duration=309.346µs
2026/08/19 10:20:35 INFO serve: request method=GET path=/mod/live/history status=200 duration=380.5µs
2026/08/19 10:20:36 INFO serve: request method=GET path=/mod/live/history status=200 duration=288.461µs
2026/08/19 10:20:36 INFO serve: request method=GET path=/mod/live/history status=200 duration=395.616µs
2026/08/19 10:20:37 INFO serve: request method=GET path=/mod/live/history status=200 duration=372.461µs
2026/08/19 10:20:38 INFO serve: request method=GET path=/mod/live/history status=200 duration=365.23µs
2026/08/19 10:20:39 INFO serve: request method=GET path=/mod/live/history status=200 duration=438.615µs
2026/08/19 10:20:40 INFO serve: request method=GET path=/mod/live/history status=200 duration=375.385µs
2026/08/19 10:20:41 INFO serve: request method=GET path=/mod/live/history status=200 duration=245.269µs
2026/08/19 10:20:42 INFO serve: request method=GET path=/mod/live/history status=200 duration=316.192µs
2026/08/19 10:20:43 INFO serve: request method=GET path=/mod/live/history status=200 duration=332.5µs
2026/08/19 10:20:44 INFO serve: request method=GET path=/mod/live/history status=200 duration=359.308µs
2026/08/19 10:20:45 INFO serve: request method=GET path=/mod/live/history status=200 duration=376.423µs
2026/08/19 10:20:46 INFO serve: request method=GET path=/mod/live/history status=200 duration=206.423µs
2026/08/19 10:20:47 INFO serve: request method=POST path=/tool-approval-mode status=204 duration=24.242308ms
2026/08/19 10:20:47 INFO serve: request method=GET path=/mod/live/history status=200 duration=219.5µs
2026/08/19 10:20:47 INFO serve: request method=POST path=/mod/app/task/start status=400 duration=1.379116ms
2026/08/19 10:20:48 INFO serve: request method=GET path=/mod/live/history status=200 duration=340.693µs
2026/08/19 10:20:49 INFO serve: request method=GET path=/mod/live/history status=200 duration=286.5µs
2026/08/19 10:20:50 INFO serve: request method=GET path=/mod/live/history status=200 duration=398.885µs
2026/08/19 10:20:51 INFO serve: request method=GET path=/mod/live/history status=200 duration=307.615µs
2026/08/19 10:20:52 INFO serve: request method=GET path=/mod/live/history status=200 duration=345.885µs
2026/08/19 10:20:53 INFO serve: request method=GET path=/mod/live/history status=200 duration=248.962µs
2026/08/19 10:20:54 INFO serve: request method=GET path=/mod/live/history status=200 duration=308.5µs
2026/08/19 10:20:54 INFO serve: request method=GET path=/mod/live/history status=200 duration=381.5µs
2026/08/19 10:20:55 INFO serve: request method=POST path=/tool-approval-mode status=204 duration=288.308µs
2026/08/19 10:20:55 INFO serve: request method=POST path=/mod/app/task/start status=400 duration=309µs
2026/08/19 10:20:55 INFO serve: request method=GET path=/mod/live/history status=200 duration=337.769µs
2026/08/19 10:20:56 INFO serve: request method=GET path=/mod/live/history status=200 duration=355.269µs
2026/08/19 10:20:57 INFO serve: request method=GET path=/mod/live/history status=200 duration=395.154µs
2026/08/19 10:20:57 INFO serve: request method=GET path=/mod/status status=200 duration=9.762ms
2026/08/19 10:20:57 INFO serve: request method=GET path=/mod/app/contract status=200 duration=1.812385ms
2026/08/19 10:20:58 INFO serve: request method=GET path=/mod/live/history status=200 duration=189.192µs
2026/08/19 10:20:59 INFO serve: request method=GET path=/mod/status status=200 duration=5.621846ms
2026/08/19 10:20:59 INFO serve: request method=GET path=/mod/app/contract status=200 duration=1.738654ms
2026/08/19 10:20:59 INFO serve: request method=GET path=/mod/live/history status=200 duration=188.423µs
2026/08/19 10:21:00 INFO serve: request method=GET path=/mod/live/history status=200 duration=219.885µs
2026/08/19 10:21:01 INFO serve: request method=GET path=/mod/live/history status=200 duration=195.692µs
2026/08/19 10:21:02 INFO serve: request method=GET path=/mod/live/history status=200 duration=266.807µs
2026/08/19 10:21:03 INFO serve: request method=GET path=/mod/live/history status=200 duration=457.269µs
2026/08/19 10:21:03 INFO serve: request method=GET path=/mod/live/history status=200 duration=349.654µs
2026/08/19 10:21:06 INFO serve: request method=GET path=/mod/live/history status=200 duration=235.692µs
2026/08/19 10:21:07 INFO serve: request method=GET path=/mod/live/history status=200 duration=217.923µs
2026/08/19 10:21:08 INFO serve: request method=GET path=/mod/live/history status=200 duration=311.23µs
2026/08/19 10:21:09 INFO serve: request method=GET path=/mod/status status=200 duration=13.452231ms
2026/08/19 10:21:09 INFO serve: request method=GET path=/mod/app/contract status=200 duration=1.8095ms
2026/08/19 10:21:09 INFO serve: request method=GET path=/mod/live/history status=200 duration=556.577µs
2026/08/19 10:21:10 INFO serve: request method=GET path=/mod/live/history status=200 duration=206.23µs
2026/08/19 10:21:11 INFO serve: request method=GET path=/mod/live/history status=200 duration=344.192µs
2026/08/19 10:21:12 INFO serve: request method=GET path=/mod/live/history status=200 duration=445.923µs
2026/08/19 10:21:12 INFO serve: request method=GET path=/mod/live/history status=200 duration=261.615µs
2026/08/19 10:21:13 INFO serve: request method=GET path=/mod/live/history status=200 duration=323.846µs
2026/08/19 10:21:14 INFO serve: request method=GET path=/mod/live/history status=200 duration=322.539µs
2026/08/19 10:21:15 INFO serve: request method=GET path=/mod/live/history status=200 duration=412.077µs
2026/08/19 10:21:16 INFO serve: request method=GET path=/mod/live/history status=200 duration=314.461µs
2026/08/19 10:21:17 INFO serve: request method=GET path=/mod/live/history status=200 duration=519.269µs
2026/08/19 10:21:17 INFO serve: request method=GET path=/mod/status status=200 duration=12.347577ms
2026/08/19 10:21:17 INFO serve: request method=GET path=/mod/app/contract status=200 duration=1.692808ms
2026/08/19 10:21:18 INFO serve: request method=GET path=/mod/live/history status=200 duration=328.923µs
2026/08/19 10:21:19 INFO serve: request method=GET path=/mod/status status=200 duration=6.6745ms
2026/08/19 10:21:19 INFO serve: request method=GET path=/mod/app/contract status=200 duration=1.307385ms
2026/08/19 10:21:19 INFO serve: request method=POST path=/tool-approval-mode status=204 duration=163.192µs
2026/08/19 10:21:19 INFO serve: request method=GET path=/mod/live/history status=200 duration=217.885µs
2026/08/19 10:21:20 INFO serve: request method=GET path=/mod/live/history status=200 duration=281.847µs
2026/08/19 10:21:20 INFO serve: request method=GET path=/mod/status status=200 duration=5.269616ms
2026/08/19 10:21:20 INFO serve: request method=GET path=/mod/app/contract status=200 duration=1.362731ms
2026/08/19 10:21:20 INFO serve: request method=POST path=/tool-approval-mode status=204 duration=271.269µs
2026/08/19 10:21:21 INFO serve: request method=GET path=/mod/status status=200 duration=5.298039ms
2026/08/19 10:21:21 INFO serve: request method=GET path=/mod/app/contract status=200 duration=1.446769ms
2026/08/19 10:21:21 INFO serve: request method=GET path=/mod/live/history status=200 duration=217.5µs
2026/08/19 10:21:21 INFO serve: request method=GET path=/mod/live/history status=200 duration=279.885µs
2026/08/19 10:21:22 INFO serve: request method=GET path=/mod/status status=200 duration=4.652ms
2026/08/19 10:21:22 INFO serve: request method=GET path=/mod/app/contract status=200 duration=1.571769ms
2026/08/19 10:21:22 INFO serve: request method=GET path=/mod/live/history status=200 duration=216.461µs
2026/08/19 10:21:23 INFO serve: request method=GET path=/mod/live/history status=200 duration=196.346µs
2026/08/19 10:21:24 INFO serve: request method=GET path=/mod/live/history status=200 duration=196.308µs
2026/08/19 10:21:24 INFO serve: request method=GET path=/mod/live/history status=200 duration=264.808µs
2026/08/19 10:21:25 INFO serve: request method=GET path=/mod/live/history status=200 duration=512.154µs
2026/08/19 10:21:26 INFO serve: request method=GET path=/mod/live/history status=200 duration=184.231µs
2026/08/19 10:21:26 INFO serve: request method=POST path=/tool-approval-mode status=204 duration=167.538µs
2026/08/19 10:21:26 INFO serve: request method=POST path=/mod/app/task/start status=400 duration=265.27µs
2026/08/19 10:21:26 INFO serve: request method=GET path=/mod/live/history status=200 duration=287.461µs
2026/08/19 10:21:27 INFO serve: request method=GET path=/mod/live/history status=200 duration=483.884µs
2026/08/19 10:21:28 INFO serve: request method=GET path=/mod/live/history status=200 duration=529.653µs
2026/08/19 10:21:29 INFO serve: request method=GET path=/mod/live/history status=200 duration=292.269µs
2026/08/19 10:21:30 INFO serve: request method=GET path=/mod/live/history status=200 duration=232.346µs
2026/08/19 10:21:31 INFO serve: request method=GET path=/mod/live/history status=200 duration=221.616µs
2026/08/19 10:21:31 INFO serve: request method=POST path=/tool-approval-mode status=204 duration=451.615µs
2026/08/19 10:21:31 INFO serve: request method=POST path=/mod/app/task/start status=400 duration=209.192µs
2026/08/19 10:21:32 INFO serve: request method=GET path=/mod/live/history status=200 duration=418.539µs
2026/08/19 10:21:33 INFO serve: request method=GET path=/mod/live/history status=200 duration=381.116µs
2026/08/19 10:21:34 INFO serve: request method=GET path=/mod/live/history status=200 duration=205.116µs
2026/08/19 10:21:35 INFO serve: request method=GET path=/mod/live/history status=200 duration=187.308µs
2026/08/19 10:22:21 INFO serve: request method=GET path=/mod/live/history status=200 duration=548.269µs
2026/08/19 10:22:22 INFO serve: request method=GET path=/mod/live/history status=200 duration=292.461µs
2026/08/19 10:22:23 INFO serve: request method=GET path=/mod/status status=200 duration=9.386577ms
2026/08/19 10:22:23 INFO serve: request method=GET path=/mod/app/contract status=200 duration=3.9925ms
2026/08/19 10:22:23 INFO serve: request method=GET path=/mod/live/history status=200 duration=298.923µs
2026/08/19 10:22:24 INFO serve: request method=GET path=/mod/status status=200 duration=8.913538ms
2026/08/19 10:22:24 INFO serve: request method=GET path=/mod/app/contract status=200 duration=1.999116ms
2026/08/19 10:22:24 INFO serve: request method=POST path=/tool-approval-mode status=204 duration=391.539µs
2026/08/19 10:22:24 INFO serve: request method=GET path=/mod/live/history status=200 duration=336.885µs
2026/08/19 10:22:25 INFO serve: request method=GET path=/mod/live/history status=200 duration=345.769µs
2026/08/19 10:22:25 INFO serve: request method=GET path=/mod/status status=200 duration=6.580692ms
2026/08/19 10:22:25 INFO serve: request method=GET path=/mod/app/contract status=200 duration=1.886307ms
2026/08/19 10:22:26 INFO serve: request method=GET path=/mod/live/history status=200 duration=575.846µs
2026/08/19 10:22:26 INFO serve: request method=GET path=/mod/live/history status=200 duration=193.038µs
2026/08/19 10:22:27 INFO serve: request method=GET path=/mod/live/history status=200 duration=209.692µs
2026/08/19 10:22:28 INFO serve: request method=GET path=/mod/live/history status=200 duration=366.077µs
2026/08/19 10:22:29 INFO serve: request method=GET path=/mod/live/history status=200 duration=254.27µs
2026/08/19 10:22:30 INFO serve: request method=GET path=/mod/live/history status=200 duration=386.962µs
2026/08/19 10:22:31 INFO serve: request method=GET path=/mod/live/history status=200 duration=419.269µs
2026/08/19 10:22:32 INFO serve: request method=GET path=/mod/live/history status=200 duration=229.846µs
2026/08/19 10:22:32 INFO serve: request method=GET path=/mod/live/history status=200 duration=293.346µs
2026/08/19 10:22:33 INFO serve: request method=GET path=/mod/live/history status=200 duration=358.154µs
2026/08/19 10:22:34 INFO serve: request method=GET path=/mod/live/history status=200 duration=384.808µs
2026/08/19 10:22:35 INFO serve: request method=GET path=/mod/live/history status=200 duration=284.538µs
2026/08/19 10:22:36 INFO serve: request method=GET path=/mod/live/history status=200 duration=611.039µs
2026/08/19 10:22:37 INFO serve: request method=GET path=/mod/live/history status=200 duration=320.5µs
2026/08/19 10:22:38 INFO serve: request method=GET path=/mod/live/history status=200 duration=451.5µs
2026/08/19 10:22:38 INFO serve: request method=POST path=/tool-approval-mode status=204 duration=6.480385ms
2026/08/19 10:22:38 INFO serve: request method=POST path=/mod/app/task/start status=400 duration=349.423µs
2026/08/19 10:22:39 INFO serve: request method=GET path=/mod/live/history status=200 duration=241.615µs
2026/08/19 10:22:40 INFO serve: request method=GET path=/mod/live/history status=200 duration=423.308µs
2026/08/19 10:22:41 INFO serve: request method=GET path=/mod/live/history status=200 duration=302.039µs
2026/08/19 10:22:41 INFO serve: request method=GET path=/mod/live/history status=200 duration=283.038µs
2026/08/19 10:22:42 INFO serve: request method=GET path=/mod/live/history status=200 duration=232.923µs
2026/08/19 10:22:43 INFO serve: request method=GET path=/mod/live/history status=200 duration=297.808µs
2026/08/19 10:22:44 INFO serve: request method=POST path=/tool-approval-mode status=204 duration=657µs
2026/08/19 10:22:44 INFO serve: request method=POST path=/mod/app/task/start status=400 duration=291.577µs
2026/08/19 10:22:44 INFO serve: request method=GET path=/mod/live/history status=200 duration=580.385µs
2026/08/19 10:22:45 INFO serve: request method=GET path=/mod/live/history status=200 duration=190.692µs
2026/08/19 10:22:46 INFO serve: request method=GET path=/mod/live/history status=200 duration=180.231µs
2026/08/19 10:22:47 INFO serve: request method=GET path=/mod/live/history status=200 duration=206.269µs
2026/08/19 10:22:54 INFO serve: request method=GET path=/mod/live/history status=200 duration=190.961µs
2026/08/19 10:22:55 INFO serve: request method=GET path=/mod/live/history status=200 duration=249.077µs
2026/08/19 10:22:55 INFO serve: request method=GET path=/mod/status status=200 duration=8.032962ms
2026/08/19 10:22:55 INFO serve: request method=GET path=/mod/app/contract status=200 duration=1.417115ms
2026/08/19 10:22:56 INFO serve: request method=GET path=/mod/live/history status=200 duration=431.807µs
2026/08/19 10:22:57 INFO serve: request method=GET path=/mod/live/history status=200 duration=206.692µs
2026/08/19 10:22:58 INFO serve: request method=GET path=/mod/live/history status=200 duration=432.154µs
2026/08/19 10:22:58 INFO serve: request method=GET path=/mod/live/history status=200 duration=478.692µs
2026/08/19 10:22:59 INFO serve: request method=GET path=/mod/live/history status=200 duration=236.231µs
2026/08/19 10:23:00 INFO serve: request method=GET path=/mod/live/history status=200 duration=338.385µs
2026/08/19 10:23:01 INFO serve: request method=GET path=/mod/live/history status=200 duration=367.962µs
2026/08/19 10:23:02 INFO serve: request method=GET path=/mod/live/history status=200 duration=351.846µs
2026/08/19 10:23:03 INFO serve: request method=GET path=/mod/live/history status=200 duration=198.962µs
2026/08/19 10:23:04 INFO serve: request method=GET path=/mod/live/history status=200 duration=294.308µs
2026/08/19 10:23:04 INFO serve: request method=GET path=/mod/status status=200 duration=6.952693ms
2026/08/19 10:23:04 INFO serve: request method=GET path=/mod/app/contract status=200 duration=2.0305ms
2026/08/19 10:23:04 INFO serve: request method=POST path=/tool-approval-mode status=204 duration=261.577µs
2026/08/19 10:23:05 INFO serve: request method=GET path=/mod/live/history status=200 duration=231.769µs
2026/08/19 10:23:06 INFO serve: request method=GET path=/mod/live/history status=200 duration=236.884µs
2026/08/19 10:23:06 INFO serve: request method=GET path=/mod/status status=200 duration=6.974654ms
2026/08/19 10:23:06 INFO serve: request method=GET path=/mod/app/contract status=200 duration=1.394962ms
2026/08/19 10:23:07 INFO serve: request method=GET path=/mod/live/history status=200 duration=195.923µs
2026/08/19 10:23:07 INFO serve: request method=GET path=/mod/live/history status=200 duration=352.231µs
2026/08/19 10:23:08 INFO serve: request method=GET path=/mod/live/history status=200 duration=396.384µs
2026/08/19 10:23:09 INFO serve: request method=GET path=/mod/live/history status=200 duration=228.231µs
2026/08/19 10:23:10 INFO serve: request method=GET path=/mod/live/history status=200 duration=327.192µs
2026/08/19 10:23:11 INFO serve: request method=GET path=/mod/live/history status=200 duration=306.23µs
2026/08/19 10:23:12 INFO serve: request method=GET path=/mod/live/history status=200 duration=440.731µs
2026/08/19 10:23:12 INFO serve: request method=GET path=/mod/live/history status=200 duration=354.577µs
2026/08/19 10:23:13 INFO serve: request method=GET path=/mod/live/history status=200 duration=436.307µs
2026/08/19 10:23:14 INFO serve: request method=GET path=/mod/live/history status=200 duration=296.5µs
2026/08/19 10:23:15 INFO serve: request method=GET path=/mod/live/history status=200 duration=397.423µs
2026/08/19 10:23:16 INFO serve: request method=GET path=/mod/live/history status=200 duration=360.269µs
2026/08/19 10:23:17 INFO serve: request method=GET path=/mod/live/history status=200 duration=471.116µs
2026/08/19 10:23:18 INFO serve: request method=GET path=/mod/live/history status=200 duration=235.384µs
2026/08/19 10:23:19 INFO serve: request method=GET path=/mod/live/history status=200 duration=264.653µs
2026/08/19 10:23:20 INFO serve: request method=GET path=/mod/live/history status=200 duration=322.615µs
2026/08/19 10:23:21 INFO serve: request method=GET path=/mod/live/history status=200 duration=270.077µs
2026/08/19 10:23:21 INFO serve: request method=GET path=/mod/live/history status=200 duration=252.692µs
2026/08/19 10:23:22 INFO serve: request method=GET path=/mod/live/history status=200 duration=307.077µs
2026/08/19 10:23:23 INFO serve: request method=GET path=/mod/live/history status=200 duration=285.115µs
2026/08/19 10:23:24 INFO serve: request method=GET path=/mod/live/history status=200 duration=381.308µs
2026/08/19 10:23:25 INFO serve: request method=GET path=/mod/live/history status=200 duration=423.692µs
2026/08/19 10:23:26 INFO serve: request method=GET path=/mod/live/history status=200 duration=477.962µs
2026/08/19 10:23:27 INFO serve: request method=GET path=/mod/live/history status=200 duration=366.808µs
2026/08/19 10:23:28 INFO serve: request method=GET path=/mod/live/history status=200 duration=357.039µs
2026/08/19 10:23:29 INFO serve: request method=GET path=/mod/live/history status=200 duration=482.731µs
2026/08/19 10:23:30 INFO serve: request method=GET path=/mod/live/history status=200 duration=363.154µs
2026/08/19 10:23:30 INFO serve: request method=GET path=/mod/live/history status=200 duration=339.808µs
2026/08/19 10:23:31 INFO serve: request method=GET path=/mod/live/history status=200 duration=366.885µs
2026/08/19 10:23:32 INFO serve: request method=GET path=/mod/live/history status=200 duration=338.693µs
2026/08/19 10:23:33 INFO serve: request method=GET path=/mod/status status=200 duration=8.353654ms
2026/08/19 10:23:33 INFO serve: request method=GET path=/mod/app/contract status=200 duration=1.715038ms
2026/08/19 10:23:33 INFO serve: request method=GET path=/mod/live/history status=200 duration=277.577µs
2026/08/19 10:23:34 INFO serve: request method=GET path=/mod/live/history status=200 duration=185.269µs
2026/08/19 10:23:34 INFO serve: request method=GET path=/mod/status status=200 duration=6.205153ms
2026/08/19 10:23:34 INFO serve: request method=GET path=/mod/app/contract status=200 duration=1.70623ms
2026/08/19 10:23:35 INFO serve: request method=GET path=/mod/live/history status=200 duration=184.038µs
2026/08/19 10:23:36 INFO serve: request method=GET path=/mod/live/history status=200 duration=221.808µs
2026/08/19 10:23:36 INFO serve: request method=GET path=/mod/status status=200 duration=3.246115ms
2026/08/19 10:23:36 INFO serve: request method=GET path=/mod/app/contract status=200 duration=1.379808ms
2026/08/19 10:23:37 INFO serve: request method=GET path=/mod/live/history status=200 duration=222.346µs
2026/08/19 10:23:38 INFO serve: request method=GET path=/mod/live/history status=200 duration=389.616µs
2026/08/19 10:23:38 INFO serve: request method=GET path=/mod/status status=200 duration=11.531269ms
2026/08/19 10:23:38 INFO serve: request method=GET path=/mod/app/contract status=200 duration=1.1615ms
2026/08/19 10:23:38 INFO serve: request method=GET path=/mod/live/history status=200 duration=308.077µs
2026/08/19 10:23:39 INFO serve: request method=GET path=/mod/live/history status=200 duration=233.961µs
2026/08/19 10:23:40 INFO serve: request method=GET path=/mod/status status=200 duration=6.11173ms
2026/08/19 10:23:40 INFO serve: request method=GET path=/mod/app/contract status=200 duration=2.362884ms
2026/08/19 10:23:40 INFO serve: request method=GET path=/mod/live/history status=200 duration=334.461µs
2026/08/19 10:23:41 INFO serve: request method=GET path=/mod/live/history status=200 duration=230.616µs
2026/08/19 10:23:41 INFO serve: request method=GET path=/mod/status status=200 duration=11.864461ms
2026/08/19 10:23:41 INFO serve: request method=GET path=/mod/app/contract status=200 duration=1.343ms
2026/08/19 10:23:42 INFO serve: request method=GET path=/mod/live/history status=200 duration=196.231µs
2026/08/19 10:23:43 INFO serve: request method=GET path=/mod/live/history status=200 duration=212.5µs
2026/08/19 10:26:34 INFO serve: shutting down gracefully
reasonix serve — deepseek-v4-flash on http://127.0.0.1:38827
  auth: token
  share: http://127.0.0.1:38827/ (token in /root/.reasonix-mobile-v1/serve.token)
2026/08/19 10:26:40 INFO serve: request method=POST path=/auth/token status=204 duration=425.615µs
2026/08/19 10:26:40 INFO serve: request method=GET path=/mod/status status=200 duration=15.239577ms
  balance: $1.91
2026/08/19 10:27:11 INFO serve: request method=GET path=/mod/live/history status=200 duration=1.270808ms
2026/08/19 10:27:12 INFO serve: request method=GET path=/mod/live/history status=200 duration=236.539µs
2026/08/19 10:27:13 INFO serve: request method=GET path=/mod/live/history status=200 duration=242.154µs
2026/08/19 10:27:13 INFO serve: request method=GET path=/mod/live/history status=200 duration=123.307µs
2026/08/19 10:27:14 INFO serve: request method=GET path=/mod/live/history status=200 duration=176.884µs
2026/08/19 10:27:15 INFO serve: request method=GET path=/mod/live/history status=200 duration=318µs
2026/08/19 10:27:16 INFO serve: request method=GET path=/mod/live/history status=200 duration=223.116µs
2026/08/19 10:27:17 INFO serve: request method=GET path=/mod/live/history status=200 duration=219.846µs
2026/08/19 10:27:18 INFO serve: request method=GET path=/mod/live/history status=200 duration=377.962µs
2026/08/19 10:27:19 INFO serve: request method=GET path=/mod/live/history status=200 duration=375.5µs
2026/08/19 10:27:20 INFO serve: request method=GET path=/mod/live/history status=200 duration=375.193µs
2026/08/19 10:27:21 INFO serve: request method=GET path=/mod/live/history status=200 duration=484.115µs
2026/08/19 10:27:22 INFO serve: request method=GET path=/mod/live/history status=200 duration=300.307µs
2026/08/19 10:27:22 INFO serve: request method=GET path=/mod/live/history status=200 duration=411.384µs
2026/08/19 10:27:23 INFO serve: request method=GET path=/mod/live/history status=200 duration=193.462µs
2026/08/19 10:27:24 INFO serve: request method=GET path=/mod/live/history status=200 duration=294.731µs
2026/08/19 10:27:24 INFO serve: shutting down gracefully
reasonix serve — deepseek-v4-flash on http://127.0.0.1:41253
  auth: token
  share: http://127.0.0.1:41253/ (token in /root/.reasonix-mobile-v1/serve.token)
2026/08/19 10:27:27 INFO serve: request method=POST path=/auth/token status=204 duration=193.961µs
2026/08/19 10:27:27 INFO serve: request method=GET path=/mod/status status=200 duration=6.127423ms
2026/08/19 10:27:27 INFO serve: request method=GET path=/mod/live/history status=200 duration=250.616µs
2026/08/19 10:27:27 INFO serve: request method=GET path=/mod/status status=200 duration=6.357808ms
2026/08/19 10:27:27 INFO serve: request method=GET path=/mod/app/contract status=200 duration=1.733346ms
2026/08/19 10:27:28 INFO serve: request method=POST path=/tool-approval-mode status=204 duration=8.124962ms
2026/08/19 10:27:28 INFO serve: request method=GET path=/mod/live/history status=200 duration=193.653µs
  balance: $1.91
2026/08/19 10:27:29 INFO serve: request method=GET path=/mod/live/history status=200 duration=726.269µs
2026/08/19 10:27:29 INFO serve: request method=GET path=/mod/status status=200 duration=14.438461ms
2026/08/19 10:27:29 INFO serve: request method=GET path=/mod/app/contract status=200 duration=1.324615ms
2026/08/19 10:27:30 INFO serve: request method=GET path=/mod/live/history status=200 duration=171.269µs
2026/08/19 10:27:31 INFO serve: request method=GET path=/mod/live/history status=200 duration=1.491577ms
2026/08/19 10:27:31 INFO serve: request method=GET path=/mod/live/history status=200 duration=345.577µs
2026/08/19 10:27:32 INFO serve: request method=GET path=/mod/live/history status=200 duration=291.269µs
2026/08/19 10:27:33 INFO serve: request method=GET path=/mod/live/history status=200 duration=203.154µs
2026/08/19 10:27:34 INFO serve: request method=GET path=/mod/live/history status=200 duration=400.808µs
2026/08/19 10:27:35 INFO serve: request method=POST path=/tool-approval-mode status=204 duration=369.693µs
2026/08/19 10:27:35 INFO serve: request method=POST path=/mod/app/task/start status=400 duration=751.654µs
2026/08/19 10:27:35 INFO serve: request method=GET path=/mod/live/history status=200 duration=288.153µs
2026/08/19 10:27:36 INFO serve: request method=GET path=/mod/live/history status=200 duration=254.731µs
2026/08/19 10:27:37 INFO serve: request method=GET path=/mod/live/history status=200 duration=400.269µs
2026/08/19 10:27:38 INFO serve: request method=GET path=/mod/live/history status=200 duration=306.077µs
2026/08/19 10:27:38 INFO serve: request method=GET path=/mod/status status=200 duration=11.231231ms
2026/08/19 10:27:38 INFO serve: request method=GET path=/mod/app/contract status=200 duration=1.705808ms
2026/08/19 10:27:39 INFO serve: request method=GET path=/mod/live/history status=200 duration=200.962µs
2026/08/19 10:27:40 INFO serve: request method=GET path=/mod/live/history status=200 duration=194.231µs
2026/08/19 10:27:40 INFO serve: request method=GET path=/mod/live/history status=200 duration=361.808µs
2026/08/19 10:27:41 INFO serve: request method=GET path=/mod/live/history status=200 duration=248.923µs
2026/08/19 10:27:42 INFO serve: request method=GET path=/mod/live/history status=200 duration=243.846µs
2026/08/19 10:27:43 INFO serve: request method=GET path=/mod/live/history status=200 duration=276.77µs
2026/08/19 10:27:44 INFO serve: request method=GET path=/mod/live/history status=200 duration=337.039µs
2026/08/19 10:27:44 INFO serve: request method=POST path=/tool-approval-mode status=204 duration=621µs
2026/08/19 10:27:44 INFO serve: request method=POST path=/mod/app/task/start status=400 duration=283.5µs
2026/08/19 10:27:45 INFO serve: request method=GET path=/mod/live/history status=200 duration=224.077µs
2026/08/19 10:27:46 INFO serve: request method=GET path=/mod/live/history status=200 duration=222.423µs
2026/08/19 10:39:21 INFO serve: request method=GET path=/mod/status status=200 duration=100.951808ms
2026/08/19 10:39:21 INFO serve: request method=GET path=/mod/app/contract status=200 duration=12.4725ms
2026/08/19 10:39:21 INFO serve: request method=POST path=/tool-approval-mode status=204 duration=26.601384ms
2026/08/19 10:39:25 INFO serve: request method=GET path=/mod/status status=200 duration=5.910346ms
2026/08/19 10:39:25 INFO serve: request method=GET path=/mod/app/contract status=200 duration=985.769µs
2026/08/19 10:39:26 INFO serve: request method=POST path=/tool-approval-mode status=204 duration=96.23µs
2026/08/19 10:39:26 INFO serve: request method=GET path=/mod/live/history status=200 duration=180µs
2026/08/19 10:39:26 INFO serve: request method=POST path=/mod/app/task/start status=202 duration=49.062423ms
2026/08/19 10:39:26 INFO serve: request method=GET path=/mod/live/history status=200 duration=109.693µs
2026/08/19 10:39:27 INFO serve: request method=GET path=/mod/live/history status=200 duration=363.461µs
2026/08/19 10:39:28 INFO serve: request method=GET path=/mod/live/history status=200 duration=691.577µs
2026/08/19 10:39:29 INFO serve: request method=GET path=/mod/live/history status=200 duration=691.153µs
2026/08/19 10:39:29 INFO serve: request method=GET path=/mod/status status=200 duration=9.69ms
2026/08/19 10:39:29 INFO serve: request method=GET path=/mod/app/contract status=200 duration=1.315538ms
2026/08/19 10:39:30 INFO serve: request method=GET path=/mod/live/history status=200 duration=535.308µs
2026/08/19 10:39:31 INFO serve: request method=GET path=/mod/live/history status=200 duration=811µs
2026/08/19 10:39:32 INFO serve: request method=GET path=/mod/live/history status=200 duration=782.885µs
2026/08/19 10:39:33 INFO serve: request method=GET path=/mod/live/history status=200 duration=890µs
2026/08/19 10:39:34 INFO serve: request method=GET path=/mod/live/history status=200 duration=1.026423ms
2026/08/19 10:39:35 INFO serve: request method=GET path=/mod/live/history status=200 duration=925.846µs
2026/08/19 10:39:35 INFO serve: request method=GET path=/mod/live/history status=200 duration=1.452346ms
2026/08/19 10:39:36 INFO serve: request method=GET path=/mod/live/history status=200 duration=1.349385ms
2026/08/19 10:39:37 INFO serve: request method=GET path=/mod/live/history status=200 duration=1.218961ms
2026/08/19 10:39:38 INFO serve: request method=GET path=/mod/live/history status=200 duration=1.075192ms
2026/08/19 10:39:39 INFO serve: request method=GET path=/mod/live/history status=200 duration=767.192µs
2026/08/19 10:39:40 INFO serve: request method=GET path=/mod/status status=200 duration=6.977846ms
2026/08/19 10:39:40 INFO serve: request method=GET path=/mod/app/contract status=200 duration=1.300808ms
2026/08/19 10:39:40 INFO serve: request method=GET path=/mod/live/history status=200 duration=668.423µs
2026/08/19 10:39:41 INFO serve: request method=GET path=/mod/live/history status=200 duration=581.154µs
2026/08/19 10:39:42 INFO serve: request method=GET path=/mod/status status=200 duration=5.732308ms
2026/08/19 10:39:42 INFO serve: request method=GET path=/mod/app/contract status=200 duration=1.4185ms
2026/08/19 10:39:42 INFO serve: request method=POST path=/tool-approval-mode status=204 duration=601.192µs
2026/08/19 10:39:42 INFO serve: request method=GET path=/mod/live/history status=200 duration=734.116µs
2026/08/19 10:39:43 INFO serve: request method=GET path=/mod/live/history status=200 duration=643.5µs
2026/08/19 10:39:43 INFO serve: request method=GET path=/mod/status status=200 duration=8.664269ms
2026/08/19 10:39:43 INFO serve: request method=GET path=/mod/app/contract status=200 duration=1.773ms
2026/08/19 10:39:44 INFO serve: request method=GET path=/mod/live/history status=200 duration=1.238692ms
2026/08/19 10:39:44 INFO serve: request method=GET path=/mod/live/history status=200 duration=766.731µs
2026/08/19 10:39:45 INFO serve: request method=GET path=/mod/live/history status=200 duration=903.693µs
2026/08/19 10:40:13 INFO serve: request method=GET path=/mod/live/history status=200 duration=587.269µs
2026/08/19 10:40:14 INFO serve: request method=GET path=/mod/live/history status=200 duration=619.154µs
2026/08/19 10:40:15 INFO serve: request method=GET path=/mod/live/history status=200 duration=1.152115ms
2026/08/19 10:40:17 INFO serve: request method=GET path=/mod/live/history status=200 duration=1.5135ms
2026/08/19 10:40:17 INFO serve: request method=GET path=/mod/live/history status=200 duration=606.077µs
2026/08/19 10:40:18 INFO serve: request method=GET path=/mod/live/history status=200 duration=614.269µs
2026/08/19 10:40:19 INFO serve: request method=GET path=/mod/live/history status=200 duration=622.423µs
2026/08/19 10:40:19 INFO serve: shutting down gracefully
reasonix serve — deepseek-v4-flash on http://127.0.0.1:33339
  auth: token
  share: http://127.0.0.1:33339/ (token in /root/.reasonix-mobile-v1/serve.token)
2026/08/19 10:40:23 INFO serve: request method=POST path=/auth/token status=204 duration=338.5µs
2026/08/19 10:40:23 INFO serve: request method=GET path=/mod/status status=200 duration=10.969577ms
2026/08/19 10:40:23 INFO serve: request method=GET path=/mod/live/history status=200 duration=213.192µs
2026/08/19 10:40:24 INFO serve: request method=GET path=/mod/live/history status=200 duration=158.769µs
2026/08/19 10:40:24 INFO serve: request method=GET path=/mod/live/history status=200 duration=177.038µs
  balance: $1.91
2026/08/19 10:40:25 INFO serve: request method=GET path=/mod/live/history status=200 duration=191.923µs
2026/08/19 10:40:26 INFO serve: request method=GET path=/mod/live/history status=200 duration=225.769µs
2026/08/19 10:40:27 INFO serve: request method=GET path=/mod/live/history status=200 duration=240.577µs
2026/08/19 10:40:28 INFO serve: request method=GET path=/mod/live/history status=200 duration=257.461µs
2026/08/19 10:40:29 INFO serve: request method=GET path=/mod/live/history status=200 duration=216.385µs
2026/08/19 10:40:30 INFO serve: request method=GET path=/mod/live/history status=200 duration=127.653µs
2026/08/19 10:40:31 INFO serve: request method=GET path=/mod/live/history status=200 duration=318.346µs
2026/08/19 10:40:32 INFO serve: request method=GET path=/mod/live/history status=200 duration=418.538µs
2026/08/19 10:40:33 INFO serve: request method=GET path=/mod/live/history status=200 duration=398.923µs
2026/08/19 10:40:33 INFO serve: request method=GET path=/mod/live/history status=200 duration=385.654µs
2026/08/19 10:40:34 INFO serve: request method=GET path=/mod/live/history status=200 duration=221.423µs
2026/08/19 10:40:35 INFO serve: request method=GET path=/mod/live/history status=200 duration=342.808µs
2026/08/19 10:40:36 INFO serve: request method=POST path=/tool-approval-mode status=204 duration=837.615µs
2026/08/19 10:40:36 INFO serve: request method=POST path=/mod/app/task/start status=202 duration=14.486385ms
2026/08/19 10:40:36 INFO serve: request method=GET path=/mod/live/history status=200 duration=169.654µs
2026/08/19 10:40:37 INFO serve: request method=GET path=/mod/live/history status=200 duration=517.193µs
2026/08/19 10:40:38 INFO serve: request method=GET path=/mod/live/history status=200 duration=625.116µs
2026/08/19 10:40:39 INFO serve: request method=GET path=/mod/live/history status=200 duration=639.846µs
2026/08/19 10:40:40 INFO serve: request method=GET path=/mod/live/history status=200 duration=793.807µs
2026/08/19 10:40:40 INFO serve: request method=GET path=/mod/live/history status=200 duration=530.115µs
2026/08/19 10:40:41 INFO serve: request method=GET path=/mod/live/history status=200 duration=464.461µs
2026/08/19 10:40:42 INFO serve: request method=GET path=/mod/live/history status=200 duration=523.731µs
2026/08/19 10:40:43 INFO serve: request method=GET path=/mod/live/history status=200 duration=897.27µs
2026/08/19 10:40:44 INFO serve: request method=GET path=/mod/live/history status=200 duration=750.615µs
2026/08/19 10:40:45 INFO serve: request method=GET path=/mod/live/history status=200 duration=677.231µs
2026/08/19 10:40:46 INFO serve: request method=GET path=/mod/live/history status=200 duration=508.039µs
2026/08/19 10:40:47 INFO serve: request method=GET path=/mod/live/history status=200 duration=588.423µs
2026/08/19 10:40:48 INFO serve: request method=GET path=/mod/live/history status=200 duration=876.616µs
2026/08/19 10:40:49 INFO serve: request method=GET path=/mod/live/history status=200 duration=744.5µs
2026/08/19 10:40:49 INFO serve: request method=GET path=/mod/live/history status=200 duration=965.615µs
2026/08/19 10:40:50 INFO serve: request method=GET path=/mod/live/history status=200 duration=611.923µs
2026/08/19 10:40:51 INFO serve: request method=GET path=/mod/live/history status=200 duration=1.218231ms
2026/08/19 10:40:52 INFO serve: request method=GET path=/mod/live/history status=200 duration=834.385µs
2026/08/19 10:40:53 INFO serve: request method=GET path=/mod/live/history status=200 duration=1.385192ms
2026/08/19 10:40:54 INFO serve: request method=GET path=/mod/live/history status=200 duration=1.224154ms
2026/08/19 10:40:55 INFO serve: request method=GET path=/mod/live/history status=200 duration=1.168577ms
2026/08/19 10:40:56 INFO serve: request method=GET path=/mod/live/history status=200 duration=1.440654ms
2026/08/19 10:40:57 INFO serve: request method=GET path=/mod/live/history status=200 duration=1.280615ms
2026/08/19 10:40:58 INFO serve: request method=GET path=/mod/live/history status=200 duration=1.369884ms
2026/08/19 10:40:58 INFO serve: request method=GET path=/mod/live/history status=200 duration=1.331808ms
2026/08/19 10:40:59 INFO serve: request method=GET path=/mod/live/history status=200 duration=1.352038ms
2026/08/19 10:41:00 INFO serve: request method=GET path=/mod/live/history status=200 duration=1.370961ms
2026/08/19 10:41:01 INFO serve: request method=GET path=/mod/live/history status=200 duration=1.346ms
2026/08/19 10:41:02 INFO serve: request method=GET path=/mod/live/history status=200 duration=1.330347ms
2026/08/19 10:41:03 INFO serve: request method=GET path=/mod/live/history status=200 duration=1.175153ms
2026/08/19 10:41:04 INFO serve: request method=GET path=/mod/live/history status=200 duration=1.546038ms
2026/08/19 10:41:05 INFO serve: request method=GET path=/mod/live/history status=200 duration=1.254693ms
2026/08/19 10:41:06 INFO serve: request method=GET path=/mod/live/history status=200 duration=1.293153ms
2026/08/19 10:41:07 INFO serve: request method=GET path=/mod/live/history status=200 duration=1.531039ms
2026/08/19 10:41:07 INFO serve: request method=GET path=/mod/live/history status=200 duration=1.655693ms
2026/08/19 10:41:08 INFO serve: request method=GET path=/mod/live/history status=200 duration=1.335654ms
2026/08/19 10:41:09 INFO serve: request method=GET path=/mod/live/history status=200 duration=1.363884ms
2026/08/19 10:41:10 INFO serve: request method=GET path=/mod/live/history status=200 duration=566.154µs
2026/08/19 10:41:11 INFO serve: request method=GET path=/mod/live/history status=200 duration=717.692µs
2026/08/19 10:41:12 INFO serve: request method=GET path=/mod/live/history status=200 duration=1.110039ms
2026/08/19 10:41:13 INFO serve: request method=GET path=/mod/live/history status=200 duration=1.117039ms
2026/08/19 10:41:14 INFO serve: request method=GET path=/mod/live/history status=200 duration=625.923µs
2026/08/19 10:41:15 INFO serve: request method=GET path=/mod/live/history status=200 duration=887.231µs
2026/08/19 10:41:16 INFO serve: request method=GET path=/mod/live/history status=200 duration=604.384µs
2026/08/19 10:41:16 INFO serve: request method=GET path=/mod/live/history status=200 duration=709.269µs
2026/08/19 10:41:17 INFO serve: request method=GET path=/mod/live/history status=200 duration=1.173038ms
2026/08/19 10:41:18 INFO serve: request method=GET path=/mod/live/history status=200 duration=712.576µs
2026/08/19 10:41:19 INFO serve: request method=GET path=/mod/live/history status=200 duration=1.092961ms
2026/08/19 10:41:20 INFO serve: request method=GET path=/mod/live/history status=200 duration=1.600077ms
2026/08/19 10:41:21 INFO serve: request method=GET path=/mod/live/history status=200 duration=1.641615ms
2026/08/19 10:41:22 INFO serve: request method=GET path=/mod/live/history status=200 duration=1.141577ms
2026/08/19 10:41:23 INFO serve: request method=GET path=/mod/live/history status=200 duration=1.348807ms
2026/08/19 10:41:24 INFO serve: request method=GET path=/mod/live/history status=200 duration=1.188231ms
2026/08/19 10:41:25 INFO serve: request method=GET path=/mod/live/history status=200 duration=1.145961ms
2026/08/19 10:41:25 INFO serve: request method=GET path=/mod/live/history status=200 duration=1.615846ms
2026/08/19 10:41:26 INFO serve: request method=GET path=/mod/live/history status=200 duration=1.156885ms
2026/08/19 10:41:27 INFO serve: request method=GET path=/mod/live/history status=200 duration=1.22373ms
2026/08/19 10:41:28 INFO serve: request method=GET path=/mod/live/history status=200 duration=1.182077ms
2026/08/19 10:41:29 INFO serve: request method=GET path=/mod/live/history status=200 duration=688.961µs
2026/08/19 10:41:30 INFO serve: request method=GET path=/mod/live/history status=200 duration=1.302192ms
2026/08/19 10:41:31 INFO serve: request method=GET path=/mod/live/history status=200 duration=1.743269ms
2026/08/19 10:41:32 INFO serve: request method=GET path=/mod/live/history status=200 duration=1.461384ms
2026/08/19 10:41:33 INFO serve: request method=GET path=/mod/live/history status=200 duration=1.232039ms
2026/08/19 10:41:34 INFO serve: request method=GET path=/mod/live/history status=200 duration=2.335538ms
2026/08/19 10:41:34 INFO serve: request method=GET path=/mod/live/history status=200 duration=1.428653ms
2026/08/19 10:41:35 INFO serve: request method=GET path=/mod/live/history status=200 duration=660.615µs
2026/08/19 10:41:36 INFO serve: request method=GET path=/mod/live/history status=200 duration=967.27µs
2026/08/19 10:41:37 INFO serve: request method=GET path=/mod/live/history status=200 duration=1.232577ms
2026/08/19 10:41:37 INFO serve: request method=POST path=/tool-approval-mode status=204 duration=408.231µs
2026/08/19 10:41:37 INFO serve: request method=POST path=/mod/app/task/start status=202 duration=7.689038ms
2026/08/19 10:41:37 INFO serve: request method=GET path=/mod/live/history status=200 duration=625.269µs
2026/08/19 10:41:38 INFO serve: request method=GET path=/mod/live/history status=200 duration=973.231µs
2026/08/19 10:41:39 INFO serve: request method=GET path=/mod/live/history status=200 duration=1.255423ms
2026/08/19 10:41:40 INFO serve: request method=GET path=/mod/live/history status=200 duration=1.707885ms
2026/08/19 10:41:41 INFO serve: request method=GET path=/mod/live/history status=200 duration=851.616µs
2026/08/19 10:41:42 INFO serve: request method=GET path=/mod/live/history status=200 duration=886.077µs
2026/08/19 10:41:43 INFO serve: request method=GET path=/mod/live/history status=200 duration=1.256846ms
2026/08/19 10:41:44 INFO serve: request method=GET path=/mod/live/history status=200 duration=1.277385ms
2026/08/19 10:41:45 INFO serve: request method=GET path=/mod/live/history status=200 duration=1.143539ms
2026/08/19 10:41:46 INFO serve: request method=GET path=/mod/live/history status=200 duration=684.654µs
2026/08/19 10:41:46 INFO serve: request method=GET path=/mod/live/history status=200 duration=1.122231ms
2026/08/19 10:41:47 INFO serve: request method=GET path=/mod/live/history status=200 duration=1.166692ms
2026/08/19 10:41:48 INFO serve: request method=GET path=/mod/live/history status=200 duration=1.966731ms
2026/08/19 10:41:49 INFO serve: request method=GET path=/mod/live/history status=200 duration=1.36423ms
2026/08/19 10:41:50 INFO serve: request method=GET path=/mod/live/history status=200 duration=1.446077ms
2026/08/19 10:41:51 INFO serve: request method=GET path=/mod/live/history status=200 duration=1.389346ms
2026/08/19 10:41:52 INFO serve: request method=GET path=/mod/live/history status=200 duration=1.904615ms
2026/08/19 10:41:53 INFO serve: request method=GET path=/mod/live/history status=200 duration=1.306039ms
2026/08/19 10:41:54 INFO serve: request method=GET path=/mod/live/history status=200 duration=2.178269ms
2026/08/19 10:41:55 INFO serve: request method=GET path=/mod/live/history status=200 duration=2.804692ms
2026/08/19 10:41:55 INFO serve: request method=GET path=/mod/live/history status=200 duration=2.847962ms
2026/08/19 10:41:56 INFO serve: request method=GET path=/mod/live/history status=200 duration=2.508231ms
2026/08/19 10:41:57 INFO serve: request method=GET path=/mod/live/history status=200 duration=2.778731ms
2026/08/19 10:41:58 INFO serve: request method=GET path=/mod/live/history status=200 duration=2.580346ms
2026/08/19 10:41:59 INFO serve: request method=GET path=/mod/live/history status=200 duration=2.371923ms
2026/08/19 10:42:00 INFO serve: request method=GET path=/mod/live/history status=200 duration=2.278693ms
2026/08/19 10:42:01 INFO serve: request method=GET path=/mod/live/history status=200 duration=2.625654ms
2026/08/19 10:42:02 INFO serve: request method=GET path=/mod/live/history status=200 duration=2.010884ms
2026/08/19 10:42:03 INFO serve: request method=GET path=/mod/live/history status=200 duration=2.615923ms
2026/08/19 10:42:04 INFO serve: request method=GET path=/mod/live/history status=200 duration=2.618423ms
2026/08/19 10:42:04 INFO serve: request method=GET path=/mod/live/history status=200 duration=2.511885ms
2026/08/19 10:42:05 INFO serve: request method=GET path=/mod/live/history status=200 duration=2.599154ms
2026/08/19 10:42:06 INFO serve: request method=GET path=/mod/live/history status=200 duration=2.604038ms
2026/08/19 10:42:07 INFO serve: request method=GET path=/mod/live/history status=200 duration=2.496885ms
2026/08/19 10:42:08 INFO serve: request method=GET path=/mod/live/history status=200 duration=1.363885ms
2026/08/19 10:42:09 INFO serve: request method=GET path=/mod/live/history status=200 duration=3.02623ms
2026/08/19 10:42:10 INFO serve: request method=GET path=/mod/live/history status=200 duration=1.303808ms
2026/08/19 10:42:11 INFO serve: request method=GET path=/mod/live/history status=200 duration=2.946461ms
2026/08/19 10:42:12 INFO serve: request method=GET path=/mod/live/history status=200 duration=1.194ms
2026/08/19 10:42:13 INFO serve: request method=GET path=/mod/live/history status=200 duration=2.798731ms
2026/08/19 10:42:13 INFO serve: request method=GET path=/mod/live/history status=200 duration=2.6815ms
2026/08/19 10:42:14 INFO serve: request method=GET path=/mod/live/history status=200 duration=1.398038ms
2026/08/19 10:42:15 INFO serve: request method=GET path=/mod/live/history status=200 duration=983.769µs
2026/08/19 10:42:16 INFO serve: request method=GET path=/mod/live/history status=200 duration=2.510462ms
2026/08/19 10:42:17 INFO serve: request method=GET path=/mod/live/history status=200 duration=2.535807ms
2026/08/19 10:42:17 INFO serve: request method=POST path=/tool-approval-mode status=204 duration=176.539µs
2026/08/19 10:42:17 INFO serve: request method=POST path=/mod/app/task/start status=202 duration=4.954769ms
2026/08/19 10:42:17 INFO serve: request method=GET path=/mod/live/history status=200 duration=1.395808ms
2026/08/19 10:42:18 INFO serve: request method=GET path=/mod/live/history status=200 duration=2.297423ms
2026/08/19 10:42:19 INFO serve: request method=GET path=/mod/live/history status=200 duration=674.347µs
2026/08/19 10:42:20 INFO serve: request method=GET path=/mod/live/history status=200 duration=3.234115ms
2026/08/19 10:42:21 INFO serve: request method=GET path=/mod/live/history status=200 duration=2.402808ms
2026/08/19 10:42:22 INFO serve: request method=GET path=/mod/live/history status=200 duration=1.866769ms
2026/08/19 10:42:23 INFO serve: request method=GET path=/mod/live/history status=200 duration=1.540308ms
2026/08/19 10:42:24 INFO serve: request method=GET path=/mod/live/history status=200 duration=1.525885ms
2026/08/19 10:42:25 INFO serve: request method=GET path=/mod/live/history status=200 duration=3.138769ms
2026/08/19 10:42:25 INFO serve: request method=GET path=/mod/live/history status=200 duration=1.858807ms
2026/08/19 10:42:26 INFO serve: request method=GET path=/mod/live/history status=200 duration=2.172769ms
2026/08/19 10:42:27 INFO serve: request method=GET path=/mod/live/history status=200 duration=1.511961ms
2026/08/19 10:42:28 INFO serve: request method=GET path=/mod/live/history status=200 duration=2.284154ms
2026/08/19 10:42:29 INFO serve: request method=GET path=/mod/live/history status=200 duration=3.861346ms
2026/08/19 10:42:30 INFO serve: request method=GET path=/mod/live/history status=200 duration=2.289808ms
2026/08/19 10:42:31 INFO serve: request method=GET path=/mod/live/history status=200 duration=2.2915ms
2026/08/19 10:42:32 INFO serve: request method=GET path=/mod/live/history status=200 duration=2.175231ms
2026/08/19 10:42:33 INFO serve: request method=GET path=/mod/live/history status=200 duration=1.959231ms
2026/08/19 10:42:34 INFO serve: request method=GET path=/mod/live/history status=200 duration=2.729ms
2026/08/19 10:42:34 INFO serve: request method=GET path=/mod/live/history status=200 duration=2.817154ms
2026/08/19 10:42:35 INFO serve: request method=GET path=/mod/live/history status=200 duration=1.865731ms
2026/08/19 10:42:36 INFO serve: request method=GET path=/mod/live/history status=200 duration=3.977538ms
2026/08/19 10:42:37 INFO serve: request method=GET path=/mod/live/history status=200 duration=4.008231ms
2026/08/19 10:42:38 INFO serve: request method=GET path=/mod/live/history status=200 duration=4.00623ms
2026/08/19 10:42:39 INFO serve: request method=GET path=/mod/live/history status=200 duration=3.697808ms
2026/08/19 10:42:40 INFO serve: request method=GET path=/mod/live/history status=200 duration=4.375385ms
2026/08/19 10:42:41 INFO serve: request method=GET path=/mod/live/history status=200 duration=3.660308ms
2026/08/19 10:42:42 INFO serve: request method=GET path=/mod/live/history status=200 duration=4.395038ms
2026/08/19 10:42:43 INFO serve: request method=GET path=/mod/live/history status=200 duration=3.167423ms
2026/08/19 10:42:43 INFO serve: request method=GET path=/mod/live/history status=200 duration=3.285885ms
2026/08/19 10:42:44 INFO serve: request method=GET path=/mod/live/history status=200 duration=2.867885ms
2026/08/19 10:42:45 INFO serve: request method=GET path=/mod/live/history status=200 duration=2.532615ms
2026/08/19 10:42:46 INFO serve: request method=GET path=/mod/live/history status=200 duration=2.859192ms
2026/08/19 10:42:47 INFO serve: request method=GET path=/mod/live/history status=200 duration=2.820077ms
2026/08/19 10:42:48 INFO serve: request method=GET path=/mod/live/history status=200 duration=3.785885ms
2026/08/19 10:42:49 INFO serve: request method=GET path=/mod/live/history status=200 duration=3.617692ms
2026/08/19 10:42:50 INFO serve: request method=GET path=/mod/live/history status=200 duration=4.630423ms
2026/08/19 10:42:51 INFO serve: request method=GET path=/mod/live/history status=200 duration=4.221653ms
2026/08/19 10:42:52 INFO serve: request method=GET path=/mod/live/history status=200 duration=2.887308ms
2026/08/19 10:42:52 INFO serve: request method=GET path=/mod/live/history status=200 duration=1.903808ms
2026/08/19 10:42:53 INFO serve: request method=GET path=/mod/live/history status=200 duration=2.491769ms
2026/08/19 10:42:54 INFO serve: request method=GET path=/mod/live/history status=200 duration=2.733461ms
2026/08/19 10:42:55 INFO serve: request method=GET path=/mod/live/history status=200 duration=2.342461ms
2026/08/19 10:42:56 INFO serve: request method=GET path=/mod/live/history status=200 duration=2.372616ms
2026/08/19 10:42:57 INFO serve: request method=GET path=/mod/live/history status=200 duration=4.558462ms
2026/08/19 10:42:58 INFO serve: request method=GET path=/mod/live/history status=200 duration=1.973884ms
2026/08/19 10:42:59 INFO serve: request method=GET path=/mod/live/history status=200 duration=3.218961ms
2026/08/19 10:43:00 INFO serve: request method=GET path=/mod/live/history status=200 duration=2.29773ms
2026/08/19 10:43:01 INFO serve: request method=GET path=/mod/live/history status=200 duration=3.559ms
2026/08/19 10:43:01 INFO serve: request method=GET path=/mod/live/history status=200 duration=3.546577ms
2026/08/19 10:43:02 INFO serve: request method=GET path=/mod/live/history status=200 duration=1.770731ms
2026/08/19 10:43:03 INFO serve: request method=GET path=/mod/live/history status=200 duration=2.765231ms
2026/08/19 10:43:04 INFO serve: request method=GET path=/mod/live/history status=200 duration=2.846231ms
2026/08/19 10:43:05 INFO serve: request method=GET path=/mod/live/history status=200 duration=3.918192ms
2026/08/19 10:43:06 INFO serve: request method=GET path=/mod/live/history status=200 duration=2.440115ms
2026/08/19 10:43:07 INFO serve: request method=GET path=/mod/live/history status=200 duration=4.320116ms
2026/08/19 10:43:08 INFO serve: request method=GET path=/mod/live/history status=200 duration=4.258692ms
2026/08/19 10:43:09 INFO serve: request method=GET path=/mod/live/history status=200 duration=1.824307ms
2026/08/19 10:43:10 INFO serve: request method=GET path=/mod/live/history status=200 duration=2.12373ms
2026/08/19 10:43:10 INFO serve: request method=GET path=/mod/live/history status=200 duration=3.670808ms
2026/08/19 10:43:11 INFO serve: request method=POST path=/tool-approval-mode status=204 duration=172.5µs
2026/08/19 10:43:11 INFO serve: request method=POST path=/mod/app/task/start status=202 duration=5.16173ms
2026/08/19 10:43:11 INFO serve: request method=GET path=/mod/live/history status=200 duration=3.316616ms
2026/08/19 10:43:12 INFO serve: request method=GET path=/mod/live/history status=200 duration=2.111308ms
2026/08/19 10:43:12 INFO serve: request method=GET path=/mod/live/history status=200 duration=3.056615ms
2026/08/19 10:43:13 INFO serve: request method=GET path=/mod/live/history status=200 duration=3.294192ms
2026/08/19 10:43:14 INFO serve: request method=GET path=/mod/live/history status=200 duration=3.256538ms
2026/08/19 10:43:15 INFO serve: request method=GET path=/mod/live/history status=200 duration=2.752116ms
2026/08/19 10:43:16 INFO serve: request method=GET path=/mod/live/history status=200 duration=5.246461ms
2026/08/19 10:43:17 INFO serve: request method=GET path=/mod/live/history status=200 duration=4.518538ms
2026/08/19 10:43:18 INFO serve: request method=GET path=/mod/live/history status=200 duration=8.588423ms
2026/08/19 10:43:19 INFO serve: request method=GET path=/mod/live/history status=200 duration=1.889962ms
2026/08/19 10:43:20 INFO serve: request method=GET path=/mod/live/history status=200 duration=4.029ms
2026/08/19 10:43:21 INFO serve: request method=GET path=/mod/live/history status=200 duration=4.255346ms
2026/08/19 10:43:21 INFO serve: request method=GET path=/mod/live/history status=200 duration=4.375692ms
2026/08/19 10:43:22 INFO serve: request method=GET path=/mod/live/history status=200 duration=2.322115ms
2026/08/19 10:43:23 INFO serve: request method=GET path=/mod/live/history status=200 duration=2.540923ms
2026/08/19 10:43:24 INFO serve: request method=GET path=/mod/live/history status=200 duration=4.043577ms
2026/08/19 10:43:25 INFO serve: request method=GET path=/mod/live/history status=200 duration=5.100846ms
2026/08/19 10:43:26 INFO serve: request method=GET path=/mod/live/history status=200 duration=4.276807ms
2026/08/19 10:43:27 INFO serve: request method=GET path=/mod/live/history status=200 duration=5.304692ms
2026/08/19 10:43:28 INFO serve: request method=GET path=/mod/live/history status=200 duration=1.836076ms
2026/08/19 10:43:29 INFO serve: request method=GET path=/mod/live/history status=200 duration=4.061538ms
2026/08/19 10:43:30 INFO serve: request method=GET path=/mod/live/history status=200 duration=3.610231ms
2026/08/19 10:43:30 INFO serve: request method=GET path=/mod/live/history status=200 duration=4.134923ms
2026/08/19 10:43:31 INFO serve: request method=GET path=/mod/live/history status=200 duration=4.362384ms
2026/08/19 10:43:32 INFO serve: request method=GET path=/mod/live/history status=200 duration=4.236269ms
2026/08/19 10:43:33 INFO serve: request method=GET path=/mod/live/history status=200 duration=2.518462ms
2026/08/19 10:43:34 INFO serve: request method=GET path=/mod/live/history status=200 duration=2.480884ms
2026/08/19 10:43:35 INFO serve: request method=GET path=/mod/live/history status=200 duration=3.138654ms
2026/08/19 10:43:36 INFO serve: request method=GET path=/mod/live/history status=200 duration=3.276038ms
2026/08/19 10:43:37 INFO serve: request method=GET path=/mod/live/history status=200 duration=4.945077ms
2026/08/19 10:43:38 INFO serve: request method=GET path=/mod/live/history status=200 duration=5.324231ms
2026/08/19 10:43:39 INFO serve: request method=GET path=/mod/live/history status=200 duration=4.671384ms
2026/08/19 10:43:39 INFO serve: request method=GET path=/mod/live/history status=200 duration=5.323231ms
2026/08/19 10:43:40 INFO serve: request method=GET path=/mod/live/history status=200 duration=4.438692ms
2026/08/19 10:43:41 INFO serve: request method=GET path=/mod/live/history status=200 duration=3.945846ms
2026/08/19 10:43:42 INFO serve: request method=GET path=/mod/live/history status=200 duration=4.589884ms
2026/08/19 10:43:43 INFO serve: request method=GET path=/mod/live/history status=200 duration=4.643539ms
2026/08/19 10:43:44 INFO serve: request method=GET path=/mod/live/history status=200 duration=3.297808ms
2026/08/19 10:43:45 INFO serve: request method=GET path=/mod/live/history status=200 duration=3.738269ms
2026/08/19 10:43:46 INFO serve: request method=GET path=/mod/live/history status=200 duration=5.035846ms
2026/08/19 10:43:47 INFO serve: request method=GET path=/mod/live/history status=200 duration=5.271192ms
2026/08/19 10:43:48 INFO serve: request method=GET path=/mod/live/history status=200 duration=5.689654ms
2026/08/19 10:43:48 INFO serve: request method=GET path=/mod/live/history status=200 duration=5.196154ms
2026/08/19 10:43:49 INFO serve: request method=GET path=/mod/live/history status=200 duration=3.584769ms
2026/08/19 10:43:50 INFO serve: request method=GET path=/mod/live/history status=200 duration=5.307ms
2026/08/19 10:43:51 INFO serve: request method=GET path=/mod/live/history status=200 duration=2.556654ms
2026/08/19 10:43:52 INFO serve: request method=GET path=/mod/live/history status=200 duration=4.191231ms
2026/08/19 10:43:53 INFO serve: request method=GET path=/mod/live/history status=200 duration=3.509039ms
2026/08/19 10:43:54 INFO serve: request method=GET path=/mod/live/history status=200 duration=4.287616ms
2026/08/19 10:43:55 INFO serve: request method=GET path=/mod/live/history status=200 duration=3.411385ms
2026/08/19 10:43:56 INFO serve: request method=GET path=/mod/live/history status=200 duration=3.631308ms
2026/08/19 10:43:57 INFO serve: request method=GET path=/mod/live/history status=200 duration=4.513539ms
2026/08/19 10:43:57 INFO serve: request method=GET path=/mod/live/history status=200 duration=3.504577ms
2026/08/19 10:43:58 INFO serve: request method=GET path=/mod/live/history status=200 duration=5.175231ms
2026/08/19 10:43:59 INFO serve: request method=GET path=/mod/live/history status=200 duration=5.741462ms
2026/08/19 10:44:00 INFO serve: request method=GET path=/mod/live/history status=200 duration=4.233961ms
2026/08/19 10:44:01 INFO serve: request method=GET path=/mod/live/history status=200 duration=5.842038ms
2026/08/19 10:44:02 INFO serve: request method=GET path=/mod/live/history status=200 duration=4.394577ms
2026/08/19 10:44:03 INFO serve: request method=GET path=/mod/live/history status=200 duration=12.050462ms
2026/08/19 10:44:04 INFO serve: request method=GET path=/mod/live/history status=200 duration=3.704461ms
2026/08/19 10:44:05 INFO serve: request method=GET path=/mod/live/history status=200 duration=4.875154ms
2026/08/19 10:44:06 INFO serve: request method=GET path=/mod/live/history status=200 duration=3.345ms
2026/08/19 10:44:06 INFO serve: request method=GET path=/mod/live/history status=200 duration=3.602769ms
2026/08/19 10:44:07 INFO serve: request method=GET path=/mod/live/history status=200 duration=4.038846ms
2026/08/19 10:44:08 INFO serve: request method=GET path=/mod/live/history status=200 duration=3.822808ms
2026/08/19 10:44:09 INFO serve: request method=GET path=/mod/live/history status=200 duration=4.2075ms
2026/08/19 10:44:10 INFO serve: request method=GET path=/mod/live/history status=200 duration=4.822ms
2026/08/19 10:44:11 INFO serve: request method=GET path=/mod/live/history status=200 duration=3.348115ms
2026/08/19 10:44:12 INFO serve: request method=GET path=/mod/live/history status=200 duration=5.176269ms
2026/08/19 10:44:13 INFO serve: request method=GET path=/mod/live/history status=200 duration=5.894461ms
2026/08/19 10:44:14 INFO serve: request method=GET path=/mod/live/history status=200 duration=4.615116ms
2026/08/19 10:44:15 INFO serve: request method=GET path=/mod/live/history status=200 duration=5.003769ms
2026/08/19 10:44:15 INFO serve: request method=GET path=/mod/live/history status=200 duration=3.200885ms
2026/08/19 10:44:16 INFO serve: request method=GET path=/mod/live/history status=200 duration=2.987846ms
2026/08/19 10:44:17 INFO serve: request method=GET path=/mod/live/history status=200 duration=2.97273ms
2026/08/19 10:44:18 INFO serve: request method=GET path=/mod/live/history status=200 duration=2.602154ms
2026/08/19 10:44:19 INFO serve: request method=GET path=/mod/live/history status=200 duration=5.308308ms
2026/08/19 10:44:20 INFO serve: request method=GET path=/mod/live/history status=200 duration=4.930192ms
2026/08/19 10:44:21 INFO serve: request method=GET path=/mod/live/history status=200 duration=4.178884ms
2026/08/19 10:44:22 INFO serve: request method=GET path=/mod/live/history status=200 duration=2.998269ms
2026/08/19 10:44:23 INFO serve: request method=GET path=/mod/live/history status=200 duration=5.044308ms
2026/08/19 10:44:24 INFO serve: request method=GET path=/mod/live/history status=200 duration=5.900384ms
2026/08/19 10:44:24 INFO serve: request method=GET path=/mod/live/history status=200 duration=5.026653ms
2026/08/19 10:44:25 INFO serve: request method=GET path=/mod/live/history status=200 duration=4.703692ms
2026/08/19 10:44:26 INFO serve: request method=GET path=/mod/live/history status=200 duration=5.1625ms
2026/08/19 10:44:27 INFO serve: request method=GET path=/mod/live/history status=200 duration=3.595308ms
2026/08/19 10:44:28 INFO serve: request method=GET path=/mod/live/history status=200 duration=3.016346ms
2026/08/19 10:44:29 INFO serve: request method=GET path=/mod/live/history status=200 duration=3.275885ms
2026/08/19 10:44:30 INFO serve: request method=GET path=/mod/live/history status=200 duration=2.471231ms
2026/08/19 10:44:31 INFO serve: request method=GET path=/mod/live/history status=200 duration=5.172923ms
2026/08/19 10:44:32 INFO serve: request method=GET path=/mod/live/history status=200 duration=4.604115ms
2026/08/19 10:44:33 INFO serve: request method=GET path=/mod/live/history status=200 duration=3.957808ms
2026/08/19 10:44:33 INFO serve: request method=GET path=/mod/live/history status=200 duration=5.026193ms
2026/08/19 10:44:34 INFO serve: request method=GET path=/mod/live/history status=200 duration=5.3925ms
2026/08/19 10:44:35 INFO serve: request method=GET path=/mod/live/history status=200 duration=4.298731ms
2026/08/19 10:44:36 INFO serve: request method=GET path=/mod/live/history status=200 duration=3.709231ms
2026/08/19 10:44:37 INFO serve: request method=GET path=/mod/live/history status=200 duration=3.433654ms
2026/08/19 10:44:38 INFO serve: request method=GET path=/mod/live/history status=200 duration=2.935116ms
2026/08/19 10:44:39 INFO serve: request method=GET path=/mod/live/history status=200 duration=4.671077ms
2026/08/19 10:44:40 INFO serve: request method=GET path=/mod/live/history status=200 duration=4.2885ms
2026/08/19 10:44:41 INFO serve: request method=POST path=/tool-approval-mode status=204 duration=149.423µs
2026/08/19 10:44:41 INFO serve: request method=GET path=/mod/live/history status=200 duration=2.072462ms
2026/08/19 10:44:41 INFO serve: request method=POST path=/mod/app/task/start status=202 duration=5.926654ms
2026/08/19 10:44:41 INFO serve: request method=GET path=/mod/live/history status=200 duration=2.158769ms
2026/08/19 10:44:42 INFO serve: request method=GET path=/mod/live/history status=200 duration=2.738192ms
2026/08/19 10:44:43 INFO serve: request method=GET path=/mod/live/history status=200 duration=3.063462ms
2026/08/19 10:44:43 INFO serve: request method=GET path=/mod/live/history status=200 duration=3.230269ms
2026/08/19 10:44:44 INFO serve: request method=GET path=/mod/live/history status=200 duration=2.9875ms
2026/08/19 10:44:45 INFO serve: request method=GET path=/mod/live/history status=200 duration=6.605962ms
2026/08/19 10:44:46 INFO serve: request method=GET path=/mod/live/history status=200 duration=3.166231ms
2026/08/19 10:44:48 INFO serve: request method=GET path=/mod/live/history status=200 duration=4.731654ms
2026/08/19 10:44:48 INFO serve: request method=GET path=/mod/live/history status=200 duration=5.350269ms
2026/08/19 10:44:49 INFO serve: request method=GET path=/mod/live/history status=200 duration=4.147269ms
2026/08/19 10:44:50 INFO serve: request method=GET path=/mod/live/history status=200 duration=2.649346ms
2026/08/19 10:44:51 INFO serve: request method=GET path=/mod/live/history status=200 duration=6.152269ms
2026/08/19 10:44:52 INFO serve: request method=GET path=/mod/live/history status=200 duration=5.999346ms
2026/08/19 10:44:52 INFO serve: request method=GET path=/mod/live/history status=200 duration=2.840307ms
2026/08/19 10:44:53 INFO serve: request method=GET path=/mod/live/history status=200 duration=6.741385ms
2026/08/19 10:44:54 INFO serve: request method=GET path=/mod/live/history status=200 duration=5.181231ms
2026/08/19 10:44:55 INFO serve: request method=GET path=/mod/live/history status=200 duration=3.828961ms
2026/08/19 10:44:56 INFO serve: request method=GET path=/mod/live/history status=200 duration=7.176461ms
2026/08/19 10:44:57 INFO serve: request method=GET path=/mod/live/history status=200 duration=9.076808ms
2026/08/19 10:44:58 INFO serve: request method=GET path=/mod/live/history status=200 duration=11.483615ms
2026/08/19 10:44:59 INFO serve: request method=GET path=/mod/live/history status=200 duration=6.598269ms
2026/08/19 10:45:00 INFO serve: request method=GET path=/mod/live/history status=200 duration=3.956115ms
2026/08/19 10:45:01 INFO serve: request method=GET path=/mod/live/history status=200 duration=8.475616ms
2026/08/19 10:45:01 INFO serve: request method=GET path=/mod/live/history status=200 duration=5.905692ms
2026/08/19 10:45:02 INFO serve: request method=GET path=/mod/live/history status=200 duration=6.8545ms
2026/08/19 10:45:03 INFO serve: request method=GET path=/mod/live/history status=200 duration=5.793615ms
2026/08/19 10:45:04 INFO serve: request method=GET path=/mod/live/history status=200 duration=9.331846ms
2026/08/19 10:45:05 INFO serve: request method=GET path=/mod/live/history status=200 duration=7.707692ms
2026/08/19 10:45:06 INFO serve: request method=GET path=/mod/live/history status=200 duration=3.9705ms
2026/08/19 10:45:07 INFO serve: request method=GET path=/mod/live/history status=200 duration=9.563077ms
2026/08/19 10:45:08 INFO serve: request method=GET path=/mod/live/history status=200 duration=12.247731ms
2026/08/19 10:45:09 INFO serve: request method=GET path=/mod/live/history status=200 duration=9.949269ms
2026/08/19 10:45:10 INFO serve: request method=GET path=/mod/live/history status=200 duration=10.650692ms
2026/08/19 10:45:10 INFO serve: request method=GET path=/mod/live/history status=200 duration=7.905923ms
2026/08/19 10:45:11 INFO serve: request method=GET path=/mod/live/history status=200 duration=6.453577ms
2026/08/19 10:45:12 INFO serve: request method=GET path=/mod/live/history status=200 duration=4.123769ms
2026/08/19 10:45:13 INFO serve: request method=GET path=/mod/live/history status=200 duration=3.717423ms
2026/08/19 10:45:14 INFO serve: request method=GET path=/mod/live/history status=200 duration=6.032192ms
2026/08/19 10:45:15 INFO serve: request method=GET path=/mod/live/history status=200 duration=6.659115ms
2026/08/19 10:45:16 INFO serve: request method=GET path=/mod/live/history status=200 duration=5.903308ms
2026/08/19 10:45:17 INFO serve: request method=GET path=/mod/live/history status=200 duration=6.5375ms
2026/08/19 10:45:18 INFO serve: request method=GET path=/mod/live/history status=200 duration=6.608846ms
2026/08/19 10:45:19 INFO serve: request method=GET path=/mod/live/history status=200 duration=6.031846ms
2026/08/19 10:45:19 INFO serve: request method=GET path=/mod/live/history status=200 duration=10.396807ms
2026/08/19 10:45:20 INFO serve: request method=GET path=/mod/live/history status=200 duration=11.044038ms
2026/08/19 10:45:21 INFO serve: request method=GET path=/mod/live/history status=200 duration=7.874038ms
2026/08/19 10:45:22 INFO serve: request method=GET path=/mod/live/history status=200 duration=9.894769ms
2026/08/19 10:45:23 INFO serve: request method=GET path=/mod/live/history status=200 duration=12.485961ms
2026/08/19 10:45:24 INFO serve: request method=GET path=/mod/live/history status=200 duration=7.036731ms
2026/08/19 10:45:25 INFO serve: request method=GET path=/mod/live/history status=200 duration=22.718384ms
2026/08/19 10:45:26 INFO serve: request method=GET path=/mod/live/history status=200 duration=5.747308ms
2026/08/19 10:45:27 INFO serve: request method=GET path=/mod/live/history status=200 duration=5.062961ms
2026/08/19 10:45:28 INFO serve: request method=GET path=/mod/live/history status=200 duration=4.878423ms
2026/08/19 10:45:28 INFO serve: request method=GET path=/mod/live/history status=200 duration=7.300039ms
2026/08/19 10:45:29 INFO serve: request method=GET path=/mod/live/history status=200 duration=9.161962ms
2026/08/19 10:45:30 INFO serve: request method=GET path=/mod/live/history status=200 duration=9.993424ms
2026/08/19 10:45:31 INFO serve: request method=GET path=/mod/live/history status=200 duration=6.365038ms
2026/08/19 10:45:32 INFO serve: request method=GET path=/mod/live/history status=200 duration=7.261077ms
2026/08/19 10:45:33 INFO serve: request method=GET path=/mod/live/history status=200 duration=9.349115ms
2026/08/19 10:45:34 INFO serve: request method=GET path=/mod/live/history status=200 duration=9.788346ms
2026/08/19 10:45:35 INFO serve: request method=GET path=/mod/live/history status=200 duration=7.330115ms
2026/08/19 10:45:36 INFO serve: request method=GET path=/mod/live/history status=200 duration=7.682615ms
2026/08/19 10:45:37 INFO serve: request method=GET path=/mod/live/history status=200 duration=8.871ms
2026/08/19 10:45:37 INFO serve: request method=GET path=/mod/live/history status=200 duration=6.642192ms
2026/08/19 10:45:38 INFO serve: request method=GET path=/mod/live/history status=200 duration=10.016615ms
2026/08/19 10:45:39 INFO serve: request method=GET path=/mod/live/history status=200 duration=10.379654ms
2026/08/19 10:45:40 INFO serve: request method=GET path=/mod/live/history status=200 duration=12.1935ms
2026/08/19 10:45:41 INFO serve: request method=GET path=/mod/live/history status=200 duration=13.197038ms
2026/08/19 10:45:42 INFO serve: request method=GET path=/mod/live/history status=200 duration=9.034538ms
2026/08/19 10:45:43 INFO serve: request method=GET path=/mod/live/history status=200 duration=7.708038ms
2026/08/19 10:45:44 INFO serve: request method=GET path=/mod/live/history status=200 duration=9.659808ms
2026/08/19 10:45:45 INFO serve: request method=GET path=/mod/live/history status=200 duration=8.137038ms
2026/08/19 10:45:46 INFO serve: request method=GET path=/mod/live/history status=200 duration=9.061884ms
2026/08/19 10:45:46 INFO serve: request method=GET path=/mod/live/history status=200 duration=8.763192ms
2026/08/19 10:45:47 INFO serve: request method=GET path=/mod/live/history status=200 duration=10.042885ms
2026/08/19 10:45:48 INFO serve: request method=GET path=/mod/live/history status=200 duration=6.799884ms
2026/08/19 10:45:49 INFO serve: request method=GET path=/mod/live/history status=200 duration=12.192846ms
2026/08/19 10:45:50 INFO serve: request method=GET path=/mod/live/history status=200 duration=8.762538ms
2026/08/19 10:45:51 INFO serve: request method=GET path=/mod/live/history status=200 duration=7.336653ms
2026/08/19 10:45:52 INFO serve: request method=GET path=/mod/live/history status=200 duration=8.239961ms
2026/08/19 10:45:53 INFO serve: request method=GET path=/mod/live/history status=200 duration=18.290808ms
2026/08/19 10:45:54 INFO serve: request method=GET path=/mod/live/history status=200 duration=6.196346ms
2026/08/19 10:45:55 INFO serve: request method=GET path=/mod/live/history status=200 duration=15.145116ms
2026/08/19 10:45:55 INFO serve: request method=GET path=/mod/live/history status=200 duration=8.136462ms
2026/08/19 10:45:56 INFO serve: request method=GET path=/mod/live/history status=200 duration=7.0015ms
2026/08/19 10:45:57 INFO serve: request method=GET path=/mod/live/history status=200 duration=8.228039ms
2026/08/19 10:45:58 INFO serve: request method=GET path=/mod/live/history status=200 duration=7.595346ms
2026/08/19 10:45:59 INFO serve: request method=GET path=/mod/live/history status=200 duration=8.138654ms
2026/08/19 10:46:00 INFO serve: request method=GET path=/mod/live/history status=200 duration=5.953769ms
2026/08/19 10:46:01 INFO serve: request method=GET path=/mod/live/history status=200 duration=13.164885ms
2026/08/19 10:46:02 INFO serve: request method=GET path=/mod/live/history status=200 duration=6.294462ms
2026/08/19 10:46:03 INFO serve: request method=GET path=/mod/live/history status=200 duration=6.795154ms
2026/08/19 10:46:04 INFO serve: request method=GET path=/mod/live/history status=200 duration=6.780077ms
2026/08/19 10:46:04 INFO serve: request method=GET path=/mod/live/history status=200 duration=7.456461ms
2026/08/19 10:46:05 INFO serve: request method=GET path=/mod/live/history status=200 duration=6.109846ms
2026/08/19 10:46:06 INFO serve: request method=GET path=/mod/live/history status=200 duration=12.9725ms
2026/08/19 10:46:07 INFO serve: request method=GET path=/mod/live/history status=200 duration=3.684846ms
2026/08/19 10:46:08 INFO serve: request method=GET path=/mod/live/history status=200 duration=7.786077ms
2026/08/19 10:46:09 INFO serve: request method=GET path=/mod/live/history status=200 duration=6.820116ms
2026/08/19 10:46:10 INFO serve: request method=GET path=/mod/live/history status=200 duration=7.916577ms
2026/08/19 10:46:11 INFO serve: request method=GET path=/mod/live/history status=200 duration=8.8815ms
2026/08/19 10:46:12 INFO serve: request method=GET path=/mod/live/history status=200 duration=4.990231ms
2026/08/19 10:46:13 INFO serve: request method=GET path=/mod/live/history status=200 duration=4.115269ms
2026/08/19 10:46:13 INFO serve: request method=GET path=/mod/live/history status=200 duration=3.843423ms
2026/08/19 10:46:14 INFO serve: request method=GET path=/mod/live/history status=200 duration=4.185385ms
2026/08/19 10:46:15 INFO serve: request method=GET path=/mod/live/history status=200 duration=6.400885ms
2026/08/19 10:46:16 INFO serve: request method=GET path=/mod/live/history status=200 duration=10.979346ms
2026/08/19 10:46:17 INFO serve: request method=GET path=/mod/live/history status=200 duration=6.5725ms
2026/08/19 10:46:18 INFO serve: request method=GET path=/mod/live/history status=200 duration=7.253577ms
2026/08/19 10:46:19 INFO serve: request method=GET path=/mod/live/history status=200 duration=6.211385ms
2026/08/19 10:46:20 INFO serve: request method=GET path=/mod/live/history status=200 duration=3.1525ms
2026/08/19 10:46:21 INFO serve: request method=GET path=/mod/live/history status=200 duration=6.122115ms
2026/08/19 10:46:22 INFO serve: request method=GET path=/mod/live/history status=200 duration=23.635462ms
2026/08/19 10:46:22 INFO serve: request method=GET path=/mod/live/history status=200 duration=6.448846ms
2026/08/19 10:46:23 INFO serve: request method=GET path=/mod/live/history status=200 duration=6.716962ms
2026/08/19 10:46:24 INFO serve: request method=GET path=/mod/live/history status=200 duration=8.599846ms
2026/08/19 10:46:25 INFO serve: request method=GET path=/mod/live/history status=200 duration=8.427346ms
2026/08/19 10:46:26 INFO serve: request method=GET path=/mod/live/history status=200 duration=8.266424ms
2026/08/19 10:46:27 INFO serve: request method=GET path=/mod/live/history status=200 duration=6.490077ms
2026/08/19 10:46:28 INFO serve: request method=GET path=/mod/live/history status=200 duration=6.186769ms
2026/08/19 10:46:29 INFO serve: request method=GET path=/mod/live/history status=200 duration=6.197539ms
2026/08/19 10:46:30 INFO serve: request method=GET path=/mod/live/history status=200 duration=6.446846ms
2026/08/19 10:46:31 INFO serve: request method=GET path=/mod/live/history status=200 duration=5.252538ms
2026/08/19 10:46:31 INFO serve: request method=GET path=/mod/live/history status=200 duration=6.327193ms
2026/08/19 10:46:32 INFO serve: request method=GET path=/mod/live/history status=200 duration=9.593ms
2026/08/19 10:46:33 INFO serve: request method=GET path=/mod/live/history status=200 duration=7.1875ms
2026/08/19 10:46:34 INFO serve: request method=GET path=/mod/live/history status=200 duration=14.223539ms
2026/08/19 10:46:35 INFO serve: request method=GET path=/mod/live/history status=200 duration=3.390654ms
2026/08/19 10:46:36 INFO serve: request method=GET path=/mod/live/history status=200 duration=6.006423ms
2026/08/19 10:46:37 INFO serve: request method=GET path=/mod/live/history status=200 duration=7.8325ms
2026/08/19 10:46:38 INFO serve: request method=GET path=/mod/live/history status=200 duration=7.472846ms
2026/08/19 10:46:39 INFO serve: request method=GET path=/mod/live/history status=200 duration=6.664462ms
2026/08/19 10:46:40 INFO serve: request method=GET path=/mod/live/history status=200 duration=6.530923ms
2026/08/19 10:46:40 INFO serve: request method=GET path=/mod/live/history status=200 duration=7.188039ms
2026/08/19 10:46:41 INFO serve: request method=GET path=/mod/live/history status=200 duration=9.605423ms
2026/08/19 10:46:42 INFO serve: request method=GET path=/mod/live/history status=200 duration=3.271616ms
2026/08/19 10:46:43 INFO serve: request method=GET path=/mod/live/history status=200 duration=3.22077ms
2026/08/19 10:46:44 INFO serve: request method=GET path=/mod/live/history status=200 duration=3.0295ms
2026/08/19 10:46:45 INFO serve: request method=GET path=/mod/live/history status=200 duration=3.072154ms
2026/08/19 10:46:46 INFO serve: request method=GET path=/mod/live/history status=200 duration=6.160654ms
2026/08/19 10:46:47 INFO serve: request method=GET path=/mod/live/history status=200 duration=6.619423ms
2026/08/19 10:46:48 INFO serve: request method=GET path=/mod/live/history status=200 duration=5.945308ms
2026/08/19 10:46:49 INFO serve: request method=GET path=/mod/live/history status=200 duration=10.194077ms
2026/08/19 10:46:49 INFO serve: request method=GET path=/mod/live/history status=200 duration=6.463692ms
2026/08/19 10:46:50 INFO serve: request method=GET path=/mod/live/history status=200 duration=6.273192ms
2026/08/19 10:46:51 INFO serve: request method=GET path=/mod/live/history status=200 duration=7.033616ms
2026/08/19 10:46:52 INFO serve: request method=GET path=/mod/live/history status=200 duration=12.134231ms
2026/08/19 10:46:53 INFO serve: request method=GET path=/mod/live/history status=200 duration=10.333654ms
2026/08/19 10:46:54 INFO serve: request method=GET path=/mod/live/history status=200 duration=9.301923ms
2026/08/19 10:46:55 INFO serve: request method=GET path=/mod/live/history status=200 duration=8.183577ms
2026/08/19 10:46:56 INFO serve: request method=GET path=/mod/live/history status=200 duration=11.4245ms
2026/08/19 10:46:57 INFO serve: request method=GET path=/mod/live/history status=200 duration=9.499538ms
2026/08/19 10:46:58 INFO serve: request method=GET path=/mod/live/history status=200 duration=12.153885ms
2026/08/19 10:46:58 INFO serve: request method=GET path=/mod/live/history status=200 duration=6.897653ms
2026/08/19 10:46:59 INFO serve: request method=GET path=/mod/live/history status=200 duration=12.426423ms
2026/08/19 10:47:00 INFO serve: request method=GET path=/mod/live/history status=200 duration=11.361615ms
2026/08/19 10:47:01 INFO serve: request method=GET path=/mod/live/history status=200 duration=9.320923ms
2026/08/19 10:47:02 INFO serve: request method=GET path=/mod/live/history status=200 duration=9.340962ms
2026/08/19 10:47:03 INFO serve: request method=GET path=/mod/live/history status=200 duration=7.371808ms
2026/08/19 10:47:04 INFO serve: request method=GET path=/mod/live/history status=200 duration=7.305231ms
2026/08/19 10:47:05 INFO serve: request method=GET path=/mod/live/history status=200 duration=8.147807ms
2026/08/19 10:47:06 INFO serve: request method=GET path=/mod/live/history status=200 duration=9.364961ms
2026/08/19 10:47:07 INFO serve: request method=GET path=/mod/live/history status=200 duration=7.463423ms
2026/08/19 10:47:07 INFO serve: request method=GET path=/mod/live/history status=200 duration=7.604346ms
2026/08/19 10:47:08 INFO serve: request method=GET path=/mod/live/history status=200 duration=7.954923ms
2026/08/19 10:47:09 INFO serve: request method=GET path=/mod/live/history status=200 duration=10.727577ms
2026/08/19 10:47:10 INFO serve: request method=GET path=/mod/live/history status=200 duration=4.694923ms
2026/08/19 10:47:11 INFO serve: request method=GET path=/mod/live/history status=200 duration=9.329154ms
2026/08/19 10:47:12 INFO serve: request method=GET path=/mod/live/history status=200 duration=9.846808ms
2026/08/19 10:47:13 INFO serve: request method=GET path=/mod/live/history status=200 duration=8.111384ms
2026/08/19 10:47:14 INFO serve: request method=GET path=/mod/live/history status=200 duration=8.544115ms
2026/08/19 10:47:15 INFO serve: request method=GET path=/mod/live/history status=200 duration=8.172038ms
2026/08/19 10:47:16 INFO serve: request method=GET path=/mod/live/history status=200 duration=8.380692ms
2026/08/19 10:47:16 INFO serve: request method=GET path=/mod/live/history status=200 duration=7.191077ms
2026/08/19 10:47:17 INFO serve: request method=GET path=/mod/live/history status=200 duration=6.8455ms
2026/08/19 10:47:18 INFO serve: request method=GET path=/mod/live/history status=200 duration=6.962231ms
2026/08/19 10:47:19 INFO serve: request method=GET path=/mod/live/history status=200 duration=13.100769ms
2026/08/19 10:47:20 INFO serve: request method=GET path=/mod/live/history status=200 duration=4.038846ms
2026/08/19 10:47:21 INFO serve: request method=GET path=/mod/live/history status=200 duration=10.431924ms
2026/08/19 10:47:22 INFO serve: request method=GET path=/mod/live/history status=200 duration=7.805423ms
2026/08/19 10:47:23 INFO serve: request method=GET path=/mod/live/history status=200 duration=7.373577ms
2026/08/19 10:47:24 INFO serve: request method=GET path=/mod/live/history status=200 duration=7.286307ms
2026/08/19 10:47:25 INFO serve: request method=GET path=/mod/live/history status=200 duration=8.336577ms
2026/08/19 10:47:25 INFO serve: request method=GET path=/mod/live/history status=200 duration=8.715808ms
2026/08/19 10:47:26 INFO serve: request method=GET path=/mod/live/history status=200 duration=8.206577ms
2026/08/19 10:47:27 INFO serve: request method=GET path=/mod/live/history status=200 duration=7.354385ms
2026/08/19 10:47:28 INFO serve: request method=GET path=/mod/live/history status=200 duration=8.182424ms
2026/08/19 10:47:29 INFO serve: request method=GET path=/mod/live/history status=200 duration=17.783193ms
2026/08/19 10:47:30 INFO serve: request method=GET path=/mod/live/history status=200 duration=10.401847ms
2026/08/19 10:47:31 INFO serve: request method=GET path=/mod/live/history status=200 duration=7.81823ms
2026/08/19 10:47:32 INFO serve: request method=GET path=/mod/live/history status=200 duration=6.894ms
2026/08/19 10:47:33 INFO serve: request method=GET path=/mod/live/history status=200 duration=7.015346ms
2026/08/19 10:47:34 INFO serve: request method=GET path=/mod/live/history status=200 duration=8.238846ms
2026/08/19 10:47:34 INFO serve: request method=GET path=/mod/live/history status=200 duration=7.249384ms
2026/08/19 10:47:35 INFO serve: request method=GET path=/mod/live/history status=200 duration=7.231808ms
2026/08/19 10:47:36 INFO serve: request method=POST path=/mod/app/task/stop status=204 duration=101.308µs
2026/08/19 10:47:36 INFO serve: request method=GET path=/mod/live/history status=200 duration=14.441962ms
2026/08/19 10:47:37 INFO serve: request method=GET path=/mod/live/history status=200 duration=7.633077ms
2026/08/19 10:47:38 INFO serve: request method=GET path=/mod/live/history status=200 duration=7.099ms
2026/08/19 10:47:39 INFO serve: request method=GET path=/mod/live/history status=200 duration=7.107808ms
2026/08/19 10:47:40 INFO serve: request method=GET path=/mod/live/history status=200 duration=6.878038ms
2026/08/19 10:47:41 INFO serve: request method=GET path=/mod/live/history status=200 duration=8.380808ms
2026/08/19 10:47:42 INFO serve: request method=GET path=/mod/live/history status=200 duration=11.718539ms
2026/08/19 10:47:43 INFO serve: request method=GET path=/mod/live/history status=200 duration=7.440424ms
2026/08/19 10:47:43 INFO serve: request method=GET path=/mod/live/history status=200 duration=8.936231ms
2026/08/19 10:47:44 INFO serve: request method=GET path=/mod/live/history status=200 duration=7.880231ms
2026/08/19 10:47:45 INFO serve: request method=GET path=/mod/live/history status=200 duration=7.159923ms
2026/08/19 10:47:46 INFO serve: request method=GET path=/mod/live/history status=200 duration=9.166193ms
2026/08/19 10:47:47 INFO serve: request method=GET path=/mod/live/history status=200 duration=8.877924ms
2026/08/19 10:47:48 INFO serve: request method=GET path=/mod/live/history status=200 duration=12.454615ms
2026/08/19 10:47:49 INFO serve: request method=GET path=/mod/live/history status=200 duration=13.2225ms
2026/08/19 10:47:50 INFO serve: request method=GET path=/mod/live/history status=200 duration=10.050923ms
2026/08/19 10:47:51 INFO serve: request method=GET path=/mod/live/history status=200 duration=9.652847ms
2026/08/19 10:47:52 INFO serve: request method=GET path=/mod/live/history status=200 duration=9.193577ms
2026/08/19 10:47:52 INFO serve: request method=GET path=/mod/live/history status=200 duration=7.969193ms
2026/08/19 10:47:53 INFO serve: request method=GET path=/mod/live/history status=200 duration=7.679807ms
2026/08/19 10:47:54 INFO serve: request method=GET path=/mod/live/history status=200 duration=6.376ms
2026/08/19 10:47:55 INFO serve: request method=GET path=/mod/live/history status=200 duration=7.135731ms
2026/08/19 10:47:56 INFO serve: request method=GET path=/mod/live/history status=200 duration=7.01773ms
2026/08/19 10:47:57 INFO serve: request method=GET path=/mod/live/history status=200 duration=8.155385ms
2026/08/19 10:47:57 INFO serve: request method=POST path=/tool-approval-mode status=204 duration=425.654µs
2026/08/19 10:47:57 INFO serve: request method=POST path=/mod/app/task/start status=202 duration=5.284231ms
2026/08/19 10:47:57 INFO serve: request method=GET path=/mod/live/history status=200 duration=13.093846ms
2026/08/19 10:47:58 INFO serve: request method=GET path=/mod/live/history status=200 duration=7.761808ms
2026/08/19 10:47:59 INFO serve: request method=GET path=/mod/live/history status=200 duration=16.552615ms
2026/08/19 10:48:00 INFO serve: request method=GET path=/mod/live/history status=200 duration=8.687962ms
2026/08/19 10:48:01 INFO serve: request method=GET path=/mod/live/history status=200 duration=6.641462ms
2026/08/19 10:48:02 INFO serve: request method=GET path=/mod/live/history status=200 duration=11.815192ms
2026/08/19 10:48:03 INFO serve: request method=GET path=/mod/live/history status=200 duration=11.303808ms
2026/08/19 10:48:04 INFO serve: request method=GET path=/mod/live/history status=200 duration=15.882ms
2026/08/19 10:48:04 INFO serve: request method=GET path=/mod/live/history status=200 duration=8.009461ms
2026/08/19 10:48:05 INFO serve: request method=GET path=/mod/live/history status=200 duration=8.446962ms
2026/08/19 10:48:06 INFO serve: request method=GET path=/mod/live/history status=200 duration=6.800231ms
2026/08/19 10:48:07 INFO serve: request method=GET path=/mod/live/history status=200 duration=13.159538ms
2026/08/19 10:48:08 INFO serve: request method=GET path=/mod/live/history status=200 duration=7.631462ms
2026/08/19 10:48:09 INFO serve: request method=GET path=/mod/live/history status=200 duration=7.317885ms
2026/08/19 10:48:10 INFO serve: request method=GET path=/mod/live/history status=200 duration=12.001461ms
2026/08/19 10:48:11 INFO serve: request method=GET path=/mod/live/history status=200 duration=8.65127ms
2026/08/19 10:48:12 INFO serve: request method=GET path=/mod/live/history status=200 duration=8.126577ms
2026/08/19 10:48:13 INFO serve: request method=GET path=/mod/live/history status=200 duration=8.217692ms
2026/08/19 10:48:13 INFO serve: request method=GET path=/mod/live/history status=200 duration=7.551961ms
2026/08/19 10:48:14 INFO serve: request method=GET path=/mod/live/history status=200 duration=16.368885ms
2026/08/19 10:48:15 INFO serve: request method=GET path=/mod/live/history status=200 duration=16.718116ms
2026/08/19 10:48:16 INFO serve: request method=GET path=/mod/live/history status=200 duration=9.383577ms
2026/08/19 10:48:17 INFO serve: request method=GET path=/mod/live/history status=200 duration=17.356ms
2026/08/19 10:48:18 INFO serve: request method=GET path=/mod/live/history status=200 duration=16.254577ms
2026/08/19 10:48:19 INFO serve: request method=GET path=/mod/live/history status=200 duration=15.236846ms
2026/08/19 10:48:20 INFO serve: request method=GET path=/mod/live/history status=200 duration=9.456346ms
2026/08/19 10:48:21 INFO serve: request method=GET path=/mod/live/history status=200 duration=7.531769ms
2026/08/19 10:48:22 INFO serve: request method=GET path=/mod/live/history status=200 duration=7.160692ms
2026/08/19 10:48:22 INFO serve: request method=GET path=/mod/live/history status=200 duration=7.278653ms
2026/08/19 10:48:23 INFO serve: request method=GET path=/mod/live/history status=200 duration=8.363577ms
2026/08/19 10:48:24 INFO serve: request method=GET path=/mod/live/history status=200 duration=10.94273ms
2026/08/19 10:48:25 INFO serve: request method=GET path=/mod/live/history status=200 duration=8.317692ms
2026/08/19 10:48:26 INFO serve: request method=GET path=/mod/live/history status=200 duration=9.165192ms
2026/08/19 10:48:27 INFO serve: request method=GET path=/mod/live/history status=200 duration=15.076154ms
2026/08/19 10:48:28 INFO serve: request method=GET path=/mod/live/history status=200 duration=9.498885ms
2026/08/19 10:48:29 INFO serve: request method=GET path=/mod/live/history status=200 duration=16.116692ms
2026/08/19 10:48:30 INFO serve: request method=GET path=/mod/live/history status=200 duration=15.081192ms
2026/08/19 10:48:31 INFO serve: request method=GET path=/mod/live/history status=200 duration=8.594615ms
2026/08/19 10:48:31 INFO serve: request method=GET path=/mod/live/history status=200 duration=6.702615ms
2026/08/19 10:48:32 INFO serve: request method=GET path=/mod/live/history status=200 duration=7.518308ms
2026/08/19 10:48:33 INFO serve: request method=GET path=/mod/live/history status=200 duration=7.083193ms
2026/08/19 10:48:34 INFO serve: request method=GET path=/mod/live/history status=200 duration=7.945154ms
2026/08/19 10:48:35 INFO serve: request method=GET path=/mod/live/history status=200 duration=8.975308ms
2026/08/19 10:48:36 INFO serve: request method=GET path=/mod/live/history status=200 duration=8.936231ms
2026/08/19 10:48:37 INFO serve: request method=GET path=/mod/live/history status=200 duration=17.283423ms
2026/08/19 10:48:38 INFO serve: request method=GET path=/mod/live/history status=200 duration=11.213885ms
2026/08/19 10:48:39 INFO serve: request method=GET path=/mod/live/history status=200 duration=9.502653ms
2026/08/19 10:48:40 INFO serve: request method=GET path=/mod/live/history status=200 duration=5.070654ms
2026/08/19 10:48:40 INFO serve: request method=GET path=/mod/live/history status=200 duration=6.312039ms
2026/08/19 10:48:41 INFO serve: request method=GET path=/mod/live/history status=200 duration=17.664615ms
2026/08/19 10:48:42 INFO serve: request method=GET path=/mod/live/history status=200 duration=9.139807ms
2026/08/19 10:48:43 INFO serve: request method=GET path=/mod/live/history status=200 duration=7.941962ms
2026/08/19 10:48:44 INFO serve: request method=GET path=/mod/live/history status=200 duration=7.003038ms
2026/08/19 10:48:45 INFO serve: request method=GET path=/mod/live/history status=200 duration=7.417539ms
2026/08/19 10:48:46 INFO serve: request method=GET path=/mod/live/history status=200 duration=8.581693ms
2026/08/19 10:48:47 INFO serve: request method=GET path=/mod/live/history status=200 duration=4.9405ms
2026/08/19 10:48:48 INFO serve: request method=GET path=/mod/live/history status=200 duration=8.410077ms
2026/08/19 10:48:49 INFO serve: request method=GET path=/mod/live/history status=200 duration=11.094654ms
2026/08/19 10:48:49 INFO serve: request method=GET path=/mod/live/history status=200 duration=13.219616ms
2026/08/19 10:48:50 INFO serve: request method=GET path=/mod/live/history status=200 duration=17.130154ms
2026/08/19 10:48:51 INFO serve: request method=GET path=/mod/live/history status=200 duration=12.35773ms
2026/08/19 10:48:52 INFO serve: request method=GET path=/mod/live/history status=200 duration=11.324807ms
2026/08/19 10:48:53 INFO serve: request method=GET path=/mod/live/history status=200 duration=10.964962ms
2026/08/19 10:48:54 INFO serve: request method=GET path=/mod/live/history status=200 duration=15.269461ms
2026/08/19 10:48:55 INFO serve: request method=GET path=/mod/live/history status=200 duration=11.88477ms
2026/08/19 10:48:56 INFO serve: request method=GET path=/mod/live/history status=200 duration=11.748808ms
2026/08/19 10:48:57 INFO serve: request method=GET path=/mod/live/history status=200 duration=8.657538ms
2026/08/19 10:48:58 INFO serve: request method=GET path=/mod/live/history status=200 duration=9.321038ms
2026/08/19 10:48:58 INFO serve: request method=GET path=/mod/live/history status=200 duration=11.032308ms
2026/08/19 10:48:59 INFO serve: request method=GET path=/mod/live/history status=200 duration=9.324307ms
2026/08/19 10:49:00 INFO serve: request method=GET path=/mod/live/history status=200 duration=8.58ms
2026/08/19 10:49:01 INFO serve: request method=GET path=/mod/live/history status=200 duration=15.493654ms
2026/08/19 10:49:02 INFO serve: request method=GET path=/mod/live/history status=200 duration=13.055346ms
2026/08/19 10:49:03 INFO serve: request method=GET path=/mod/live/history status=200 duration=8.646ms
2026/08/19 10:49:04 INFO serve: request method=GET path=/mod/live/history status=200 duration=6.7255ms
2026/08/19 10:49:05 INFO serve: request method=GET path=/mod/live/history status=200 duration=10.367616ms
2026/08/19 10:49:06 INFO serve: request method=GET path=/mod/live/history status=200 duration=9.683384ms
2026/08/19 10:49:06 INFO serve: request method=POST path=/tool-approval-mode status=204 duration=1.630653ms
2026/08/19 10:49:06 INFO serve: request method=POST path=/mod/app/task/start status=202 duration=5.694884ms
2026/08/19 10:49:06 INFO serve: request method=GET path=/mod/live/history status=200 duration=20.88723ms
2026/08/19 10:49:07 INFO serve: request method=GET path=/mod/live/history status=200 duration=6.863962ms
2026/08/19 10:49:08 INFO serve: request method=GET path=/mod/live/history status=200 duration=11.05373ms
2026/08/19 10:49:09 INFO serve: request method=GET path=/mod/live/history status=200 duration=13.085577ms
2026/08/19 10:49:10 INFO serve: request method=GET path=/mod/live/history status=200 duration=15.240692ms
2026/08/19 10:49:11 INFO serve: request method=GET path=/mod/live/history status=200 duration=8.120116ms
2026/08/19 10:49:12 INFO serve: request method=GET path=/mod/live/history status=200 duration=27.526115ms
2026/08/19 10:49:13 INFO serve: request method=GET path=/mod/live/history status=200 duration=9.948539ms
2026/08/19 10:49:14 INFO serve: request method=GET path=/mod/live/history status=200 duration=9.964654ms
2026/08/19 10:49:15 INFO serve: request method=GET path=/mod/live/history status=200 duration=7.767653ms
2026/08/19 10:49:15 INFO serve: request method=GET path=/mod/live/history status=200 duration=8.033577ms
2026/08/19 10:49:16 INFO serve: request method=GET path=/mod/live/history status=200 duration=7.264923ms
2026/08/19 10:49:17 INFO serve: request method=GET path=/mod/live/history status=200 duration=17.073538ms
2026/08/19 10:49:18 INFO serve: request method=GET path=/mod/live/history status=200 duration=19.831231ms
2026/08/19 10:49:19 INFO serve: request method=GET path=/mod/live/history status=200 duration=5.821308ms
2026/08/19 10:49:20 INFO serve: request method=GET path=/mod/live/history status=200 duration=6.372961ms
2026/08/19 10:49:21 INFO serve: request method=GET path=/mod/live/history status=200 duration=5.976192ms
2026/08/19 10:49:22 INFO serve: request method=GET path=/mod/live/history status=200 duration=4.802539ms
2026/08/19 10:49:23 INFO serve: request method=GET path=/mod/live/history status=200 duration=10.508346ms
2026/08/19 10:49:24 INFO serve: request method=GET path=/mod/live/history status=200 duration=7.455616ms
2026/08/19 10:49:24 INFO serve: request method=POST path=/tool-approval-mode status=204 duration=281.192µs
2026/08/19 10:49:24 INFO serve: request method=POST path=/mod/app/task/start status=202 duration=5.567231ms
2026/08/19 10:49:24 INFO serve: request method=GET path=/mod/live/history status=200 duration=17.257077ms
2026/08/19 10:49:25 INFO serve: request method=GET path=/mod/live/history status=200 duration=12.722808ms
2026/08/19 10:49:26 INFO serve: request method=GET path=/mod/live/history status=200 duration=9.457654ms
2026/08/19 10:49:27 INFO serve: request method=GET path=/mod/live/history status=200 duration=20.858577ms
2026/08/19 10:49:28 INFO serve: request method=GET path=/mod/live/history status=200 duration=12.744308ms
2026/08/19 10:49:28 INFO serve: request method=GET path=/mod/live/history status=200 duration=12.560847ms
2026/08/19 10:49:29 INFO serve: request method=GET path=/mod/live/history status=200 duration=10.849077ms
2026/08/19 10:49:30 INFO serve: request method=GET path=/mod/live/history status=200 duration=12.202615ms
2026/08/19 10:49:31 INFO serve: request method=GET path=/mod/live/history status=200 duration=12.673154ms
2026/08/19 10:49:32 INFO serve: request method=GET path=/mod/live/history status=200 duration=10.363423ms
2026/08/19 10:49:33 INFO serve: request method=GET path=/mod/live/history status=200 duration=14.905808ms
2026/08/19 10:49:34 INFO serve: request method=GET path=/mod/live/history status=200 duration=13.906731ms
2026/08/19 10:49:35 INFO serve: request method=GET path=/mod/live/history status=200 duration=11.072538ms
2026/08/19 10:49:36 INFO serve: request method=GET path=/mod/live/history status=200 duration=11.442615ms
2026/08/19 10:49:37 INFO serve: request method=GET path=/mod/live/history status=200 duration=14.088846ms
2026/08/19 10:49:37 INFO serve: request method=GET path=/mod/live/history status=200 duration=13.584269ms
2026/08/19 10:49:38 INFO serve: request method=GET path=/mod/live/history status=200 duration=14.720924ms
2026/08/19 10:49:39 INFO serve: request method=GET path=/mod/live/history status=200 duration=9.773115ms
2026/08/19 10:49:40 INFO serve: request method=GET path=/mod/live/history status=200 duration=11.984923ms
2026/08/19 10:49:41 INFO serve: request method=GET path=/mod/live/history status=200 duration=14.105461ms
2026/08/19 10:49:42 INFO serve: request method=GET path=/mod/live/history status=200 duration=26.435115ms
2026/08/19 10:49:43 INFO serve: request method=GET path=/mod/live/history status=200 duration=9.799692ms
2026/08/19 10:49:44 INFO serve: request method=GET path=/mod/live/history status=200 duration=9.493577ms
2026/08/19 10:49:45 INFO serve: request method=GET path=/mod/live/history status=200 duration=12.131538ms
2026/08/19 10:49:46 INFO serve: request method=GET path=/mod/live/history status=200 duration=13.133269ms
2026/08/19 10:49:46 INFO serve: request method=GET path=/mod/live/history status=200 duration=11.994731ms
2026/08/19 10:49:47 INFO serve: request method=GET path=/mod/live/history status=200 duration=16.572385ms
2026/08/19 10:49:48 INFO serve: request method=GET path=/mod/live/history status=200 duration=8.939577ms
2026/08/19 10:49:49 INFO serve: request method=GET path=/mod/live/history status=200 duration=8.561693ms
2026/08/19 10:49:50 INFO serve: request method=GET path=/mod/live/history status=200 duration=12.034115ms
2026/08/19 10:49:51 INFO serve: request method=GET path=/mod/live/history status=200 duration=11.767538ms
2026/08/19 10:49:52 INFO serve: request method=GET path=/mod/live/history status=200 duration=12.879308ms
2026/08/19 10:49:53 INFO serve: request method=GET path=/mod/live/history status=200 duration=13.487308ms
2026/08/19 10:49:54 INFO serve: request method=GET path=/mod/live/history status=200 duration=16.539538ms
2026/08/19 10:49:55 INFO serve: request method=GET path=/mod/live/history status=200 duration=8.505154ms
2026/08/19 10:49:55 INFO serve: request method=GET path=/mod/live/history status=200 duration=11.628192ms
2026/08/19 10:49:56 INFO serve: request method=GET path=/mod/live/history status=200 duration=9.245192ms
2026/08/19 10:49:57 INFO serve: request method=GET path=/mod/live/history status=200 duration=12.010884ms
2026/08/19 10:49:58 INFO serve: request method=GET path=/mod/live/history status=200 duration=19.533846ms
2026/08/19 10:49:59 INFO serve: request method=GET path=/mod/live/history status=200 duration=14.429192ms
2026/08/19 10:50:00 INFO serve: request method=GET path=/mod/live/history status=200 duration=12.803269ms
2026/08/19 10:50:01 INFO serve: request method=GET path=/mod/live/history status=200 duration=15.965769ms
2026/08/19 10:50:02 INFO serve: request method=GET path=/mod/live/history status=200 duration=7.699231ms
2026/08/19 10:50:03 INFO serve: request method=GET path=/mod/live/history status=200 duration=8.321038ms
2026/08/19 10:50:04 INFO serve: request method=GET path=/mod/live/history status=200 duration=12.677153ms
2026/08/19 10:50:04 INFO serve: request method=GET path=/mod/live/history status=200 duration=21.272731ms
2026/08/19 10:50:05 INFO serve: request method=GET path=/mod/live/history status=200 duration=13.587846ms
2026/08/19 10:50:06 INFO serve: request method=GET path=/mod/live/history status=200 duration=8.524423ms
2026/08/19 10:50:07 INFO serve: request method=GET path=/mod/live/history status=200 duration=10.665461ms
2026/08/19 10:50:08 INFO serve: request method=GET path=/mod/live/history status=200 duration=14.3225ms
2026/08/19 10:50:09 INFO serve: request method=GET path=/mod/live/history status=200 duration=11.766423ms
2026/08/19 10:50:10 INFO serve: request method=GET path=/mod/live/history status=200 duration=9.088038ms
2026/08/19 10:50:11 INFO serve: request method=GET path=/mod/live/history status=200 duration=8.490231ms
2026/08/19 10:50:12 INFO serve: request method=GET path=/mod/live/history status=200 duration=9.016731ms
2026/08/19 10:50:13 INFO serve: request method=GET path=/mod/live/history status=200 duration=8.965731ms
2026/08/19 10:50:13 INFO serve: request method=GET path=/mod/live/history status=200 duration=11.625616ms
2026/08/19 10:50:14 INFO serve: request method=GET path=/mod/live/history status=200 duration=23.626192ms
2026/08/19 10:50:15 INFO serve: request method=GET path=/mod/live/history status=200 duration=9.561115ms
2026/08/19 10:50:16 INFO serve: request method=GET path=/mod/live/history status=200 duration=9.792577ms
2026/08/19 10:50:17 INFO serve: request method=GET path=/mod/live/history status=200 duration=10.324846ms
2026/08/19 10:50:18 INFO serve: request method=GET path=/mod/live/history status=200 duration=11.049807ms
2026/08/19 10:50:19 INFO serve: request method=GET path=/mod/live/history status=200 duration=8.945616ms
2026/08/19 10:50:20 INFO serve: request method=GET path=/mod/live/history status=200 duration=10.634539ms
2026/08/19 10:50:21 INFO serve: request method=GET path=/mod/live/history status=200 duration=8.129807ms
2026/08/19 10:50:22 INFO serve: request method=GET path=/mod/live/history status=200 duration=9.176461ms
2026/08/19 10:50:22 INFO serve: request method=GET path=/mod/live/history status=200 duration=5.409577ms
2026/08/19 10:50:23 INFO serve: request method=GET path=/mod/live/history status=200 duration=9.431884ms
2026/08/19 10:50:24 INFO serve: request method=GET path=/mod/live/history status=200 duration=14.083039ms
2026/08/19 10:50:25 INFO serve: request method=GET path=/mod/live/history status=200 duration=14.986924ms
2026/08/19 10:50:26 INFO serve: request method=GET path=/mod/live/history status=200 duration=11.699308ms
2026/08/19 10:50:27 INFO serve: request method=GET path=/mod/live/history status=200 duration=10.683192ms
2026/08/19 10:50:28 INFO serve: request method=GET path=/mod/live/history status=200 duration=7.635038ms
2026/08/19 10:50:29 INFO serve: request method=GET path=/mod/live/history status=200 duration=8.737462ms
2026/08/19 10:50:30 INFO serve: request method=GET path=/mod/live/history status=200 duration=14.397461ms
2026/08/19 10:50:31 INFO serve: request method=GET path=/mod/live/history status=200 duration=16.202154ms
2026/08/19 10:50:31 INFO serve: request method=GET path=/mod/live/history status=200 duration=12.880038ms
2026/08/19 10:50:32 INFO serve: request method=GET path=/mod/live/history status=200 duration=19.503885ms
2026/08/19 10:50:33 INFO serve: request method=GET path=/mod/live/history status=200 duration=19.806731ms
2026/08/19 10:50:34 INFO serve: request method=GET path=/mod/live/history status=200 duration=9.675192ms
2026/08/19 10:50:35 INFO serve: request method=GET path=/mod/live/history status=200 duration=8.95577ms
2026/08/19 10:50:36 INFO serve: request method=GET path=/mod/live/history status=200 duration=8.992154ms
2026/08/19 10:50:37 INFO serve: request method=GET path=/mod/live/history status=200 duration=8.096346ms
2026/08/19 10:50:38 INFO serve: request method=GET path=/mod/live/history status=200 duration=8.884808ms
2026/08/19 10:50:39 INFO serve: request method=GET path=/mod/live/history status=200 duration=8.374885ms
2026/08/19 10:50:40 INFO serve: request method=GET path=/mod/live/history status=200 duration=9.098654ms
2026/08/19 10:50:40 INFO serve: request method=GET path=/mod/live/history status=200 duration=11.202116ms
2026/08/19 10:50:41 INFO serve: request method=GET path=/mod/live/history status=200 duration=8.8625ms
2026/08/19 10:50:42 INFO serve: request method=GET path=/mod/live/history status=200 duration=8.103885ms
2026/08/19 10:50:43 INFO serve: request method=GET path=/mod/live/history status=200 duration=7.012346ms
2026/08/19 10:50:44 INFO serve: request method=GET path=/mod/live/history status=200 duration=15.878962ms
2026/08/19 10:50:45 INFO serve: request method=GET path=/mod/live/history status=200 duration=15.019231ms
2026/08/19 10:50:46 INFO serve: request method=GET path=/mod/live/history status=200 duration=9.998231ms
2026/08/19 10:50:47 INFO serve: request method=GET path=/mod/live/history status=200 duration=8.544538ms
2026/08/19 10:50:48 INFO serve: request method=GET path=/mod/live/history status=200 duration=15.632846ms
2026/08/19 10:50:49 INFO serve: request method=GET path=/mod/live/history status=200 duration=10.209846ms
2026/08/19 10:50:49 INFO serve: request method=GET path=/mod/live/history status=200 duration=16.10577ms
2026/08/19 10:50:50 INFO serve: request method=POST path=/tool-approval-mode status=204 duration=278.577µs
2026/08/19 10:50:50 INFO serve: request method=POST path=/mod/app/task/start status=202 duration=10.530231ms
2026/08/19 10:50:50 INFO serve: request method=GET path=/mod/live/history status=200 duration=11.385116ms
2026/08/19 10:50:51 INFO serve: request method=GET path=/mod/live/history status=200 duration=9.687654ms
2026/08/19 10:50:52 INFO serve: request method=GET path=/mod/live/history status=200 duration=7.720115ms
2026/08/19 10:50:53 INFO serve: request method=GET path=/mod/live/history status=200 duration=8.158885ms
2026/08/19 10:50:54 INFO serve: request method=GET path=/mod/live/history status=200 duration=11.318307ms
2026/08/19 10:50:55 INFO serve: request method=GET path=/mod/live/history status=200 duration=19.590192ms
2026/08/19 10:50:56 INFO serve: request method=GET path=/mod/live/history status=200 duration=14.760807ms
2026/08/19 10:50:56 INFO serve: request method=GET path=/mod/live/history status=200 duration=12.39ms
2026/08/19 10:50:57 INFO serve: request method=GET path=/mod/live/history status=200 duration=13.7595ms
2026/08/19 10:50:58 INFO serve: request method=GET path=/mod/live/history status=200 duration=12.813731ms
2026/08/19 10:50:59 INFO serve: request method=GET path=/mod/live/history status=200 duration=13.693769ms
2026/08/19 10:51:00 INFO serve: request method=GET path=/mod/live/history status=200 duration=18.107923ms
2026/08/19 10:51:01 INFO serve: request method=GET path=/mod/live/history status=200 duration=10.875038ms
2026/08/19 10:51:02 INFO serve: request method=GET path=/mod/live/history status=200 duration=19.021654ms
2026/08/19 10:51:03 INFO serve: request method=GET path=/mod/live/history status=200 duration=15.231615ms
2026/08/19 10:51:04 INFO serve: request method=GET path=/mod/live/history status=200 duration=12.804192ms
2026/08/19 10:51:05 INFO serve: request method=GET path=/mod/live/history status=200 duration=11.194077ms
2026/08/19 10:51:05 INFO serve: request method=GET path=/mod/live/history status=200 duration=13.100154ms
2026/08/19 10:51:06 INFO serve: request method=GET path=/mod/live/history status=200 duration=22.163307ms
2026/08/19 10:51:07 INFO serve: request method=GET path=/mod/live/history status=200 duration=18.933846ms
2026/08/19 10:51:08 INFO serve: request method=GET path=/mod/live/history status=200 duration=11.042693ms
2026/08/19 10:51:09 INFO serve: request method=GET path=/mod/live/history status=200 duration=15.339269ms
2026/08/19 10:51:10 INFO serve: request method=GET path=/mod/live/history status=200 duration=12.380885ms
2026/08/19 10:51:11 INFO serve: request method=GET path=/mod/live/history status=200 duration=17.047461ms
2026/08/19 10:51:12 INFO serve: request method=GET path=/mod/live/history status=200 duration=20.0345ms
2026/08/19 10:51:13 INFO serve: request method=GET path=/mod/live/history status=200 duration=16.522077ms
2026/08/19 10:51:14 INFO serve: request method=GET path=/mod/live/history status=200 duration=15.139385ms
2026/08/19 10:51:14 INFO serve: request method=GET path=/mod/live/history status=200 duration=15.302462ms
2026/08/19 10:51:15 INFO serve: request method=GET path=/mod/live/history status=200 duration=14.771077ms
2026/08/19 10:51:16 INFO serve: request method=GET path=/mod/live/history status=200 duration=21.177769ms
2026/08/19 10:51:17 INFO serve: request method=GET path=/mod/live/history status=200 duration=13.134962ms
2026/08/19 10:51:18 INFO serve: request method=GET path=/mod/live/history status=200 duration=13.551308ms
2026/08/19 10:51:19 INFO serve: request method=GET path=/mod/live/history status=200 duration=8.062731ms
2026/08/19 10:51:20 INFO serve: request method=GET path=/mod/live/history status=200 duration=9.942192ms
2026/08/19 10:51:21 INFO serve: request method=GET path=/mod/live/history status=200 duration=8.856ms
2026/08/19 10:51:22 INFO serve: request method=GET path=/mod/live/history status=200 duration=9.747384ms
2026/08/19 10:51:23 INFO serve: request method=GET path=/mod/live/history status=200 duration=20.303269ms
2026/08/19 10:51:23 INFO serve: request method=GET path=/mod/live/history status=200 duration=9.584654ms
2026/08/19 10:51:24 INFO serve: request method=GET path=/mod/live/history status=200 duration=12.213885ms
2026/08/19 10:51:25 INFO serve: request method=GET path=/mod/live/history status=200 duration=8.837192ms
2026/08/19 10:51:26 INFO serve: request method=GET path=/mod/live/history status=200 duration=10.204615ms
2026/08/19 10:51:27 INFO serve: request method=GET path=/mod/live/history status=200 duration=14.667538ms
2026/08/19 10:51:28 INFO serve: request method=GET path=/mod/live/history status=200 duration=9.2385ms
2026/08/19 10:51:29 INFO serve: request method=GET path=/mod/live/history status=200 duration=10.095654ms
2026/08/19 10:51:30 INFO serve: request method=GET path=/mod/live/history status=200 duration=21.574115ms
2026/08/19 10:51:31 INFO serve: request method=GET path=/mod/live/history status=200 duration=8.387924ms
2026/08/19 10:51:32 INFO serve: request method=GET path=/mod/live/history status=200 duration=8.061808ms
2026/08/19 10:51:32 INFO serve: request method=GET path=/mod/live/history status=200 duration=28.900346ms
2026/08/19 10:51:33 INFO serve: request method=GET path=/mod/live/history status=200 duration=13.766961ms
2026/08/19 10:51:34 INFO serve: request method=GET path=/mod/live/history status=200 duration=8.758576ms
2026/08/19 10:51:35 INFO serve: request method=GET path=/mod/live/history status=200 duration=4.330231ms
2026/08/19 10:51:36 INFO serve: request method=GET path=/mod/live/history status=200 duration=5.354653ms
2026/08/19 10:51:37 INFO serve: request method=GET path=/mod/live/history status=200 duration=8.629039ms
2026/08/19 10:51:38 INFO serve: request method=GET path=/mod/live/history status=200 duration=4.406885ms
2026/08/19 10:51:39 INFO serve: request method=GET path=/mod/live/history status=200 duration=18.798192ms
2026/08/19 10:51:40 INFO serve: request method=GET path=/mod/live/history status=200 duration=8.748654ms
2026/08/19 10:51:41 INFO serve: request method=GET path=/mod/live/history status=200 duration=35.587884ms
2026/08/19 10:51:42 INFO serve: request method=GET path=/mod/live/history status=200 duration=53.40327ms
2026/08/19 10:51:42 INFO serve: request method=GET path=/mod/live/history status=200 duration=7.483039ms
2026/08/19 10:51:43 INFO serve: request method=GET path=/mod/live/history status=200 duration=30.748654ms
2026/08/19 10:51:44 INFO serve: request method=GET path=/mod/live/history status=200 duration=32.210653ms
2026/08/19 10:51:45 INFO serve: request method=GET path=/mod/live/history status=200 duration=13.541692ms
2026/08/19 10:51:46 INFO serve: request method=GET path=/mod/live/history status=200 duration=7.980884ms
2026/08/19 10:51:47 INFO serve: request method=GET path=/mod/live/history status=200 duration=36.739962ms
2026/08/19 10:51:48 INFO serve: request method=GET path=/mod/live/history status=200 duration=8.662ms
2026/08/19 10:51:49 INFO serve: request method=GET path=/mod/live/history status=200 duration=4.3615ms
2026/08/19 10:53:43 INFO serve: request method=GET path=/mod/status status=200 duration=34.286192ms
2026/08/19 10:53:43 INFO serve: request method=GET path=/mod/app/contract status=200 duration=5.105192ms
2026/08/19 10:53:43 INFO serve: request method=POST path=/tool-approval-mode status=204 duration=3.892231ms
2026/08/19 10:53:45 INFO serve: request method=GET path=/mod/status status=200 duration=6.479885ms
2026/08/19 10:53:45 INFO serve: request method=GET path=/mod/app/contract status=200 duration=2.046423ms
2026/08/19 10:53:47 INFO serve: request method=GET path=/mod/live/history status=200 duration=8.631538ms
2026/08/19 10:53:48 INFO serve: request method=GET path=/mod/live/history status=200 duration=9.364269ms
2026/08/19 10:53:49 INFO serve: request method=GET path=/mod/live/history status=200 duration=16.170538ms
2026/08/19 10:53:50 INFO serve: request method=GET path=/mod/live/history status=200 duration=18.869038ms
2026/08/19 10:53:50 INFO serve: request method=GET path=/mod/live/history status=200 duration=20.75823ms
2026/08/19 10:53:51 INFO serve: request method=GET path=/mod/live/history status=200 duration=10.125ms
2026/08/19 10:53:52 INFO serve: request method=GET path=/mod/live/history status=200 duration=14.481462ms
2026/08/19 10:53:53 INFO serve: request method=GET path=/mod/live/history status=200 duration=15.807692ms
2026/08/19 10:53:54 INFO serve: request method=GET path=/mod/live/history status=200 duration=12.050039ms
2026/08/19 10:53:55 INFO serve: request method=GET path=/mod/live/history status=200 duration=11.711038ms
2026/08/19 10:53:56 INFO serve: request method=GET path=/mod/live/history status=200 duration=14.278576ms
2026/08/19 10:53:57 INFO serve: request method=GET path=/mod/live/history status=200 duration=13.020808ms
2026/08/19 10:53:57 INFO serve: request method=POST path=/mod/app/task/stop status=204 duration=585.347µs
2026/08/19 10:53:58 INFO serve: request method=GET path=/mod/live/history status=200 duration=11.446962ms
2026/08/19 10:53:59 INFO serve: request method=GET path=/mod/live/history status=200 duration=4.713115ms
2026/08/19 10:53:59 INFO serve: request method=GET path=/mod/live/history status=200 duration=4.747769ms
2026/08/19 10:54:00 INFO serve: request method=GET path=/mod/live/history status=200 duration=4.984039ms
2026/08/19 10:54:01 INFO serve: request method=GET path=/mod/live/history status=200 duration=5.47273ms
2026/08/19 10:54:02 INFO serve: request method=GET path=/mod/live/history status=200 duration=7.378885ms
2026/08/19 10:54:03 INFO serve: request method=GET path=/mod/live/history status=200 duration=7.355616ms
2026/08/19 10:54:04 INFO serve: request method=GET path=/mod/live/history status=200 duration=7.245308ms
2026/08/19 10:54:05 INFO serve: request method=GET path=/mod/live/history status=200 duration=21.410231ms
2026/08/19 10:54:06 INFO serve: request method=GET path=/mod/live/history status=200 duration=12.081885ms
2026/08/19 10:54:07 INFO serve: request method=GET path=/mod/live/history status=200 duration=9.458692ms
2026/08/19 10:54:08 INFO serve: request method=GET path=/mod/live/history status=200 duration=10.594846ms
2026/08/19 10:54:08 INFO serve: request method=GET path=/mod/live/history status=200 duration=18.483307ms
2026/08/19 10:54:09 INFO serve: request method=GET path=/mod/live/history status=200 duration=11.069538ms
2026/08/19 10:54:10 INFO serve: request method=GET path=/mod/live/history status=200 duration=8.488077ms
2026/08/19 10:54:11 INFO serve: request method=GET path=/mod/live/history status=200 duration=8.563115ms
2026/08/19 10:54:12 INFO serve: request method=GET path=/mod/live/history status=200 duration=4.387423ms
2026/08/19 10:55:53 INFO serve: request method=GET path=/mod/live/history status=200 duration=19.221231ms
2026/08/19 10:55:53 INFO serve: request method=GET path=/mod/live/history status=200 duration=12.69023ms
2026/08/19 10:55:54 INFO serve: request method=GET path=/mod/live/history status=200 duration=9.196ms
2026/08/19 10:55:55 INFO serve: request method=GET path=/mod/live/history status=200 duration=9.383538ms
2026/08/19 10:55:56 INFO serve: request method=GET path=/mod/live/history status=200 duration=8.433923ms
2026/08/19 10:55:57 INFO serve: request method=GET path=/mod/live/history status=200 duration=8.673846ms
2026/08/19 10:55:58 INFO serve: request method=GET path=/mod/live/history status=200 duration=9.085885ms
2026/08/19 10:55:59 INFO serve: request method=GET path=/mod/live/history status=200 duration=9.254885ms
2026/08/19 10:56:00 INFO serve: request method=GET path=/mod/live/history status=200 duration=9.065231ms
2026/08/19 10:56:01 INFO serve: request method=GET path=/mod/live/history status=200 duration=15.067038ms
2026/08/19 10:56:02 INFO serve: request method=GET path=/mod/live/history status=200 duration=9.935615ms
2026/08/19 10:56:02 INFO serve: request method=GET path=/mod/live/history status=200 duration=9.563692ms
2026/08/19 10:56:03 INFO serve: request method=GET path=/mod/live/history status=200 duration=9.893462ms
2026/08/19 10:56:04 INFO serve: request method=GET path=/mod/live/history status=200 duration=8.622231ms
2026/08/19 10:56:05 INFO serve: request method=GET path=/mod/live/history status=200 duration=8.648461ms
2026/08/19 10:56:06 INFO serve: request method=GET path=/mod/live/history status=200 duration=8.411577ms
2026/08/19 10:56:07 INFO serve: request method=GET path=/mod/live/history status=200 duration=7.289231ms
2026/08/19 10:56:08 INFO serve: request method=GET path=/mod/live/history status=200 duration=10.246154ms
2026/08/19 11:00:16 INFO serve: request method=GET path=/mod/live/history status=200 duration=19.691308ms
2026/08/19 11:00:17 INFO serve: request method=GET path=/mod/live/history status=200 duration=9.179346ms
2026/08/19 11:00:18 INFO serve: request method=GET path=/mod/live/history status=200 duration=9.400346ms
2026/08/19 11:00:19 INFO serve: request method=GET path=/mod/live/history status=200 duration=9.344923ms
2026/08/19 11:00:20 INFO serve: request method=GET path=/mod/live/history status=200 duration=8.969308ms
2026/08/19 11:00:21 INFO serve: request method=GET path=/mod/live/history status=200 duration=8.696962ms
2026/08/19 11:00:21 INFO serve: request method=GET path=/mod/live/history status=200 duration=8.978885ms
2026/08/19 11:00:22 INFO serve: request method=GET path=/mod/live/history status=200 duration=8.536538ms
2026/08/19 11:00:23 INFO serve: request method=GET path=/mod/live/history status=200 duration=9.418576ms
2026/08/19 11:00:24 INFO serve: request method=GET path=/mod/live/history status=200 duration=9.204ms
2026/08/19 11:00:25 INFO serve: request method=GET path=/mod/live/history status=200 duration=9.036077ms
2026/08/19 11:00:26 INFO serve: request method=GET path=/mod/live/history status=200 duration=21.854615ms
2026/08/19 11:00:27 INFO serve: request method=GET path=/mod/live/history status=200 duration=12.362654ms
2026/08/19 11:00:28 INFO serve: request method=GET path=/mod/live/history status=200 duration=17.045731ms
2026/08/19 11:00:29 INFO serve: request method=GET path=/mod/live/history status=200 duration=8.610615ms
2026/08/19 11:00:30 INFO serve: request method=GET path=/mod/live/history status=200 duration=9.951731ms
2026/08/19 11:21:06 INFO serve: request method=GET path=/mod/status status=200 duration=165.635808ms
2026/08/19 11:21:06 INFO serve: request method=GET path=/mod/app/contract status=200 duration=49.583231ms
2026/08/19 11:21:06 INFO serve: request method=POST path=/tool-approval-mode status=204 duration=49.506077ms
2026/08/19 11:21:08 INFO serve: request method=GET path=/mod/status status=200 duration=3.742807ms
2026/08/19 11:21:08 INFO serve: request method=GET path=/mod/app/contract status=200 duration=1.466346ms
2026/08/19 11:21:10 INFO serve: request method=GET path=/mod/live/history status=200 duration=11.444423ms
2026/08/19 11:21:11 INFO serve: request method=GET path=/mod/live/history status=200 duration=9.469769ms
2026/08/19 11:21:12 INFO serve: request method=GET path=/mod/live/history status=200 duration=6.688885ms
2026/08/19 11:21:12 INFO serve: request method=GET path=/mod/live/history status=200 duration=5.154192ms
2026/08/19 11:21:13 INFO serve: request method=GET path=/mod/live/history status=200 duration=9.395461ms
2026/08/19 11:21:14 INFO serve: request method=GET path=/mod/live/history status=200 duration=4.861154ms
2026/08/19 11:21:15 INFO serve: request method=GET path=/mod/live/history status=200 duration=5.220961ms
2026/08/19 11:21:16 INFO serve: request method=GET path=/mod/live/history status=200 duration=17.68ms
2026/08/19 11:21:17 INFO serve: request method=GET path=/mod/live/history status=200 duration=12.612885ms
2026/08/19 11:21:18 INFO serve: request method=GET path=/mod/live/history status=200 duration=14.305038ms
2026/08/19 11:21:19 INFO serve: request method=GET path=/mod/live/history status=200 duration=7.402924ms
2026/08/19 11:21:20 INFO serve: request method=GET path=/mod/live/history status=200 duration=7.513269ms
2026/08/19 11:21:21 INFO serve: request method=GET path=/mod/live/history status=200 duration=6.433731ms
2026/08/19 11:21:21 INFO serve: request method=GET path=/mod/live/history status=200 duration=4.333193ms
2026/08/19 11:21:22 INFO serve: request method=GET path=/mod/live/history status=200 duration=8.358077ms
2026/08/19 11:21:23 INFO serve: request method=GET path=/mod/live/history status=200 duration=7.520962ms
2026/08/19 11:21:24 INFO serve: request method=GET path=/mod/live/history status=200 duration=9.889115ms
2026/08/19 11:21:25 INFO serve: request method=GET path=/mod/live/history status=200 duration=17.594615ms
2026/08/19 11:21:26 INFO serve: request method=GET path=/mod/live/history status=200 duration=9.07173ms
2026/08/19 11:21:27 INFO serve: request method=GET path=/mod/live/history status=200 duration=9.625269ms
2026/08/19 11:21:28 INFO serve: request method=GET path=/mod/live/history status=200 duration=14.816307ms
2026/08/19 11:21:29 INFO serve: request method=GET path=/mod/live/history status=200 duration=8.8415ms
2026/08/19 11:21:30 INFO serve: request method=GET path=/mod/live/history status=200 duration=8.942308ms
2026/08/19 11:21:30 INFO serve: request method=GET path=/mod/live/history status=200 duration=9.554423ms
2026/08/19 11:21:31 INFO serve: request method=GET path=/mod/live/history status=200 duration=8.973154ms
2026/08/19 11:21:32 INFO serve: request method=GET path=/mod/live/history status=200 duration=18.977731ms
2026/08/19 11:21:33 INFO serve: request method=GET path=/mod/status status=200 duration=8.757961ms
2026/08/19 11:21:33 INFO serve: request method=GET path=/mod/app/contract status=200 duration=1.750116ms
2026/08/19 11:21:33 INFO serve: request method=GET path=/mod/live/history status=200 duration=10.245154ms
2026/08/19 11:21:34 INFO serve: request method=GET path=/mod/live/history status=200 duration=9.857923ms
2026/08/19 11:21:35 INFO serve: request method=GET path=/mod/status status=200 duration=7.251077ms
2026/08/19 11:21:35 INFO serve: request method=GET path=/mod/app/contract status=200 duration=1.415193ms
2026/08/19 11:21:35 INFO serve: request method=POST path=/tool-approval-mode status=204 duration=513.27µs
2026/08/19 11:21:35 INFO serve: request method=GET path=/mod/live/history status=200 duration=8.920038ms
2026/08/19 11:21:36 INFO serve: request method=GET path=/mod/live/history status=200 duration=8.400423ms
2026/08/19 11:21:36 INFO serve: request method=GET path=/mod/status status=200 duration=5.436885ms
2026/08/19 11:21:36 INFO serve: request method=GET path=/mod/app/contract status=200 duration=1.220923ms
2026/08/19 11:21:37 INFO serve: request method=GET path=/mod/live/history status=200 duration=8.773807ms
2026/08/19 11:21:38 INFO serve: request method=GET path=/mod/live/history status=200 duration=9.591961ms
2026/08/19 11:21:38 INFO serve: request method=GET path=/mod/live/history status=200 duration=9.797231ms
2026/08/19 11:21:39 INFO serve: request method=GET path=/mod/live/history status=200 duration=15.363462ms
2026/08/19 11:21:40 INFO serve: request method=GET path=/mod/live/history status=200 duration=10.497384ms
2026/08/19 11:21:41 INFO serve: request method=GET path=/mod/live/history status=200 duration=9.873769ms
2026/08/19 11:21:42 INFO serve: request method=GET path=/mod/live/history status=200 duration=8.8265ms
2026/08/19 11:21:43 INFO serve: request method=GET path=/mod/live/history status=200 duration=7.462308ms
2026/08/19 11:21:44 INFO serve: request method=GET path=/mod/live/history status=200 duration=9.744077ms
2026/08/19 11:21:44 INFO serve: request method=GET path=/mod/live/history status=200 duration=4.973038ms
2026/08/19 11:21:45 INFO serve: request method=GET path=/mod/live/history status=200 duration=5.451846ms
2026/08/19 11:21:46 INFO serve: request method=GET path=/mod/live/history status=200 duration=4.425807ms
2026/08/19 11:21:47 INFO serve: request method=GET path=/mod/live/history status=200 duration=9.459847ms
2026/08/19 11:21:48 INFO serve: request method=GET path=/mod/live/history status=200 duration=13.874769ms
2026/08/19 11:21:49 INFO serve: request method=GET path=/mod/live/history status=200 duration=9.421115ms
2026/08/19 11:21:50 INFO serve: request method=GET path=/mod/live/history status=200 duration=10.104884ms
2026/08/19 11:21:51 INFO serve: request method=GET path=/mod/live/history status=200 duration=10.107461ms
2026/08/19 11:21:52 INFO serve: request method=GET path=/mod/live/history status=200 duration=9.355308ms
2026/08/19 11:21:53 INFO serve: request method=GET path=/mod/live/history status=200 duration=9.415038ms
2026/08/19 11:21:53 INFO serve: request method=GET path=/mod/live/history status=200 duration=9.627077ms
2026/08/19 11:21:54 INFO serve: request method=GET path=/mod/live/history status=200 duration=5.4755ms
2026/08/19 11:21:55 INFO serve: request method=GET path=/mod/live/history status=200 duration=9.416769ms
2026/08/19 11:21:56 INFO serve: request method=GET path=/mod/live/history status=200 duration=16.517154ms
2026/08/19 11:21:57 INFO serve: request method=GET path=/mod/live/history status=200 duration=10.885231ms
2026/08/19 11:21:58 INFO serve: request method=GET path=/mod/live/history status=200 duration=8.32773ms
2026/08/19 11:21:59 INFO serve: request method=GET path=/mod/live/history status=200 duration=9.880039ms
2026/08/19 11:22:00 INFO serve: request method=GET path=/mod/live/history status=200 duration=8.624384ms
2026/08/19 11:22:01 INFO serve: request method=GET path=/mod/live/history status=200 duration=8.713692ms
2026/08/19 11:22:02 INFO serve: request method=GET path=/mod/live/history status=200 duration=9.006885ms
2026/08/19 11:22:02 INFO serve: request method=GET path=/mod/live/history status=200 duration=8.817731ms
2026/08/19 11:22:03 INFO serve: request method=GET path=/mod/live/history status=200 duration=8.604231ms
2026/08/19 11:22:04 INFO serve: request method=GET path=/mod/live/history status=200 duration=27.010231ms
2026/08/19 11:22:05 INFO serve: request method=GET path=/mod/live/history status=200 duration=12.756076ms
2026/08/19 11:22:06 INFO serve: request method=GET path=/mod/live/history status=200 duration=15.967461ms
2026/08/19 11:22:07 INFO serve: request method=GET path=/mod/live/history status=200 duration=12.32123ms
2026/08/19 11:22:08 INFO serve: request method=GET path=/mod/live/history status=200 duration=10.733923ms
2026/08/19 11:22:08 INFO serve: request method=POST path=/tool-approval-mode status=204 duration=336.808µs
2026/08/19 11:22:08 INFO serve: request method=POST path=/mod/app/task/start status=202 duration=34.592231ms
2026/08/19 11:22:08 INFO serve: request method=GET path=/mod/live/history status=200 duration=11.203577ms
2026/08/19 11:22:09 INFO serve: request method=GET path=/mod/live/history status=200 duration=8.703038ms
2026/08/19 11:22:10 INFO serve: request method=GET path=/mod/live/history status=200 duration=9.158731ms
2026/08/19 11:22:11 INFO serve: request method=GET path=/mod/live/history status=200 duration=15.947654ms
2026/08/19 11:22:12 INFO serve: request method=GET path=/mod/live/history status=200 duration=9.944153ms
2026/08/19 11:22:13 INFO serve: request method=GET path=/mod/live/history status=200 duration=16.481846ms
2026/08/19 11:22:13 INFO serve: request method=GET path=/mod/live/history status=200 duration=12.971846ms
2026/08/19 11:22:14 INFO serve: request method=GET path=/mod/live/history status=200 duration=9.89ms
2026/08/19 11:22:15 INFO serve: request method=GET path=/mod/live/history status=200 duration=17.237961ms
2026/08/19 11:22:16 INFO serve: request method=GET path=/mod/live/history status=200 duration=9.914154ms
2026/08/19 11:22:17 INFO serve: request method=GET path=/mod/live/history status=200 duration=9.553077ms
2026/08/19 11:22:18 INFO serve: request method=GET path=/mod/live/history status=200 duration=9.536462ms
2026/08/19 11:22:19 INFO serve: request method=GET path=/mod/live/history status=200 duration=5.161961ms
2026/08/19 11:22:20 INFO serve: request method=GET path=/mod/live/history status=200 duration=8.801962ms
2026/08/19 11:22:21 INFO serve: request method=GET path=/mod/live/history status=200 duration=9.519923ms
2026/08/19 11:22:22 INFO serve: request method=GET path=/mod/live/history status=200 duration=13.684539ms
2026/08/19 11:22:22 INFO serve: request method=GET path=/mod/live/history status=200 duration=15.160654ms
2026/08/19 11:22:23 INFO serve: request method=GET path=/mod/live/history status=200 duration=18.889923ms
2026/08/19 11:22:24 INFO serve: request method=GET path=/mod/live/history status=200 duration=17.119962ms
2026/08/19 11:22:25 INFO serve: request method=GET path=/mod/live/history status=200 duration=14.452808ms
2026/08/19 11:22:26 INFO serve: request method=GET path=/mod/live/history status=200 duration=9.286731ms
2026/08/19 11:22:27 INFO serve: request method=GET path=/mod/live/history status=200 duration=9.589808ms
2026/08/19 11:22:28 INFO serve: request method=GET path=/mod/live/history status=200 duration=9.450731ms
2026/08/19 11:22:29 INFO serve: request method=GET path=/mod/live/history status=200 duration=9.271693ms
2026/08/19 11:22:30 INFO serve: request method=GET path=/mod/live/history status=200 duration=19.981769ms
2026/08/19 11:22:31 INFO serve: request method=GET path=/mod/live/history status=200 duration=23.781807ms
2026/08/19 11:22:31 INFO serve: request method=GET path=/mod/live/history status=200 duration=9.864308ms
2026/08/19 11:22:32 INFO serve: request method=GET path=/mod/live/history status=200 duration=13.261846ms
2026/08/19 11:22:33 INFO serve: request method=GET path=/mod/live/history status=200 duration=15.719461ms
2026/08/19 11:22:34 INFO serve: request method=GET path=/mod/live/history status=200 duration=11.67ms
2026/08/19 11:22:35 INFO serve: request method=GET path=/mod/live/history status=200 duration=15.033808ms
2026/08/19 11:22:36 INFO serve: request method=GET path=/mod/live/history status=200 duration=9.024884ms
2026/08/19 11:22:37 INFO serve: request method=GET path=/mod/live/history status=200 duration=12.090654ms
2026/08/19 11:22:38 INFO serve: request method=GET path=/mod/live/history status=200 duration=17.005731ms
2026/08/19 11:22:39 INFO serve: request method=GET path=/mod/live/history status=200 duration=14.098731ms
2026/08/19 11:22:40 INFO serve: request method=GET path=/mod/live/history status=200 duration=12.940654ms
2026/08/19 11:22:40 INFO serve: request method=GET path=/mod/live/history status=200 duration=13.236577ms
2026/08/19 11:22:41 INFO serve: request method=GET path=/mod/live/history status=200 duration=9.572692ms
2026/08/19 11:22:42 INFO serve: request method=GET path=/mod/live/history status=200 duration=9.157885ms
2026/08/19 11:22:43 INFO serve: request method=GET path=/mod/live/history status=200 duration=9.607769ms
2026/08/19 11:22:44 INFO serve: request method=GET path=/mod/live/history status=200 duration=9.386424ms
2026/08/19 11:22:45 INFO serve: request method=GET path=/mod/live/history status=200 duration=22.698962ms
2026/08/19 11:22:46 INFO serve: request method=GET path=/mod/live/history status=200 duration=16.282923ms
2026/08/19 11:22:47 INFO serve: request method=GET path=/mod/live/history status=200 duration=7.593808ms
2026/08/19 11:22:48 INFO serve: request method=GET path=/mod/live/history status=200 duration=13.366077ms
2026/08/19 11:22:49 INFO serve: request method=GET path=/mod/live/history status=200 duration=12.589115ms
2026/08/19 11:22:49 INFO serve: request method=GET path=/mod/live/history status=200 duration=10.201808ms
2026/08/19 11:22:50 INFO serve: request method=GET path=/mod/live/history status=200 duration=9.279462ms
2026/08/19 11:22:51 INFO serve: request method=GET path=/mod/live/history status=200 duration=9.432308ms
2026/08/19 11:22:52 INFO serve: request method=GET path=/mod/live/history status=200 duration=8.956038ms
2026/08/19 11:22:53 INFO serve: request method=GET path=/mod/live/history status=200 duration=11.166653ms
2026/08/19 11:22:54 INFO serve: request method=POST path=/tool-approval-mode status=204 duration=378.5µs
2026/08/19 11:22:54 INFO serve: request method=POST path=/mod/app/task/start status=202 duration=6.581423ms
2026/08/19 11:22:54 INFO serve: request method=GET path=/mod/live/history status=200 duration=14.020884ms
2026/08/19 11:22:55 INFO serve: request method=GET path=/mod/live/history status=200 duration=9.094038ms
2026/08/19 11:22:56 INFO serve: request method=GET path=/mod/live/history status=200 duration=7.149154ms
2026/08/19 11:22:57 INFO serve: request method=GET path=/mod/live/history status=200 duration=12.884ms
2026/08/19 11:22:57 INFO serve: request method=GET path=/mod/live/history status=200 duration=12.289654ms
2026/08/19 11:22:58 INFO serve: request method=GET path=/mod/live/history status=200 duration=12.441462ms
2026/08/19 11:22:59 INFO serve: request method=GET path=/mod/live/history status=200 duration=11.011615ms
2026/08/19 11:23:00 INFO serve: request method=GET path=/mod/live/history status=200 duration=11.943154ms
2026/08/19 11:23:01 INFO serve: request method=GET path=/mod/live/history status=200 duration=11.459423ms
2026/08/19 11:23:02 INFO serve: request method=GET path=/mod/live/history status=200 duration=13.455231ms
2026/08/19 11:23:03 INFO serve: request method=GET path=/mod/live/history status=200 duration=17.258538ms
2026/08/19 11:23:04 INFO serve: request method=GET path=/mod/live/history status=200 duration=12.564193ms
2026/08/19 11:23:05 INFO serve: request method=GET path=/mod/live/history status=200 duration=13.453577ms
2026/08/19 11:23:06 INFO serve: request method=GET path=/mod/live/history status=200 duration=11.507731ms
2026/08/19 11:23:06 INFO serve: request method=GET path=/mod/live/history status=200 duration=9.3695ms
2026/08/19 11:23:07 INFO serve: request method=GET path=/mod/live/history status=200 duration=25.720077ms
2026/08/19 11:23:08 INFO serve: request method=GET path=/mod/live/history status=200 duration=7.447039ms
2026/08/19 11:23:09 INFO serve: request method=GET path=/mod/live/history status=200 duration=14.050346ms
2026/08/19 11:23:10 INFO serve: request method=GET path=/mod/live/history status=200 duration=17.400846ms
2026/08/19 11:23:11 INFO serve: request method=GET path=/mod/live/history status=200 duration=12.631154ms
2026/08/19 11:23:12 INFO serve: request method=GET path=/mod/live/history status=200 duration=13.658846ms
2026/08/19 11:23:12 INFO serve: request method=POST path=/mod/app/task/stop status=204 duration=2.342462ms
2026/08/19 11:23:13 INFO serve: request method=GET path=/mod/live/history status=200 duration=15.917654ms
2026/08/19 11:23:14 INFO serve: request method=GET path=/mod/live/history status=200 duration=22.073692ms
2026/08/19 11:23:15 INFO serve: request method=GET path=/mod/live/history status=200 duration=13.715846ms
2026/08/19 11:23:15 INFO serve: request method=GET path=/mod/live/history status=200 duration=14.3765ms
2026/08/19 11:23:16 INFO serve: request method=GET path=/mod/live/history status=200 duration=12.759731ms
2026/08/19 11:23:17 INFO serve: request method=GET path=/mod/live/history status=200 duration=8.307461ms
2026/08/19 11:23:18 INFO serve: request method=GET path=/mod/live/history status=200 duration=8.30677ms
2026/08/19 11:23:19 INFO serve: request method=GET path=/mod/live/history status=200 duration=8.448693ms
2026/08/19 11:23:20 INFO serve: request method=GET path=/mod/live/history status=200 duration=11.312192ms
2026/08/19 11:23:21 INFO serve: request method=GET path=/mod/live/history status=200 duration=19.587884ms
2026/08/19 11:23:22 INFO serve: request method=GET path=/mod/live/history status=200 duration=10.486539ms
2026/08/19 11:23:23 INFO serve: request method=GET path=/mod/live/history status=200 duration=12.26577ms
2026/08/19 11:23:24 INFO serve: request method=GET path=/mod/live/history status=200 duration=19.172077ms
2026/08/19 11:23:24 INFO serve: request method=GET path=/mod/live/history status=200 duration=14.851884ms
2026/08/19 11:23:25 INFO serve: request method=GET path=/mod/live/history status=200 duration=10.357076ms
2026/08/19 11:23:26 INFO serve: request method=GET path=/mod/live/history status=200 duration=10.754193ms
2026/08/19 11:23:27 INFO serve: request method=GET path=/mod/live/history status=200 duration=14.806385ms
2026/08/19 11:23:28 INFO serve: request method=GET path=/mod/live/history status=200 duration=18.631539ms
2026/08/19 11:23:29 INFO serve: request method=GET path=/mod/live/history status=200 duration=11.568423ms
2026/08/19 11:23:29 INFO serve: request method=POST path=/tool-approval-mode status=204 duration=414.154µs
2026/08/19 11:23:30 INFO serve: request method=POST path=/mod/app/task/start status=202 duration=5.670847ms
2026/08/19 11:23:30 INFO serve: request method=GET path=/mod/live/history status=200 duration=11.37977ms
2026/08/19 11:23:30 INFO serve: request method=GET path=/mod/live/history status=200 duration=15.960654ms
2026/08/19 11:23:31 INFO serve: request method=GET path=/mod/live/history status=200 duration=12.789692ms
2026/08/19 11:23:32 INFO serve: request method=GET path=/mod/live/history status=200 duration=11.730807ms
2026/08/19 11:23:33 INFO serve: request method=GET path=/mod/live/history status=200 duration=8.934538ms
2026/08/19 11:23:34 INFO serve: request method=GET path=/mod/live/history status=200 duration=12.118462ms
2026/08/19 11:23:35 INFO serve: request method=GET path=/mod/live/history status=200 duration=10.821038ms
2026/08/19 11:23:36 INFO serve: request method=GET path=/mod/live/history status=200 duration=22.783077ms
2026/08/19 11:23:37 INFO serve: request method=GET path=/mod/live/history status=200 duration=13.986538ms
2026/08/19 11:23:38 INFO serve: request method=GET path=/mod/live/history status=200 duration=20.948615ms
2026/08/19 11:23:39 INFO serve: request method=GET path=/mod/live/history status=200 duration=18.231538ms
2026/08/19 11:23:39 INFO serve: request method=GET path=/mod/live/history status=200 duration=10.683923ms
2026/08/19 11:23:40 INFO serve: request method=GET path=/mod/live/history status=200 duration=22.291346ms
2026/08/19 11:23:41 INFO serve: request method=GET path=/mod/live/history status=200 duration=17.843154ms
2026/08/19 11:23:42 INFO serve: request method=GET path=/mod/live/history status=200 duration=6.437884ms
2026/08/19 11:23:43 INFO serve: request method=GET path=/mod/live/history status=200 duration=8.367116ms
2026/08/19 11:23:44 INFO serve: request method=GET path=/mod/live/history status=200 duration=8.035538ms
2026/08/19 11:23:45 INFO serve: request method=GET path=/mod/live/history status=200 duration=8.432154ms
2026/08/19 11:23:46 INFO serve: request method=GET path=/mod/live/history status=200 duration=8.051193ms
2026/08/19 11:23:47 INFO serve: request method=GET path=/mod/live/history status=200 duration=8.066577ms
2026/08/19 11:23:48 INFO serve: request method=GET path=/mod/live/history status=200 duration=7.593077ms
2026/08/19 11:23:48 INFO serve: request method=GET path=/mod/live/history status=200 duration=7.452731ms
2026/08/19 11:23:49 INFO serve: request method=GET path=/mod/live/history status=200 duration=19.675385ms
2026/08/19 11:23:50 INFO serve: request method=GET path=/mod/live/history status=200 duration=19.207923ms
2026/08/19 11:23:51 INFO serve: request method=GET path=/mod/live/history status=200 duration=12.330115ms
2026/08/19 11:23:52 INFO serve: request method=GET path=/mod/live/history status=200 duration=15.573577ms
2026/08/19 11:23:53 INFO serve: request method=GET path=/mod/live/history status=200 duration=14.962615ms
2026/08/19 11:23:54 INFO serve: request method=GET path=/mod/live/history status=200 duration=14.254923ms
2026/08/19 11:23:55 INFO serve: request method=GET path=/mod/live/history status=200 duration=10.245847ms
2026/08/19 11:23:56 INFO serve: request method=GET path=/mod/live/history status=200 duration=19.383231ms
2026/08/19 11:23:57 INFO serve: request method=GET path=/mod/live/history status=200 duration=13.820846ms
2026/08/19 11:23:57 INFO serve: request method=GET path=/mod/live/history status=200 duration=14.740923ms
2026/08/19 11:23:58 INFO serve: request method=GET path=/mod/live/history status=200 duration=18.990154ms
2026/08/19 11:23:59 INFO serve: request method=GET path=/mod/live/history status=200 duration=15.113577ms
2026/08/19 11:24:00 INFO serve: request method=GET path=/mod/live/history status=200 duration=19.850923ms
2026/08/19 11:24:01 INFO serve: request method=GET path=/mod/live/history status=200 duration=14.109154ms
2026/08/19 11:24:02 INFO serve: request method=GET path=/mod/live/history status=200 duration=16.280846ms
2026/08/19 11:24:03 INFO serve: request method=GET path=/mod/live/history status=200 duration=6.839692ms
2026/08/19 11:24:04 INFO serve: request method=GET path=/mod/live/history status=200 duration=7.698962ms
2026/08/19 11:24:05 INFO serve: request method=GET path=/mod/live/history status=200 duration=22.096116ms
2026/08/19 11:24:06 INFO serve: request method=GET path=/mod/live/history status=200 duration=10.484ms
2026/08/19 11:24:06 INFO serve: request method=GET path=/mod/live/history status=200 duration=13.651693ms
2026/08/19 11:24:07 INFO serve: request method=GET path=/mod/live/history status=200 duration=17.330192ms
2026/08/19 11:24:08 INFO serve: request method=GET path=/mod/live/history status=200 duration=14.575346ms
2026/08/19 11:24:09 INFO serve: request method=GET path=/mod/live/history status=200 duration=14.754577ms
2026/08/19 11:24:10 INFO serve: request method=GET path=/mod/live/history status=200 duration=16.653539ms
2026/08/19 11:24:11 INFO serve: request method=GET path=/mod/live/history status=200 duration=10.312577ms
2026/08/19 11:24:12 INFO serve: request method=GET path=/mod/live/history status=200 duration=16.259885ms
2026/08/19 11:24:13 INFO serve: request method=GET path=/mod/live/history status=200 duration=16.978692ms
2026/08/19 11:24:14 INFO serve: request method=GET path=/mod/live/history status=200 duration=14.078269ms
2026/08/19 11:24:15 INFO serve: request method=GET path=/mod/live/history status=200 duration=19.898692ms
2026/08/19 11:24:15 INFO serve: request method=GET path=/mod/live/history status=200 duration=8.697462ms
2026/08/19 11:24:16 INFO serve: request method=GET path=/mod/live/history status=200 duration=8.116346ms
2026/08/19 11:24:17 INFO serve: request method=GET path=/mod/live/history status=200 duration=8.232115ms
2026/08/19 11:24:18 INFO serve: request method=GET path=/mod/live/history status=200 duration=8.516538ms
2026/08/19 11:24:19 INFO serve: request method=GET path=/mod/live/history status=200 duration=7.681231ms
2026/08/19 11:24:20 INFO serve: request method=GET path=/mod/live/history status=200 duration=7.474077ms
2026/08/19 11:24:21 INFO serve: request method=GET path=/mod/live/history status=200 duration=7.593192ms
2026/08/19 11:24:22 INFO serve: request method=GET path=/mod/live/history status=200 duration=21.846039ms
2026/08/19 11:24:23 INFO serve: request method=GET path=/mod/live/history status=200 duration=10.40123ms
2026/08/19 11:24:24 INFO serve: request method=GET path=/mod/live/history status=200 duration=8.032923ms
2026/08/19 11:24:24 INFO serve: request method=GET path=/mod/live/history status=200 duration=7.997346ms
2026/08/19 11:24:24 INFO serve: request method=POST path=/mod/app/task/stop status=204 duration=220.577µs
2026/08/19 11:24:25 INFO serve: request method=GET path=/mod/live/history status=200 duration=7.776192ms
2026/08/19 11:24:26 INFO serve: request method=GET path=/mod/live/history status=200 duration=11.171154ms
2026/08/19 11:24:27 INFO serve: request method=GET path=/mod/live/history status=200 duration=8.232423ms
2026/08/19 11:24:28 INFO serve: request method=GET path=/mod/live/history status=200 duration=7.460384ms
2026/08/19 11:24:29 INFO serve: request method=GET path=/mod/live/history status=200 duration=8.971308ms
2026/08/19 11:24:30 INFO serve: request method=GET path=/mod/live/history status=200 duration=12.46123ms
2026/08/19 11:24:31 INFO serve: request method=GET path=/mod/live/history status=200 duration=19.678461ms
2026/08/19 11:24:32 INFO serve: request method=GET path=/mod/live/history status=200 duration=13.255807ms
2026/08/19 11:24:33 INFO serve: request method=GET path=/mod/live/history status=200 duration=14.654115ms
2026/08/19 11:24:33 INFO serve: request method=GET path=/mod/live/history status=200 duration=17.556846ms
2026/08/19 11:24:34 INFO serve: request method=GET path=/mod/live/history status=200 duration=17.441654ms
2026/08/19 11:24:35 INFO serve: request method=GET path=/mod/live/history status=200 duration=15.866308ms
2026/08/19 11:24:36 INFO serve: request method=GET path=/mod/live/history status=200 duration=16.115ms
2026/08/19 11:24:37 INFO serve: request method=GET path=/mod/live/history status=200 duration=12.016423ms
2026/08/19 11:24:38 INFO serve: request method=GET path=/mod/live/history status=200 duration=11.423192ms
2026/08/19 11:24:39 INFO serve: request method=GET path=/mod/live/history status=200 duration=26.208461ms
2026/08/19 11:24:40 INFO serve: request method=GET path=/mod/live/history status=200 duration=8.960423ms
2026/08/19 11:24:41 INFO serve: request method=GET path=/mod/live/history status=200 duration=8.938231ms
2026/08/19 11:24:42 INFO serve: request method=GET path=/mod/live/history status=200 duration=8.885423ms
2026/08/19 11:24:42 INFO serve: request method=GET path=/mod/live/history status=200 duration=9.073577ms
2026/08/19 11:24:43 INFO serve: request method=GET path=/mod/live/history status=200 duration=9.015346ms
2026/08/19 11:24:44 INFO serve: request method=GET path=/mod/live/history status=200 duration=8.897692ms
2026/08/19 11:24:45 INFO serve: request method=GET path=/mod/live/history status=200 duration=12.195731ms
2026/08/19 11:24:46 INFO serve: request method=GET path=/mod/live/history status=200 duration=19.7145ms
2026/08/19 11:24:47 INFO serve: request method=GET path=/mod/live/history status=200 duration=16.082193ms
2026/08/19 11:24:48 INFO serve: request method=GET path=/mod/live/history status=200 duration=13.886077ms
2026/08/19 11:24:49 INFO serve: request method=GET path=/mod/live/history status=200 duration=10.699885ms
2026/08/19 11:24:50 INFO serve: request method=GET path=/mod/live/history status=200 duration=10.802692ms
2026/08/19 11:24:51 INFO serve: request method=GET path=/mod/live/history status=200 duration=22.469385ms
2026/08/19 11:24:51 INFO serve: request method=GET path=/mod/live/history status=200 duration=16.502692ms
2026/08/19 11:24:52 INFO serve: request method=GET path=/mod/live/history status=200 duration=14.3275ms
2026/08/19 11:24:53 INFO serve: request method=GET path=/mod/live/history status=200 duration=8.810269ms
2026/08/19 11:24:54 INFO serve: request method=GET path=/mod/live/history status=200 duration=22.68623ms
2026/08/19 11:24:55 INFO serve: request method=GET path=/mod/live/history status=200 duration=12.232961ms
2026/08/19 11:24:56 INFO serve: request method=GET path=/mod/live/history status=200 duration=14.390539ms
2026/08/19 11:24:57 INFO serve: request method=GET path=/mod/live/history status=200 duration=11.948423ms
2026/08/19 11:24:58 INFO serve: request method=GET path=/mod/live/history status=200 duration=15.310231ms
2026/08/19 11:24:59 INFO serve: request method=GET path=/mod/live/history status=200 duration=10.38177ms
2026/08/19 11:25:00 INFO serve: request method=GET path=/mod/live/history status=200 duration=8.852192ms
2026/08/19 11:25:00 INFO serve: request method=GET path=/mod/live/history status=200 duration=9.001654ms
2026/08/19 11:25:01 INFO serve: request method=GET path=/mod/live/history status=200 duration=23.752231ms
2026/08/19 11:25:02 INFO serve: request method=GET path=/mod/live/history status=200 duration=11.7545ms
2026/08/19 11:25:03 INFO serve: request method=GET path=/mod/live/history status=200 duration=7.536692ms
2026/08/19 11:25:04 INFO serve: request method=GET path=/mod/live/history status=200 duration=10.620616ms
2026/08/19 11:25:05 INFO serve: request method=GET path=/mod/live/history status=200 duration=14.189346ms
2026/08/19 11:25:06 INFO serve: request method=GET path=/mod/live/history status=200 duration=8.75373ms
2026/08/19 11:25:07 INFO serve: request method=GET path=/mod/live/history status=200 duration=14.178038ms
2026/08/19 11:25:08 INFO serve: request method=GET path=/mod/live/history status=200 duration=9.128461ms
2026/08/19 11:25:09 INFO serve: request method=GET path=/mod/live/history status=200 duration=20.397385ms
2026/08/19 11:25:09 INFO serve: request method=GET path=/mod/live/history status=200 duration=8.873731ms
2026/08/19 11:25:10 INFO serve: request method=GET path=/mod/live/history status=200 duration=11.320384ms
2026/08/19 11:25:11 INFO serve: request method=GET path=/mod/live/history status=200 duration=9.042ms
2026/08/19 11:25:12 INFO serve: request method=GET path=/mod/live/history status=200 duration=9.082616ms
2026/08/19 11:25:13 INFO serve: request method=GET path=/mod/live/history status=200 duration=16.722154ms
2026/08/19 11:25:14 INFO serve: request method=GET path=/mod/live/history status=200 duration=23.2205ms
2026/08/19 11:25:15 INFO serve: request method=GET path=/mod/live/history status=200 duration=17.371462ms
2026/08/19 11:25:16 INFO serve: request method=GET path=/mod/live/history status=200 duration=9.089731ms
2026/08/19 11:25:17 INFO serve: request method=GET path=/mod/live/history status=200 duration=8.984539ms
2026/08/19 11:25:18 INFO serve: request method=GET path=/mod/live/history status=200 duration=8.853693ms
2026/08/19 11:25:18 INFO serve: request method=GET path=/mod/live/history status=200 duration=5.475961ms
2026/08/19 11:25:19 INFO serve: request method=GET path=/mod/live/history status=200 duration=8.954308ms
2026/08/19 11:25:20 INFO serve: request method=GET path=/mod/live/history status=200 duration=29.656577ms
2026/08/19 11:25:21 INFO serve: request method=GET path=/mod/live/history status=200 duration=26.190693ms
2026/08/19 11:25:22 INFO serve: request method=GET path=/mod/live/history status=200 duration=15.066885ms
2026/08/19 11:25:23 INFO serve: request method=GET path=/mod/live/history status=200 duration=19.803231ms
2026/08/19 11:25:24 INFO serve: request method=GET path=/mod/live/history status=200 duration=11.620385ms
2026/08/19 11:25:25 INFO serve: request method=GET path=/mod/live/history status=200 duration=8.958808ms
2026/08/19 11:25:26 INFO serve: request method=GET path=/mod/live/history status=200 duration=8.87623ms
2026/08/19 11:25:27 INFO serve: request method=GET path=/mod/live/history status=200 duration=7.646577ms
2026/08/19 11:25:27 INFO serve: request method=GET path=/mod/live/history status=200 duration=16.130961ms
2026/08/19 11:25:28 INFO serve: request method=GET path=/mod/live/history status=200 duration=7.8565ms
2026/08/19 11:25:29 INFO serve: request method=GET path=/mod/live/history status=200 duration=7.751461ms
2026/08/19 11:25:30 INFO serve: request method=GET path=/mod/live/history status=200 duration=7.808ms
2026/08/19 11:25:31 INFO serve: request method=GET path=/mod/live/history status=200 duration=8.775385ms
2026/08/19 11:25:32 INFO serve: request method=GET path=/mod/live/history status=200 duration=8.793385ms
2026/08/19 11:25:33 INFO serve: request method=GET path=/mod/live/history status=200 duration=9.067384ms
2026/08/19 11:25:34 INFO serve: request method=GET path=/mod/live/history status=200 duration=28.698077ms
2026/08/19 11:25:35 INFO serve: request method=GET path=/mod/live/history status=200 duration=23.419346ms
2026/08/19 11:25:36 INFO serve: request method=GET path=/mod/live/history status=200 duration=14.588577ms
2026/08/19 11:25:36 INFO serve: request method=GET path=/mod/live/history status=200 duration=19.116154ms
2026/08/19 11:25:37 INFO serve: request method=GET path=/mod/live/history status=200 duration=13.122731ms
2026/08/19 11:25:38 INFO serve: request method=GET path=/mod/live/history status=200 duration=8.924576ms
2026/08/19 11:25:39 INFO serve: request method=GET path=/mod/live/history status=200 duration=9.1035ms
2026/08/19 11:25:40 INFO serve: request method=GET path=/mod/live/history status=200 duration=22.469769ms
2026/08/19 11:25:41 INFO serve: request method=GET path=/mod/live/history status=200 duration=15.470347ms
2026/08/19 11:25:42 INFO serve: request method=GET path=/mod/live/history status=200 duration=12.470077ms
2026/08/19 11:25:43 INFO serve: request method=GET path=/mod/live/history status=200 duration=8.774577ms
2026/08/19 11:25:44 INFO serve: request method=GET path=/mod/live/history status=200 duration=9.233539ms
2026/08/19 11:25:45 INFO serve: request method=GET path=/mod/live/history status=200 duration=21.492731ms
2026/08/19 11:25:45 INFO serve: request method=GET path=/mod/live/history status=200 duration=28.419269ms
2026/08/19 11:25:46 INFO serve: request method=GET path=/mod/live/history status=200 duration=11.062461ms
2026/08/19 11:25:47 INFO serve: request method=GET path=/mod/live/history status=200 duration=9.161692ms
2026/08/19 11:25:48 INFO serve: request method=GET path=/mod/live/history status=200 duration=8.879308ms
2026/08/19 11:25:49 INFO serve: request method=GET path=/mod/live/history status=200 duration=9.006269ms
2026/08/19 11:25:50 INFO serve: request method=GET path=/mod/live/history status=200 duration=9.007423ms
2026/08/19 11:25:51 INFO serve: request method=GET path=/mod/live/history status=200 duration=8.897308ms
2026/08/19 11:25:52 INFO serve: request method=GET path=/mod/live/history status=200 duration=14.258115ms
2026/08/19 11:25:53 INFO serve: request method=GET path=/mod/live/history status=200 duration=17.571192ms
2026/08/19 11:25:54 INFO serve: request method=GET path=/mod/live/history status=200 duration=17.446653ms
2026/08/19 11:25:54 INFO serve: request method=GET path=/mod/live/history status=200 duration=5.647616ms
2026/08/19 11:25:55 INFO serve: request method=GET path=/mod/live/history status=200 duration=9.034692ms
2026/08/19 11:25:56 INFO serve: request method=GET path=/mod/live/history status=200 duration=9.331615ms
2026/08/19 11:25:57 INFO serve: request method=GET path=/mod/live/history status=200 duration=18.234115ms
2026/08/19 11:25:58 INFO serve: request method=GET path=/mod/live/history status=200 duration=10.445576ms
2026/08/19 11:25:59 INFO serve: request method=GET path=/mod/live/history status=200 duration=9.226077ms
2026/08/19 11:26:00 INFO serve: request method=GET path=/mod/live/history status=200 duration=8.844115ms
2026/08/19 11:26:01 INFO serve: request method=GET path=/mod/live/history status=200 duration=9.039347ms
2026/08/19 11:26:02 INFO serve: request method=GET path=/mod/live/history status=200 duration=9.019846ms
2026/08/19 11:26:03 INFO serve: request method=GET path=/mod/live/history status=200 duration=8.781654ms
2026/08/19 11:26:03 INFO serve: request method=GET path=/mod/live/history status=200 duration=10.596308ms
2026/08/19 11:26:04 INFO serve: request method=GET path=/mod/live/history status=200 duration=8.914884ms
2026/08/19 11:26:05 INFO serve: request method=GET path=/mod/live/history status=200 duration=29.841462ms
2026/08/19 11:26:06 INFO serve: request method=GET path=/mod/live/history status=200 duration=20.317231ms
2026/08/19 11:26:07 INFO serve: request method=GET path=/mod/live/history status=200 duration=17.1585ms
2026/08/19 11:26:08 INFO serve: request method=GET path=/mod/live/history status=200 duration=18.291115ms
2026/08/19 11:26:09 INFO serve: request method=GET path=/mod/live/history status=200 duration=8.618577ms
2026/08/19 11:26:10 INFO serve: request method=GET path=/mod/live/history status=200 duration=9.040731ms
2026/08/19 11:26:11 INFO serve: request method=GET path=/mod/live/history status=200 duration=21.537193ms
2026/08/19 11:26:12 INFO serve: request method=GET path=/mod/live/history status=200 duration=16.858038ms
2026/08/19 11:26:12 INFO serve: request method=GET path=/mod/live/history status=200 duration=11.342192ms
2026/08/19 11:26:13 INFO serve: request method=GET path=/mod/live/history status=200 duration=10.5575ms
2026/08/19 11:26:14 INFO serve: request method=GET path=/mod/live/history status=200 duration=8.921385ms
2026/08/19 11:26:15 INFO serve: request method=GET path=/mod/live/history status=200 duration=5.654615ms
2026/08/19 11:26:16 INFO serve: request method=GET path=/mod/live/history status=200 duration=17.894923ms
2026/08/19 11:26:17 INFO serve: request method=GET path=/mod/live/history status=200 duration=13.801269ms
2026/08/19 11:26:18 INFO serve: request method=GET path=/mod/live/history status=200 duration=8.911346ms
2026/08/19 11:26:19 INFO serve: request method=GET path=/mod/live/history status=200 duration=8.907962ms
2026/08/19 11:26:20 INFO serve: request method=GET path=/mod/live/history status=200 duration=8.9755ms
2026/08/19 11:26:21 INFO serve: request method=GET path=/mod/live/history status=200 duration=10.352538ms
2026/08/19 11:26:21 INFO serve: request method=GET path=/mod/live/history status=200 duration=9.009885ms
2026/08/19 11:26:22 INFO serve: request method=GET path=/mod/live/history status=200 duration=23.901654ms
2026/08/19 11:26:23 INFO serve: request method=GET path=/mod/live/history status=200 duration=20.096ms
2026/08/19 11:26:24 INFO serve: request method=GET path=/mod/live/history status=200 duration=25.931385ms
2026/08/19 11:26:25 INFO serve: request method=GET path=/mod/live/history status=200 duration=18.916154ms
2026/08/19 11:26:26 INFO serve: request method=GET path=/mod/live/history status=200 duration=17.994269ms
2026/08/19 11:26:27 INFO serve: request method=GET path=/mod/live/history status=200 duration=14.106962ms
2026/08/19 11:26:28 INFO serve: request method=GET path=/mod/live/history status=200 duration=12.220538ms
2026/08/19 11:26:29 INFO serve: request method=GET path=/mod/live/history status=200 duration=8.9755ms
2026/08/19 11:26:30 INFO serve: request method=GET path=/mod/live/history status=200 duration=8.804769ms
2026/08/19 11:26:30 INFO serve: request method=GET path=/mod/live/history status=200 duration=8.771423ms
2026/08/19 11:26:31 INFO serve: request method=GET path=/mod/live/history status=200 duration=21.976154ms
2026/08/19 11:26:32 INFO serve: request method=GET path=/mod/live/history status=200 duration=14.349462ms
2026/08/19 11:26:33 INFO serve: request method=GET path=/mod/live/history status=200 duration=23.121692ms
2026/08/19 11:26:34 INFO serve: request method=GET path=/mod/live/history status=200 duration=16.755231ms
2026/08/19 11:26:35 INFO serve: request method=GET path=/mod/live/history status=200 duration=21.645538ms
2026/08/19 11:26:36 INFO serve: request method=GET path=/mod/live/history status=200 duration=11.6385ms
2026/08/19 11:26:37 INFO serve: request method=GET path=/mod/live/history status=200 duration=8.952847ms
2026/08/19 11:26:38 INFO serve: request method=GET path=/mod/live/history status=200 duration=23.459769ms
2026/08/19 11:26:39 INFO serve: request method=GET path=/mod/live/history status=200 duration=21.470346ms
2026/08/19 11:26:39 INFO serve: request method=GET path=/mod/live/history status=200 duration=16.193692ms
2026/08/19 11:26:40 INFO serve: request method=GET path=/mod/live/history status=200 duration=8.9475ms
2026/08/19 11:26:41 INFO serve: request method=GET path=/mod/live/history status=200 duration=5.613115ms
2026/08/19 11:26:42 INFO serve: request method=GET path=/mod/live/history status=200 duration=8.929538ms
2026/08/19 11:26:43 INFO serve: request method=GET path=/mod/live/history status=200 duration=8.953769ms
2026/08/19 11:26:44 INFO serve: request method=GET path=/mod/live/history status=200 duration=30.621692ms
2026/08/19 11:26:45 INFO serve: request method=GET path=/mod/live/history status=200 duration=10.583384ms
2026/08/19 11:26:46 INFO serve: request method=GET path=/mod/live/history status=200 duration=9.064077ms
2026/08/19 11:26:47 INFO serve: request method=GET path=/mod/live/history status=200 duration=21.256462ms
2026/08/19 11:26:48 INFO serve: request method=GET path=/mod/live/history status=200 duration=13.208923ms
2026/08/19 11:26:48 INFO serve: request method=GET path=/mod/live/history status=200 duration=8.953154ms
2026/08/19 11:26:49 INFO serve: request method=GET path=/mod/live/history status=200 duration=8.722077ms
2026/08/19 11:26:50 INFO serve: request method=GET path=/mod/live/history status=200 duration=16.956192ms
2026/08/19 11:26:51 INFO serve: request method=GET path=/mod/live/history status=200 duration=16.204654ms
2026/08/19 11:26:52 INFO serve: request method=GET path=/mod/live/history status=200 duration=13.527731ms
2026/08/19 11:26:53 INFO serve: request method=GET path=/mod/live/history status=200 duration=11.482846ms
2026/08/19 11:26:54 INFO serve: request method=GET path=/mod/live/history status=200 duration=21.394577ms
2026/08/19 11:26:55 INFO serve: request method=GET path=/mod/live/history status=200 duration=11.186731ms
2026/08/19 11:26:56 INFO serve: request method=GET path=/mod/live/history status=200 duration=8.914961ms
2026/08/19 11:26:57 INFO serve: request method=GET path=/mod/live/history status=200 duration=19.726231ms
2026/08/19 11:26:57 INFO serve: request method=GET path=/mod/live/history status=200 duration=8.907077ms
2026/08/19 11:26:58 INFO serve: request method=GET path=/mod/live/history status=200 duration=9.140308ms
2026/08/19 11:26:59 INFO serve: request method=GET path=/mod/live/history status=200 duration=8.860538ms
2026/08/19 11:27:00 INFO serve: request method=GET path=/mod/live/history status=200 duration=8.946115ms
2026/08/19 11:27:01 INFO serve: request method=GET path=/mod/live/history status=200 duration=5.650885ms
2026/08/19 11:27:02 INFO serve: request method=GET path=/mod/live/history status=200 duration=5.366039ms
2026/08/19 11:27:03 INFO serve: request method=GET path=/mod/live/history status=200 duration=17.162115ms
2026/08/19 11:27:04 INFO serve: request method=GET path=/mod/live/history status=200 duration=12.268462ms
2026/08/19 11:27:05 INFO serve: request method=GET path=/mod/live/history status=200 duration=11.338961ms
2026/08/19 11:27:06 INFO serve: request method=GET path=/mod/live/history status=200 duration=8.458616ms
2026/08/19 11:27:06 INFO serve: request method=GET path=/mod/live/history status=200 duration=8.953961ms
2026/08/19 11:27:07 INFO serve: request method=GET path=/mod/live/history status=200 duration=8.928538ms
2026/08/19 11:27:08 INFO serve: request method=GET path=/mod/live/history status=200 duration=23.093ms
2026/08/19 11:27:09 INFO serve: request method=GET path=/mod/live/history status=200 duration=17.214577ms
2026/08/19 11:27:10 INFO serve: request method=GET path=/mod/live/history status=200 duration=19.401769ms
2026/08/19 11:27:11 INFO serve: request method=GET path=/mod/live/history status=200 duration=10.534154ms
2026/08/19 11:27:12 INFO serve: request method=GET path=/mod/live/history status=200 duration=5.56527ms
2026/08/19 11:27:13 INFO serve: request method=GET path=/mod/live/history status=200 duration=5.649731ms
2026/08/19 11:27:14 INFO serve: request method=GET path=/mod/live/history status=200 duration=23.273846ms
2026/08/19 11:27:15 INFO serve: request method=GET path=/mod/live/history status=200 duration=8.873807ms
2026/08/19 11:27:15 INFO serve: request method=GET path=/mod/live/history status=200 duration=8.925154ms
2026/08/19 11:27:16 INFO serve: request method=GET path=/mod/live/history status=200 duration=11.143346ms
2026/08/19 11:27:17 INFO serve: request method=GET path=/mod/live/history status=200 duration=7.696231ms
2026/08/19 11:27:18 INFO serve: request method=GET path=/mod/live/history status=200 duration=9.020154ms
2026/08/19 11:27:19 INFO serve: request method=GET path=/mod/live/history status=200 duration=8.929692ms
2026/08/19 11:27:20 INFO serve: request method=GET path=/mod/live/history status=200 duration=23.959769ms
2026/08/19 11:27:21 INFO serve: request method=GET path=/mod/live/history status=200 duration=14.894308ms
2026/08/19 11:27:22 INFO serve: request method=GET path=/mod/live/history status=200 duration=11.641269ms
2026/08/19 11:27:23 INFO serve: request method=GET path=/mod/live/history status=200 duration=16.528884ms
2026/08/19 11:27:24 INFO serve: request method=GET path=/mod/live/history status=200 duration=11.70773ms
2026/08/19 11:27:24 INFO serve: request method=GET path=/mod/live/history status=200 duration=25.996731ms
2026/08/19 11:27:25 INFO serve: request method=GET path=/mod/live/history status=200 duration=18.181731ms
2026/08/19 11:27:26 INFO serve: request method=GET path=/mod/live/history status=200 duration=20.046885ms
2026/08/19 11:27:27 INFO serve: request method=GET path=/mod/live/history status=200 duration=16.366192ms
2026/08/19 11:27:28 INFO serve: request method=GET path=/mod/live/history status=200 duration=12.279615ms
2026/08/19 11:27:29 INFO serve: request method=GET path=/mod/live/history status=200 duration=8.935ms
2026/08/19 11:27:30 INFO serve: request method=GET path=/mod/live/history status=200 duration=8.962461ms
2026/08/19 11:27:31 INFO serve: request method=GET path=/mod/live/history status=200 duration=22.796846ms
2026/08/19 11:27:32 INFO serve: request method=GET path=/mod/live/history status=200 duration=11.313885ms
2026/08/19 11:27:33 INFO serve: request method=GET path=/mod/live/history status=200 duration=5.36327ms
2026/08/19 11:27:33 INFO serve: request method=GET path=/mod/live/history status=200 duration=8.961269ms
2026/08/19 11:27:34 INFO serve: request method=GET path=/mod/live/history status=200 duration=8.793077ms
2026/08/19 11:27:35 INFO serve: request method=GET path=/mod/live/history status=200 duration=9.177654ms
2026/08/19 11:27:36 INFO serve: request method=GET path=/mod/live/history status=200 duration=22.006384ms
2026/08/19 11:27:37 INFO serve: request method=GET path=/mod/live/history status=200 duration=16.781846ms
2026/08/19 11:27:38 INFO serve: request method=GET path=/mod/live/history status=200 duration=8.768193ms
2026/08/19 11:27:39 INFO serve: request method=GET path=/mod/live/history status=200 duration=8.778307ms
2026/08/19 11:27:40 INFO serve: request method=GET path=/mod/live/history status=200 duration=9.010962ms
2026/08/19 11:27:41 INFO serve: request method=GET path=/mod/live/history status=200 duration=9.012962ms
2026/08/19 11:27:42 INFO serve: request method=GET path=/mod/live/history status=200 duration=8.86227ms
2026/08/19 11:27:42 INFO serve: request method=GET path=/mod/live/history status=200 duration=22.154692ms
2026/08/19 11:27:43 INFO serve: request method=GET path=/mod/live/history status=200 duration=11.228423ms
2026/08/19 11:27:44 INFO serve: request method=GET path=/mod/live/history status=200 duration=12.678615ms
2026/08/19 11:27:45 INFO serve: request method=GET path=/mod/live/history status=200 duration=15.040423ms
2026/08/19 11:27:46 INFO serve: request method=GET path=/mod/live/history status=200 duration=18.185654ms
2026/08/19 11:27:47 INFO serve: request method=GET path=/mod/live/history status=200 duration=13.981885ms
2026/08/19 11:27:48 INFO serve: request method=GET path=/mod/live/history status=200 duration=10.991424ms
2026/08/19 11:27:49 INFO serve: request method=GET path=/mod/live/history status=200 duration=18.234731ms
2026/08/19 11:27:50 INFO serve: request method=GET path=/mod/live/history status=200 duration=12.862269ms
2026/08/19 11:27:51 INFO serve: request method=GET path=/mod/live/history status=200 duration=5.096384ms
2026/08/19 11:35:17 INFO serve: request method=GET path=/mod/live/history status=200 duration=13.629576ms
2026/08/19 11:35:18 INFO serve: request method=GET path=/mod/live/history status=200 duration=11.680692ms
2026/08/19 11:35:18 INFO serve: request method=GET path=/mod/live/history status=200 duration=6.25473ms
2026/08/19 11:35:19 INFO serve: request method=GET path=/mod/live/history status=200 duration=7.604885ms
2026/08/19 11:35:20 INFO serve: request method=GET path=/mod/live/history status=200 duration=8.180192ms
2026/08/19 11:35:21 INFO serve: request method=GET path=/mod/live/history status=200 duration=28.513923ms
2026/08/19 11:35:22 INFO serve: request method=GET path=/mod/live/history status=200 duration=13.14923ms
2026/08/19 11:35:23 INFO serve: request method=GET path=/mod/live/history status=200 duration=16.202115ms
2026/08/19 11:35:24 INFO serve: request method=GET path=/mod/live/history status=200 duration=15.198308ms
2026/08/19 11:35:25 INFO serve: request method=GET path=/mod/live/history status=200 duration=15.965654ms
2026/08/19 11:35:26 INFO serve: request method=GET path=/mod/live/history status=200 duration=13.478538ms
2026/08/19 11:35:27 INFO serve: request method=GET path=/mod/live/history status=200 duration=14.139692ms
2026/08/19 11:35:28 INFO serve: request method=GET path=/mod/live/history status=200 duration=83.034346ms
2026/08/19 11:39:48 INFO serve: request method=GET path=/mod/live/history status=200 duration=16.748385ms
2026/08/19 11:39:49 INFO serve: request method=GET path=/mod/live/history status=200 duration=11.159115ms
2026/08/19 11:39:50 INFO serve: request method=GET path=/mod/live/history status=200 duration=9.723269ms
2026/08/19 11:39:50 INFO serve: request method=GET path=/mod/live/history status=200 duration=9.090808ms
2026/08/19 11:39:50 INFO serve: request method=POST path=/tool-approval-mode status=204 duration=256.116µs
2026/08/19 11:39:51 INFO serve: request method=POST path=/mod/app/task/start status=202 duration=15.621308ms
2026/08/19 11:39:51 INFO serve: request method=GET path=/mod/live/history status=200 duration=14.35323ms
2026/08/19 11:39:51 INFO serve: request method=GET path=/mod/live/history status=200 duration=8.303846ms
2026/08/19 11:39:52 INFO serve: request method=GET path=/mod/live/history status=200 duration=17.73ms
2026/08/19 11:39:53 INFO serve: request method=GET path=/mod/live/history status=200 duration=17.799347ms
2026/08/19 11:39:54 INFO serve: request method=GET path=/mod/live/history status=200 duration=17.130923ms
2026/08/19 11:39:55 INFO serve: request method=GET path=/mod/live/history status=200 duration=24.634923ms
2026/08/19 11:39:56 INFO serve: request method=GET path=/mod/live/history status=200 duration=11.512731ms
2026/08/19 11:39:57 INFO serve: request method=GET path=/mod/live/history status=200 duration=18.948808ms
2026/08/19 11:39:58 INFO serve: request method=GET path=/mod/live/history status=200 duration=19.868693ms
2026/08/19 11:39:59 INFO serve: request method=GET path=/mod/live/history status=200 duration=33.635269ms
2026/08/19 11:40:00 INFO serve: request method=GET path=/mod/live/history status=200 duration=12.717077ms
2026/08/19 11:40:01 INFO serve: request method=GET path=/mod/live/history status=200 duration=17.329423ms
2026/08/19 11:40:01 INFO serve: request method=GET path=/mod/live/history status=200 duration=20.590885ms
2026/08/19 11:40:02 INFO serve: request method=GET path=/mod/live/history status=200 duration=29.399962ms
2026/08/19 11:40:03 INFO serve: request method=GET path=/mod/live/history status=200 duration=22.663192ms
2026/08/19 11:40:04 INFO serve: request method=GET path=/mod/live/history status=200 duration=15.6705ms
2026/08/19 11:40:05 INFO serve: request method=GET path=/mod/live/history status=200 duration=10.940846ms
2026/08/19 11:40:06 INFO serve: request method=GET path=/mod/live/history status=200 duration=12.373692ms
2026/08/19 11:40:07 INFO serve: request method=GET path=/mod/live/history status=200 duration=11.477577ms
2026/08/19 11:40:08 INFO serve: request method=GET path=/mod/live/history status=200 duration=11.660346ms
2026/08/19 11:40:09 INFO serve: request method=GET path=/mod/live/history status=200 duration=16.318654ms
2026/08/19 11:40:09 INFO serve: request method=GET path=/mod/live/history status=200 duration=13.7265ms
2026/08/19 11:40:10 INFO serve: request method=GET path=/mod/live/history status=200 duration=6.861116ms
2026/08/19 11:40:11 INFO serve: request method=GET path=/mod/live/history status=200 duration=9.03623ms
2026/08/19 11:40:12 INFO serve: request method=GET path=/mod/live/history status=200 duration=8.86323ms
2026/08/19 11:40:13 INFO serve: request method=GET path=/mod/live/history status=200 duration=8.185923ms
2026/08/19 11:40:14 INFO serve: request method=GET path=/mod/live/history status=200 duration=13.789231ms
2026/08/19 11:40:15 INFO serve: request method=GET path=/mod/live/history status=200 duration=12.315308ms
2026/08/19 11:40:16 INFO serve: request method=GET path=/mod/live/history status=200 duration=13.354731ms
2026/08/19 11:40:17 INFO serve: request method=GET path=/mod/live/history status=200 duration=16.568038ms
2026/08/19 11:40:18 INFO serve: request method=GET path=/mod/live/history status=200 duration=11.543462ms
2026/08/19 11:40:19 INFO serve: request method=GET path=/mod/live/history status=200 duration=17.4735ms
2026/08/19 11:40:19 INFO serve: request method=GET path=/mod/live/history status=200 duration=12.243307ms
2026/08/19 11:40:20 INFO serve: request method=GET path=/mod/live/history status=200 duration=20.148ms
2026/08/19 11:40:21 INFO serve: request method=GET path=/mod/live/history status=200 duration=13.327769ms
2026/08/19 11:40:22 INFO serve: request method=GET path=/mod/live/history status=200 duration=9.335038ms
2026/08/19 11:40:23 INFO serve: request method=GET path=/mod/live/history status=200 duration=8.552269ms
2026/08/19 11:40:24 INFO serve: request method=GET path=/mod/live/history status=200 duration=8.75277ms
2026/08/19 11:40:25 INFO serve: request method=GET path=/mod/live/history status=200 duration=9.120961ms
2026/08/19 11:40:26 INFO serve: request method=GET path=/mod/live/history status=200 duration=13.389885ms
2026/08/19 11:40:27 INFO serve: request method=GET path=/mod/live/history status=200 duration=15.189116ms
2026/08/19 11:40:28 INFO serve: request method=GET path=/mod/live/history status=200 duration=23.138808ms
2026/08/19 11:40:28 INFO serve: request method=GET path=/mod/live/history status=200 duration=17.415308ms
2026/08/19 11:40:29 INFO serve: request method=GET path=/mod/live/history status=200 duration=16.197076ms
2026/08/19 11:40:30 INFO serve: request method=GET path=/mod/live/history status=200 duration=15.001193ms
2026/08/19 11:40:31 INFO serve: request method=GET path=/mod/live/history status=200 duration=14.07ms
2026/08/19 11:40:32 INFO serve: request method=GET path=/mod/live/history status=200 duration=24.413731ms
2026/08/19 11:40:33 INFO serve: request method=GET path=/mod/live/history status=200 duration=16.842077ms
2026/08/19 11:40:34 INFO serve: request method=GET path=/mod/live/history status=200 duration=17.871384ms
2026/08/19 11:40:35 INFO serve: request method=GET path=/mod/live/history status=200 duration=15.473077ms
2026/08/19 11:40:36 INFO serve: request method=GET path=/mod/live/history status=200 duration=11.213769ms
2026/08/19 11:40:37 INFO serve: request method=GET path=/mod/live/history status=200 duration=14.681769ms
2026/08/19 11:40:37 INFO serve: request method=GET path=/mod/live/history status=200 duration=13.113461ms
2026/08/19 11:40:38 INFO serve: request method=GET path=/mod/live/history status=200 duration=17.842ms
2026/08/19 11:40:39 INFO serve: request method=GET path=/mod/live/history status=200 duration=13.653769ms
2026/08/19 11:40:40 INFO serve: request method=GET path=/mod/live/history status=200 duration=7.871269ms
2026/08/19 11:40:41 INFO serve: request method=GET path=/mod/live/history status=200 duration=7.466116ms
2026/08/19 11:40:42 INFO serve: request method=GET path=/mod/live/history status=200 duration=7.503308ms
2026/08/19 11:40:43 INFO serve: request method=GET path=/mod/live/history status=200 duration=7.996424ms
2026/08/19 11:40:44 INFO serve: request method=GET path=/mod/live/history status=200 duration=8.645539ms
2026/08/19 11:40:45 INFO serve: request method=GET path=/mod/live/history status=200 duration=8.4325ms
2026/08/19 11:40:45 INFO serve: request method=GET path=/mod/live/history status=200 duration=8.673846ms
2026/08/19 11:40:46 INFO serve: request method=GET path=/mod/live/history status=200 duration=18.755577ms
2026/08/19 11:40:47 INFO serve: request method=GET path=/mod/live/history status=200 duration=18.5635ms
2026/08/19 11:40:48 INFO serve: request method=GET path=/mod/live/history status=200 duration=19.677423ms
2026/08/19 11:40:48 INFO serve: request method=POST path=/mod/app/task/stop status=204 duration=390.077µs
2026/08/19 11:40:49 INFO serve: request method=GET path=/mod/live/history status=200 duration=27.761077ms
2026/08/19 11:40:50 INFO serve: request method=GET path=/mod/live/history status=200 duration=6.339346ms
2026/08/19 11:40:51 INFO serve: request method=GET path=/mod/live/history status=200 duration=5.831577ms
2026/08/19 11:40:52 INFO serve: request method=GET path=/mod/live/history status=200 duration=8.190231ms
2026/08/19 11:40:53 INFO serve: request method=GET path=/mod/live/history status=200 duration=18.684885ms
2026/08/19 11:40:54 INFO serve: request method=GET path=/mod/live/history status=200 duration=18.734538ms
2026/08/19 11:40:55 INFO serve: request method=GET path=/mod/live/history status=200 duration=11.211ms
2026/08/19 11:40:55 INFO serve: request method=GET path=/mod/live/history status=200 duration=9.445808ms
2026/08/19 11:40:56 INFO serve: request method=GET path=/mod/live/history status=200 duration=9.42323ms
2026/08/19 11:40:57 INFO serve: request method=GET path=/mod/live/history status=200 duration=18.9295ms
2026/08/19 11:40:58 INFO serve: request method=GET path=/mod/live/history status=200 duration=12.892884ms
2026/08/19 11:40:59 INFO serve: request method=GET path=/mod/live/history status=200 duration=15.166577ms
2026/08/19 11:41:00 INFO serve: request method=GET path=/mod/live/history status=200 duration=10.808269ms
2026/08/19 11:41:01 INFO serve: request method=GET path=/mod/live/history status=200 duration=5.395654ms
reasonix serve — deepseek-v4-flash on http://127.0.0.1:32999
  auth: token
  share: http://127.0.0.1:32999/ (token in /root/.reasonix-mobile-v1/serve.token)
2026/08/19 13:41:26 INFO serve: request method=POST path=/auth/token status=204 duration=1.226577ms
2026/08/19 13:41:26 INFO serve: request method=GET path=/mod/status status=200 duration=7.413192ms
  balance: $1.88
2026/08/19 13:46:30 INFO serve: shutting down gracefully
reasonix serve — deepseek-v4-flash on http://127.0.0.1:33397
  auth: token
  share: http://127.0.0.1:33397/ (token in /root/.reasonix-mobile-v1/serve.token)
2026/08/19 13:46:37 INFO serve: request method=POST path=/auth/token status=204 duration=361.615µs
2026/08/19 13:46:37 INFO serve: request method=GET path=/mod/status status=200 duration=7.3755ms
  balance: $1.88
2026/08/19 13:46:39 INFO serve: shutting down gracefully
reasonix serve — deepseek-v4-flash on http://127.0.0.1:43159
  auth: token
  share: http://127.0.0.1:43159/ (token in /root/.reasonix-mobile-v1/serve.token)
2026/08/19 13:46:43 INFO serve: request method=POST path=/auth/token status=204 duration=372.384µs
2026/08/19 13:46:43 INFO serve: request method=GET path=/mod/status status=200 duration=8.529731ms
2026/08/19 13:46:46 INFO serve: request method=POST path=/tool-approval-mode status=204 duration=5.038539ms
  balance: $1.88
2026/08/19 13:46:47 INFO serve: request method=GET path=/mod/status status=200 duration=10.505077ms
2026/08/19 13:46:51 INFO serve: request method=GET path=/mod/status status=200 duration=7.300193ms
2026/08/19 13:46:51 INFO serve: request method=GET path=/mod/app/contract status=200 duration=6.442692ms
2026/08/19 14:00:22 INFO serve: shutting down gracefully
reasonix serve — deepseek-v4-flash on http://127.0.0.1:34395
  auth: token
  share: http://127.0.0.1:34395/ (token in /root/.reasonix-mobile-v1/serve.token)
2026/08/19 14:00:27 INFO serve: request method=POST path=/auth/token status=204 duration=356.846µs
2026/08/19 14:00:27 INFO serve: request method=GET path=/mod/status status=200 duration=8.031962ms
  balance: $1.88
2026/08/19 14:00:30 INFO serve: shutting down gracefully
reasonix serve — deepseek-v4-flash on http://127.0.0.1:43485
  auth: token
  share: http://127.0.0.1:43485/ (token in /root/.reasonix-mobile-v1/serve.token)
2026/08/19 14:00:33 INFO serve: request method=POST path=/auth/token status=204 duration=191.269µs
2026/08/19 14:00:34 INFO serve: request method=GET path=/mod/status status=200 duration=28.480231ms
  balance: $1.88
2026/08/19 14:00:35 INFO serve: request method=POST path=/tool-approval-mode status=204 duration=366.692µs
2026/08/19 14:00:37 INFO serve: request method=GET path=/mod/status status=200 duration=7.872923ms
2026/08/19 14:00:40 INFO serve: request method=GET path=/mod/status status=200 duration=10.021577ms
2026/08/19 14:00:40 INFO serve: request method=GET path=/mod/app/contract status=200 duration=1.562807ms
2026/08/19 14:00:40 INFO serve: request method=GET path=/mod/live/history status=200 duration=686µs
2026/08/19 14:00:47 INFO serve: request method=GET path=/mod/status status=200 duration=8.721193ms
2026/08/19 14:00:47 INFO serve: request method=GET path=/mod/app/contract status=200 duration=2.414731ms
2026/08/19 14:00:47 INFO serve: request method=GET path=/mod/live/history status=200 duration=361.577µs
2026/08/19 14:14:55 INFO serve: shutting down gracefully
reasonix serve — deepseek-v4-flash on http://127.0.0.1:46567
  auth: token
  share: http://127.0.0.1:46567/ (token in /root/.reasonix-mobile-v1/serve.token)
2026/08/19 14:15:01 INFO serve: request method=POST path=/auth/token status=204 duration=440.885µs
2026/08/19 14:15:01 INFO serve: request method=GET path=/mod/status status=200 duration=10.485539ms
  balance: $1.88
2026/08/19 14:15:03 INFO serve: request method=GET path=/mod/status status=200 duration=5.689769ms
2026/08/19 14:15:03 INFO serve: request method=GET path=/mod/app/contract status=200 duration=1.168653ms
2026/08/19 14:15:03 INFO serve: request method=GET path=/mod/live/history status=200 duration=258.231µs
2026/08/19 14:15:27 INFO serve: request method=GET path=/mod/status status=200 duration=6.475847ms
2026/08/19 14:15:27 INFO serve: request method=GET path=/mod/app/contract status=200 duration=910.308µs
2026/08/19 14:15:27 INFO serve: request method=GET path=/mod/live/history status=200 duration=158.231µs
2026/08/19 14:18:41 INFO serve: request method=GET path=/mod/status status=200 duration=6.806231ms
2026/08/19 14:18:41 INFO serve: request method=GET path=/mod/app/contract status=200 duration=1.548654ms
2026/08/19 14:18:41 INFO serve: request method=GET path=/mod/live/history status=200 duration=256.615µs
2026/08/19 14:18:43 INFO serve: request method=POST path=/mod/execution/config status=200 duration=474.832769ms
2026/08/19 14:18:43 INFO serve: request method=GET path=/mod/status status=200 duration=4.440115ms
2026/08/19 14:45:41 INFO serve: request method=GET path=/mod/status status=200 duration=50.425961ms
2026/08/19 14:45:41 INFO serve: request method=GET path=/mod/app/contract status=200 duration=4.565769ms
2026/08/19 14:45:41 INFO serve: request method=GET path=/mod/live/history status=200 duration=4.703192ms
reasonix serve — deepseek-v4-flash on http://127.0.0.1:38875
  auth: token
  share: http://127.0.0.1:38875/ (token in /root/.reasonix-mobile-v1/serve.token)
2026/08/21 17:26:35 INFO serve: request method=POST path=/auth/token status=204 duration=399.962µs
2026/08/21 17:26:35 INFO serve: request method=GET path=/mod/status status=200 duration=8.794615ms
reasonix serve — deepseek-v4-flash on http://127.0.0.1:43399
  auth: token
  share: http://127.0.0.1:43399/ (token in /root/.reasonix-mobile-v1/serve.token)
2026/08/21 17:28:30 INFO serve: request method=POST path=/auth/token status=204 duration=299.692µs
2026/08/21 17:28:30 INFO serve: request method=GET path=/mod/status status=200 duration=4.029538ms
  balance: $2.36
2026/08/21 17:33:10 INFO serve: request method=GET path=/mod/status status=200 duration=90.752577ms
2026/08/21 17:33:10 INFO serve: request method=GET path=/mod/app/contract status=200 duration=24.190269ms
2026/08/21 17:33:10 INFO serve: request method=GET path=/mod/live/history status=200 duration=1.196308ms
2026/08/21 17:33:27 INFO serve: request method=GET path=/mod/status status=200 duration=5.835192ms
2026/08/21 17:33:27 INFO serve: request method=GET path=/mod/app/contract status=200 duration=1.398693ms
2026/08/21 17:33:27 INFO serve: request method=POST path=/tool-approval-mode status=204 duration=678.77µs
2026/08/21 17:33:27 INFO serve: request method=GET path=/mod/status status=200 duration=4.652769ms
2026/08/21 17:33:27 INFO serve: request method=GET path=/mod/app/contract status=200 duration=1.812539ms
2026/08/21 17:33:27 INFO serve: request method=GET path=/mod/live/history status=200 duration=185.346µs
2026/08/21 17:33:29 INFO serve: request method=GET path=/mod/status status=200 duration=10.782692ms
2026/08/21 17:33:29 INFO serve: request method=GET path=/mod/app/contract status=200 duration=1.907577ms
2026/08/21 17:33:29 INFO serve: request method=GET path=/mod/live/history status=200 duration=292.807µs
2026/08/21 17:33:31 INFO serve: request method=GET path=/mod/status status=200 duration=6.264385ms
2026/08/21 17:33:31 INFO serve: request method=GET path=/mod/app/contract status=200 duration=2.101154ms
2026/08/21 17:33:31 INFO serve: request method=GET path=/mod/live/history status=200 duration=217µs
2026/08/21 17:33:31 INFO serve: request method=GET path=/mod/live/history status=200 duration=215.116µs
2026/08/21 17:33:32 INFO serve: request method=GET path=/mod/live/history status=200 duration=211.654µs
2026/08/21 17:33:32 INFO serve: request method=GET path=/mod/swarm status=200 duration=24.079769ms
2026/08/21 17:33:33 INFO serve: request method=GET path=/mod/live/history status=200 duration=181.038µs
2026/08/21 17:33:33 INFO serve: request method=GET path=/mod/swarm status=200 duration=15.615462ms
2026/08/21 17:33:34 INFO serve: request method=GET path=/mod/live/history status=200 duration=260.962µs
2026/08/21 17:33:34 INFO serve: request method=GET path=/mod/swarm status=200 duration=15.937038ms
2026/08/21 17:33:34 INFO serve: request method=GET path=/mod/status status=200 duration=4.456192ms
2026/08/21 17:33:34 INFO serve: request method=GET path=/mod/app/contract status=200 duration=1.453384ms
2026/08/21 17:33:34 INFO serve: request method=GET path=/mod/live/history status=200 duration=199.116µs
2026/08/21 17:33:35 INFO serve: request method=GET path=/mod/live/history status=200 duration=212.27µs
2026/08/21 17:33:35 INFO serve: request method=GET path=/mod/swarm status=200 duration=33.6345ms
2026/08/21 17:33:35 INFO serve: request method=GET path=/mod/status status=200 duration=5.968846ms
2026/08/21 17:33:35 INFO serve: request method=GET path=/mod/app/contract status=200 duration=1.240731ms
2026/08/21 17:33:35 INFO serve: request method=POST path=/tool-approval-mode status=204 duration=329.731µs
2026/08/21 17:33:35 INFO serve: request method=GET path=/mod/live/history status=200 duration=247.231µs
2026/08/21 17:33:35 INFO serve: request method=GET path=/mod/swarm status=200 duration=15.222616ms
2026/08/21 17:33:36 INFO serve: request method=GET path=/mod/live/history status=200 duration=253.27µs
2026/08/21 17:33:36 INFO serve: request method=GET path=/mod/swarm status=200 duration=18.6775ms
2026/08/21 17:33:37 INFO serve: request method=GET path=/mod/status status=200 duration=7.83477ms
2026/08/21 17:33:37 INFO serve: request method=GET path=/mod/app/contract status=200 duration=1.735769ms
2026/08/21 17:33:37 INFO serve: request method=POST path=/tool-approval-mode status=204 duration=219.923µs
2026/08/21 17:33:37 INFO serve: request method=GET path=/mod/status status=200 duration=6.005923ms
2026/08/21 17:33:37 INFO serve: request method=GET path=/mod/app/contract status=200 duration=1.822462ms
2026/08/21 17:33:37 INFO serve: request method=GET path=/mod/live/history status=200 duration=280.423µs
2026/08/21 17:33:37 INFO serve: request method=GET path=/mod/live/history status=200 duration=280.5µs
2026/08/21 17:33:37 INFO serve: request method=GET path=/mod/swarm status=200 duration=16.8875ms
2026/08/21 17:33:38 INFO serve: request method=GET path=/mod/status status=200 duration=5.921808ms
2026/08/21 17:33:38 INFO serve: request method=GET path=/mod/app/contract status=200 duration=2.051039ms
2026/08/21 17:33:38 INFO serve: request method=POST path=/tool-approval-mode status=204 duration=256.846µs
2026/08/21 17:33:38 INFO serve: request method=GET path=/mod/live/history status=200 duration=596.154µs
2026/08/21 17:33:38 INFO serve: request method=GET path=/mod/swarm status=200 duration=25.187ms
2026/08/21 17:33:39 INFO serve: request method=GET path=/mod/status status=200 duration=6.598423ms
2026/08/21 17:33:39 INFO serve: request method=GET path=/mod/app/contract status=200 duration=1.397923ms
2026/08/21 17:33:39 INFO serve: request method=GET path=/mod/live/history status=200 duration=193.076µs
2026/08/21 17:33:39 INFO serve: request method=GET path=/mod/live/history status=200 duration=240.385µs
2026/08/21 17:33:40 INFO serve: request method=GET path=/mod/live/history status=200 duration=251.923µs
2026/08/21 17:33:40 INFO serve: request method=GET path=/mod/swarm status=200 duration=18.653538ms
2026/08/21 17:33:41 INFO serve: request method=GET path=/mod/live/history status=200 duration=435.269µs
2026/08/21 17:33:41 INFO serve: request method=GET path=/mod/swarm status=200 duration=16.958538ms
2026/08/21 17:33:41 INFO serve: request method=GET path=/mod/status status=200 duration=8.329923ms
2026/08/21 17:33:41 INFO serve: request method=GET path=/mod/app/contract status=200 duration=1.832423ms
2026/08/21 17:33:41 INFO serve: request method=GET path=/mod/live/history status=200 duration=210.5µs
2026/08/21 17:33:41 INFO serve: request method=GET path=/mod/live/history status=200 duration=391.115µs
2026/08/21 17:33:42 INFO serve: request method=GET path=/mod/live/history status=200 duration=213.923µs
2026/08/21 17:33:42 INFO serve: request method=GET path=/mod/swarm status=200 duration=16.700692ms
2026/08/21 17:33:43 INFO serve: request method=GET path=/mod/live/history status=200 duration=183.269µs
2026/08/21 17:33:43 INFO serve: request method=GET path=/mod/swarm status=200 duration=14.1235ms
2026/08/21 17:33:43 INFO serve: request method=GET path=/mod/live/history status=200 duration=227.115µs
2026/08/21 17:33:44 INFO serve: request method=GET path=/mod/live/history status=200 duration=406.384µs
2026/08/21 17:33:44 INFO serve: request method=GET path=/mod/swarm status=200 duration=16.095308ms
2026/08/21 17:33:45 INFO serve: request method=GET path=/mod/live/history status=200 duration=197µs
2026/08/21 17:33:45 INFO serve: request method=GET path=/mod/swarm status=200 duration=15.912923ms
2026/08/21 17:33:46 INFO serve: request method=GET path=/mod/live/history status=200 duration=545.731µs
2026/08/21 17:33:46 INFO serve: request method=GET path=/mod/swarm status=200 duration=17.353884ms
2026/08/21 17:33:47 INFO serve: request method=GET path=/mod/live/history status=200 duration=279.5µs
2026/08/21 17:33:47 INFO serve: request method=GET path=/mod/swarm status=200 duration=17.58977ms
2026/08/21 17:33:47 INFO serve: request method=GET path=/mod/live/history status=200 duration=249.077µs
2026/08/21 17:33:47 INFO serve: request method=GET path=/mod/swarm status=200 duration=19.397731ms
2026/08/21 17:33:48 INFO serve: request method=GET path=/mod/status status=200 duration=8.054769ms
2026/08/21 17:33:48 INFO serve: request method=GET path=/mod/app/contract status=200 duration=1.310615ms
2026/08/21 17:33:48 INFO serve: request method=POST path=/tool-approval-mode status=204 duration=341.038µs
2026/08/21 17:33:48 INFO serve: request method=GET path=/mod/live/history status=200 duration=211.885µs
2026/08/21 17:33:48 INFO serve: request method=GET path=/mod/swarm status=200 duration=21.205308ms
2026/08/21 17:33:49 INFO serve: request method=GET path=/mod/status status=200 duration=6.343654ms
2026/08/21 17:33:49 INFO serve: request method=GET path=/mod/app/contract status=200 duration=1.448154ms
2026/08/21 17:33:49 INFO serve: request method=POST path=/tool-approval-mode status=204 duration=341.154µs
2026/08/21 17:33:49 INFO serve: request method=GET path=/mod/live/history status=200 duration=457.5µs
2026/08/21 17:33:49 INFO serve: request method=GET path=/mod/swarm status=200 duration=31.639692ms
2026/08/21 17:33:50 INFO serve: request method=GET path=/mod/status status=200 duration=6.316423ms
2026/08/21 17:33:50 INFO serve: request method=GET path=/mod/app/contract status=200 duration=1.48077ms
2026/08/21 17:33:50 INFO serve: request method=GET path=/mod/live/history status=200 duration=252µs
2026/08/21 17:33:50 INFO serve: request method=GET path=/mod/live/history status=200 duration=211.654µs
2026/08/21 17:33:50 INFO serve: request method=GET path=/mod/swarm status=200 duration=29.001769ms
2026/08/21 17:33:51 INFO serve: request method=GET path=/mod/live/history status=200 duration=676.769µs
2026/08/21 17:33:51 INFO serve: request method=GET path=/mod/swarm status=200 duration=37.184539ms
2026/08/21 17:33:51 INFO serve: request method=GET path=/mod/status status=200 duration=8.020193ms
2026/08/21 17:33:51 INFO serve: request method=GET path=/mod/app/contract status=200 duration=1.626192ms
2026/08/21 17:33:51 INFO serve: request method=GET path=/mod/live/history status=200 duration=290.346µs
2026/08/21 17:33:51 INFO serve: request method=GET path=/mod/live/history status=200 duration=210.693µs
2026/08/21 17:33:52 INFO serve: request method=GET path=/mod/live/history status=200 duration=248.116µs
2026/08/21 17:33:52 INFO serve: request method=GET path=/mod/swarm status=200 duration=20.154846ms
2026/08/21 17:33:53 INFO serve: request method=GET path=/mod/live/history status=200 duration=312.538µs
2026/08/21 17:33:53 INFO serve: request method=GET path=/mod/swarm status=200 duration=17.591769ms
2026/08/21 17:33:53 INFO serve: request method=GET path=/mod/live/history status=200 duration=240.962µs
2026/08/21 17:33:54 INFO serve: request method=GET path=/mod/live/history status=200 duration=572.808µs
2026/08/21 17:33:54 INFO serve: request method=GET path=/mod/swarm status=200 duration=17.545346ms
2026/08/21 17:33:55 INFO serve: request method=GET path=/mod/live/history status=200 duration=410.731µs
2026/08/21 17:33:55 INFO serve: request method=GET path=/mod/swarm status=200 duration=18.479693ms
2026/08/21 17:33:56 INFO serve: request method=GET path=/mod/live/history status=200 duration=239.231µs
2026/08/21 17:33:56 INFO serve: request method=GET path=/mod/swarm status=200 duration=20.708962ms
2026/08/21 17:33:57 INFO serve: request method=GET path=/mod/live/history status=200 duration=249.23µs
2026/08/21 17:33:57 INFO serve: request method=GET path=/mod/swarm status=200 duration=20.518807ms
2026/08/21 17:33:58 INFO serve: request method=GET path=/mod/live/history status=200 duration=256.423µs
2026/08/21 17:33:58 INFO serve: request method=GET path=/mod/swarm status=200 duration=13.531538ms
2026/08/21 17:33:59 INFO serve: request method=GET path=/mod/live/history status=200 duration=307.73µs
2026/08/21 17:33:59 INFO serve: request method=GET path=/mod/swarm status=200 duration=20.956077ms
2026/08/21 17:34:00 INFO serve: request method=GET path=/mod/live/history status=200 duration=278.116µs
2026/08/21 17:34:00 INFO serve: request method=GET path=/mod/swarm status=200 duration=19.731347ms
2026/08/21 17:34:00 INFO serve: request method=GET path=/mod/live/history status=200 duration=190.192µs
2026/08/21 17:34:00 INFO serve: request method=GET path=/mod/swarm status=200 duration=15.559808ms
2026/08/21 17:34:01 INFO serve: request method=GET path=/mod/live/history status=200 duration=236.385µs
2026/08/21 17:34:01 INFO serve: request method=GET path=/mod/swarm status=200 duration=19.507654ms
2026/08/21 17:34:02 INFO serve: request method=GET path=/mod/live/history status=200 duration=433.231µs
2026/08/21 17:34:02 INFO serve: request method=GET path=/mod/swarm status=200 duration=14.836846ms
2026/08/21 17:34:03 INFO serve: request method=GET path=/mod/live/history status=200 duration=369.616µs
2026/08/21 17:34:03 INFO serve: request method=GET path=/mod/swarm status=200 duration=17.768385ms
2026/08/21 17:34:04 INFO serve: request method=GET path=/mod/live/history status=200 duration=287.231µs
2026/08/21 17:34:04 INFO serve: request method=GET path=/mod/swarm status=200 duration=20.163462ms
2026/08/21 17:34:05 INFO serve: request method=GET path=/mod/live/history status=200 duration=172.346µs
2026/08/21 17:34:05 INFO serve: request method=GET path=/mod/swarm status=200 duration=16.964885ms
2026/08/21 17:34:06 INFO serve: request method=GET path=/mod/live/history status=200 duration=325.423µs
2026/08/21 17:34:06 INFO serve: request method=GET path=/mod/swarm status=200 duration=24.236616ms
2026/08/21 17:34:07 INFO serve: request method=GET path=/mod/live/history status=200 duration=1.130885ms
2026/08/21 17:34:07 INFO serve: request method=GET path=/mod/swarm status=200 duration=28.373385ms
2026/08/21 17:34:08 INFO serve: request method=GET path=/mod/live/history status=200 duration=386.577µs
2026/08/21 17:34:08 INFO serve: request method=GET path=/mod/swarm status=200 duration=21.857615ms
2026/08/21 17:34:09 INFO serve: request method=GET path=/mod/live/history status=200 duration=251.27µs
2026/08/21 17:34:09 INFO serve: request method=GET path=/mod/swarm status=200 duration=22.166115ms
2026/08/21 17:34:09 INFO serve: request method=GET path=/mod/live/history status=200 duration=401.693µs
2026/08/21 17:34:10 INFO serve: request method=GET path=/mod/swarm status=200 duration=22.207961ms
2026/08/21 17:34:10 INFO serve: request method=GET path=/mod/live/history status=200 duration=329.269µs
2026/08/21 17:34:10 INFO serve: request method=GET path=/mod/swarm status=200 duration=21.898077ms
2026/08/21 17:34:11 INFO serve: request method=GET path=/mod/live/history status=200 duration=280.692µs
2026/08/21 17:34:11 INFO serve: request method=GET path=/mod/swarm status=200 duration=21.912308ms
2026/08/21 17:34:12 INFO serve: request method=GET path=/mod/live/history status=200 duration=245.385µs
2026/08/21 17:34:12 INFO serve: request method=GET path=/mod/swarm status=200 duration=21.665577ms
2026/08/21 17:34:13 INFO serve: request method=GET path=/mod/live/history status=200 duration=451µs
2026/08/21 17:34:13 INFO serve: request method=GET path=/mod/swarm status=200 duration=24.025116ms
2026/08/21 17:34:14 INFO serve: request method=GET path=/mod/live/history status=200 duration=295.539µs
2026/08/21 17:34:14 INFO serve: request method=GET path=/mod/swarm status=200 duration=23.676076ms
2026/08/21 17:34:15 INFO serve: request method=GET path=/mod/live/history status=200 duration=234.462µs
2026/08/21 17:34:15 INFO serve: request method=GET path=/mod/swarm status=200 duration=20.479ms
2026/08/21 17:34:16 INFO serve: request method=GET path=/mod/live/history status=200 duration=244.423µs
2026/08/21 17:34:16 INFO serve: request method=GET path=/mod/swarm status=200 duration=22.075192ms
2026/08/21 17:34:17 INFO serve: request method=GET path=/mod/live/history status=200 duration=291.616µs
2026/08/21 17:34:17 INFO serve: request method=GET path=/mod/swarm status=200 duration=21.10373ms
2026/08/21 17:34:18 INFO serve: request method=GET path=/mod/live/history status=200 duration=426.846µs
2026/08/21 17:34:18 INFO serve: request method=GET path=/mod/swarm status=200 duration=14.624ms
2026/08/21 17:34:18 INFO serve: request method=GET path=/mod/live/history status=200 duration=348.346µs
2026/08/21 17:34:19 INFO serve: request method=GET path=/mod/swarm status=200 duration=18.350692ms
2026/08/21 17:34:19 INFO serve: request method=GET path=/mod/live/history status=200 duration=298.077µs
2026/08/21 17:34:19 INFO serve: request method=GET path=/mod/swarm status=200 duration=22.8ms
2026/08/21 17:34:20 INFO serve: request method=GET path=/mod/live/history status=200 duration=310.577µs
2026/08/21 17:34:20 INFO serve: request method=GET path=/mod/swarm status=200 duration=19.893ms
2026/08/21 17:34:21 INFO serve: request method=GET path=/mod/live/history status=200 duration=420.231µs
2026/08/21 17:34:21 INFO serve: request method=GET path=/mod/swarm status=200 duration=19.718885ms
2026/08/21 17:34:22 INFO serve: request method=GET path=/mod/status status=200 duration=10.864961ms
2026/08/21 17:34:22 INFO serve: request method=GET path=/mod/live/history status=200 duration=188.384µs
2026/08/21 17:34:22 INFO serve: request method=GET path=/mod/app/contract status=200 duration=1.467885ms
2026/08/21 17:34:22 INFO serve: request method=GET path=/mod/live/history status=200 duration=184.769µs
2026/08/21 17:34:22 INFO serve: request method=GET path=/mod/swarm status=200 duration=17.958423ms
2026/08/21 17:34:23 INFO serve: request method=GET path=/mod/live/history status=200 duration=314.731µs
2026/08/21 17:34:23 INFO serve: request method=GET path=/mod/swarm status=200 duration=18.157769ms
2026/08/21 17:34:24 INFO serve: request method=GET path=/mod/live/history status=200 duration=366.961µs
2026/08/21 17:34:24 INFO serve: request method=GET path=/mod/swarm status=200 duration=21.778269ms
2026/08/21 17:34:25 INFO serve: request method=GET path=/mod/live/history status=200 duration=318.461µs
2026/08/21 17:34:25 INFO serve: request method=GET path=/mod/swarm status=200 duration=25.882077ms
2026/08/21 17:34:26 INFO serve: request method=GET path=/mod/live/history status=200 duration=178.654µs
2026/08/21 17:34:26 INFO serve: request method=GET path=/mod/swarm status=200 duration=13.337154ms
2026/08/21 17:34:27 INFO serve: request method=GET path=/mod/live/history status=200 duration=234.962µs
2026/08/21 17:34:27 INFO serve: request method=GET path=/mod/swarm status=200 duration=17.664731ms
2026/08/21 17:34:27 INFO serve: request method=GET path=/mod/live/history status=200 duration=332.038µs
2026/08/21 17:34:28 INFO serve: request method=GET path=/mod/swarm status=200 duration=23.037847ms
2026/08/21 17:34:28 INFO serve: request method=GET path=/mod/live/history status=200 duration=248.73µs
2026/08/21 17:34:28 INFO serve: request method=GET path=/mod/swarm status=200 duration=19.456462ms
2026/08/21 17:34:29 INFO serve: request method=GET path=/mod/status status=200 duration=5.210307ms
2026/08/21 17:34:29 INFO serve: request method=GET path=/mod/app/contract status=200 duration=1.308616ms
2026/08/21 17:34:29 INFO serve: request method=GET path=/mod/live/history status=200 duration=236.807µs
2026/08/21 17:34:29 INFO serve: request method=GET path=/mod/live/history status=200 duration=219.154µs
2026/08/21 17:34:29 INFO serve: request method=GET path=/mod/swarm status=200 duration=16.214038ms
2026/08/21 17:34:30 INFO serve: request method=GET path=/mod/live/history status=200 duration=368.385µs
2026/08/21 17:34:30 INFO serve: request method=GET path=/mod/swarm status=200 duration=19.746731ms
2026/08/21 17:34:31 INFO serve: request method=GET path=/mod/live/history status=200 duration=231.885µs
2026/08/21 17:34:31 INFO serve: request method=GET path=/mod/swarm status=200 duration=19.709077ms
2026/08/21 17:34:32 INFO serve: request method=GET path=/mod/live/history status=200 duration=226.962µs
2026/08/21 17:34:32 INFO serve: request method=GET path=/mod/swarm status=200 duration=15.254ms
2026/08/21 17:34:33 INFO serve: request method=GET path=/mod/live/history status=200 duration=191.462µs
2026/08/21 17:34:33 INFO serve: request method=GET path=/mod/swarm status=200 duration=17.849961ms
2026/08/21 17:35:19 INFO serve: request method=GET path=/mod/status status=200 duration=4.884808ms
2026/08/21 17:35:19 INFO serve: request method=GET path=/mod/app/contract status=200 duration=1.944308ms
2026/08/21 17:35:19 INFO serve: request method=GET path=/mod/live/history status=200 duration=427.231µs
2026/08/21 17:38:17 INFO serve: request method=POST path=/mod/budget status=200 duration=326.903692ms
2026/08/21 17:38:17 INFO serve: request method=GET path=/mod/budget status=200 duration=146.116µs
2026/08/21 17:39:20 INFO serve: request method=GET path=/mod/live/history status=200 duration=276.039µs
2026/08/21 17:39:21 INFO serve: request method=GET path=/mod/live/history status=200 duration=298.192µs
2026/08/21 17:39:21 INFO serve: request method=GET path=/mod/swarm status=200 duration=32.250962ms
2026/08/21 17:39:21 INFO serve: request method=GET path=/mod/status status=200 duration=8.999039ms
2026/08/21 17:39:21 INFO serve: request method=GET path=/mod/app/contract status=200 duration=7.622308ms
2026/08/21 17:39:21 INFO serve: request method=POST path=/tool-approval-mode status=204 duration=1.123423ms
2026/08/21 17:39:21 INFO serve: request method=GET path=/mod/live/history status=200 duration=257.423µs
2026/08/21 17:39:21 INFO serve: request method=GET path=/mod/swarm status=200 duration=14.305346ms
2026/08/21 17:39:22 INFO serve: request method=GET path=/mod/live/history status=200 duration=264.154µs
2026/08/21 17:39:22 INFO serve: request method=GET path=/mod/swarm status=200 duration=15.755269ms
2026/08/21 17:39:22 INFO serve: request method=GET path=/mod/status status=200 duration=6.182923ms
2026/08/21 17:39:22 INFO serve: request method=GET path=/mod/app/contract status=200 duration=1.510731ms
2026/08/21 17:39:22 INFO serve: request method=GET path=/mod/live/history status=200 duration=626.269µs
2026/08/21 17:39:23 INFO serve: request method=GET path=/mod/live/history status=200 duration=590.577µs
2026/08/21 17:39:23 INFO serve: request method=GET path=/mod/swarm status=200 duration=23.093731ms
2026/08/21 17:39:24 INFO serve: request method=GET path=/mod/live/history status=200 duration=491.577µs
2026/08/21 17:39:24 INFO serve: request method=GET path=/mod/swarm status=200 duration=21.053308ms
2026/08/21 17:39:25 INFO serve: request method=GET path=/mod/status status=200 duration=5.52627ms
2026/08/21 17:39:25 INFO serve: request method=GET path=/mod/app/contract status=200 duration=2.134193ms
2026/08/21 17:39:25 INFO serve: request method=GET path=/mod/live/history status=200 duration=436.192µs
2026/08/21 17:39:25 INFO serve: request method=GET path=/mod/live/history status=200 duration=362.653µs
2026/08/21 17:39:26 INFO serve: request method=GET path=/mod/live/history status=200 duration=307µs
2026/08/21 17:39:26 INFO serve: request method=GET path=/mod/swarm status=200 duration=15.661885ms
2026/08/21 17:39:27 INFO serve: request method=GET path=/mod/live/history status=200 duration=310.885µs
2026/08/21 17:39:27 INFO serve: request method=GET path=/mod/swarm status=200 duration=23.408077ms
2026/08/21 17:39:27 INFO serve: request method=GET path=/mod/status status=200 duration=5.427692ms
2026/08/21 17:39:27 INFO serve: request method=GET path=/mod/app/contract status=200 duration=1.381077ms
2026/08/21 17:39:27 INFO serve: request method=GET path=/mod/live/history status=200 duration=304.308µs
2026/08/21 17:39:28 INFO serve: request method=GET path=/mod/live/history status=200 duration=743µs
2026/08/21 17:39:28 INFO serve: request method=GET path=/mod/swarm status=200 duration=24.447231ms
2026/08/21 17:39:29 INFO serve: request method=GET path=/mod/status status=200 duration=6.8625ms
2026/08/21 17:39:29 INFO serve: request method=GET path=/mod/app/contract status=200 duration=1.990461ms
2026/08/21 17:39:29 INFO serve: request method=GET path=/mod/live/history status=200 duration=427.154µs
2026/08/21 17:39:31 INFO serve: request method=GET path=/mod/status status=200 duration=6.118346ms
2026/08/21 17:39:31 INFO serve: request method=GET path=/mod/app/contract status=200 duration=1.87623ms
2026/08/21 17:39:31 INFO serve: request method=GET path=/mod/live/history status=200 duration=359.692µs
2026/08/21 17:39:37 INFO serve: request method=GET path=/mod/live/history status=200 duration=307.192µs
2026/08/21 17:39:38 INFO serve: request method=GET path=/mod/live/history status=200 duration=430.885µs
2026/08/21 17:39:38 INFO serve: request method=GET path=/mod/swarm status=200 duration=17.859385ms
2026/08/21 17:39:39 INFO serve: request method=GET path=/mod/live/history status=200 duration=266.962µs
2026/08/21 17:39:39 INFO serve: request method=GET path=/mod/swarm status=200 duration=15.735692ms
2026/08/21 17:39:40 INFO serve: request method=GET path=/mod/live/history status=200 duration=278.385µs
2026/08/21 17:39:40 INFO serve: request method=GET path=/mod/swarm status=200 duration=46.02ms
2026/08/21 17:39:40 INFO serve: request method=GET path=/mod/live/history status=200 duration=431.615µs
2026/08/21 17:39:41 INFO serve: request method=GET path=/mod/swarm status=200 duration=16.913116ms
2026/08/21 17:39:41 INFO serve: request method=GET path=/mod/live/history status=200 duration=264.231µs
2026/08/21 17:39:41 INFO serve: request method=GET path=/mod/swarm status=200 duration=13.8525ms
2026/08/21 17:39:42 INFO serve: request method=GET path=/mod/live/history status=200 duration=295µs
2026/08/21 17:39:42 INFO serve: request method=GET path=/mod/swarm status=200 duration=17.746307ms
2026/08/21 17:39:43 INFO serve: request method=GET path=/mod/live/history status=200 duration=297.347µs
2026/08/21 17:39:43 INFO serve: request method=GET path=/mod/swarm status=200 duration=18.664077ms
2026/08/21 17:39:44 INFO serve: request method=GET path=/mod/live/history status=200 duration=277.885µs
2026/08/21 17:39:44 INFO serve: request method=GET path=/mod/swarm status=200 duration=16.148846ms
2026/08/21 17:39:45 INFO serve: request method=GET path=/mod/live/history status=200 duration=307.115µs
2026/08/21 17:39:45 INFO serve: request method=GET path=/mod/swarm status=200 duration=15.384846ms
2026/08/21 17:39:45 INFO serve: request method=POST path=/tool-approval-mode status=204 duration=250.038µs
2026/08/21 17:39:46 INFO serve: request method=POST path=/mod/app/task/start status=202 duration=11.75073ms
2026/08/21 17:39:46 INFO serve: request method=GET path=/mod/live/history status=200 duration=327.269µs
2026/08/21 17:39:46 INFO serve: request method=GET path=/mod/live/history status=200 duration=665.692µs
2026/08/21 17:39:46 INFO serve: request method=GET path=/mod/swarm status=200 duration=22.7885ms
2026/08/21 17:39:47 INFO serve: request method=GET path=/mod/live/history status=200 duration=537.692µs
2026/08/21 17:39:47 INFO serve: request method=GET path=/mod/swarm status=200 duration=16.603192ms
2026/08/21 17:39:48 INFO serve: request method=GET path=/mod/live/history status=200 duration=586.77µs
2026/08/21 17:39:48 INFO serve: request method=GET path=/mod/swarm status=200 duration=17.416346ms
2026/08/21 17:39:49 INFO serve: request method=GET path=/mod/live/history status=200 duration=906.269µs
2026/08/21 17:39:49 INFO serve: request method=GET path=/mod/swarm status=200 duration=18.302923ms
2026/08/21 17:39:50 INFO serve: request method=GET path=/mod/live/history status=200 duration=577.654µs
2026/08/21 17:39:50 INFO serve: request method=GET path=/mod/swarm status=200 duration=22.72473ms
2026/08/21 17:39:51 INFO serve: request method=GET path=/mod/live/history status=200 duration=675.616µs
2026/08/21 17:39:51 INFO serve: request method=GET path=/history status=200 duration=2.257115ms
2026/08/21 17:39:51 INFO serve: request method=GET path=/mod/swarm status=200 duration=22.668346ms
2026/08/21 17:39:52 INFO serve: request method=GET path=/mod/live/history status=200 duration=628.731µs
2026/08/21 17:39:52 INFO serve: request method=GET path=/history status=200 duration=1.252038ms
2026/08/21 17:39:52 INFO serve: request method=GET path=/mod/swarm status=200 duration=18.198615ms
2026/08/21 17:39:53 INFO serve: request method=GET path=/mod/live/history status=200 duration=1.016539ms
2026/08/21 17:39:53 INFO serve: request method=GET path=/history status=200 duration=1.752077ms
2026/08/21 17:39:53 INFO serve: request method=GET path=/mod/swarm status=200 duration=19.929539ms
2026/08/21 17:39:54 INFO serve: request method=GET path=/mod/live/history status=200 duration=957.923µs
2026/08/21 17:39:54 INFO serve: request method=GET path=/history status=200 duration=1.795654ms
2026/08/21 17:39:54 INFO serve: request method=GET path=/mod/swarm status=200 duration=21.1075ms
2026/08/21 17:39:55 INFO serve: request method=GET path=/mod/live/history status=200 duration=979.27µs
2026/08/21 17:39:55 INFO serve: request method=GET path=/history status=200 duration=1.5195ms
2026/08/21 17:39:55 INFO serve: request method=GET path=/mod/swarm status=200 duration=17.773769ms
2026/08/21 17:39:55 INFO serve: request method=GET path=/mod/live/history status=200 duration=879.885µs
2026/08/21 17:39:55 INFO serve: request method=GET path=/history status=200 duration=1.338962ms
2026/08/21 17:39:55 INFO serve: request method=GET path=/mod/swarm status=200 duration=20.607385ms
2026/08/21 17:39:56 INFO serve: request method=GET path=/mod/live/history status=200 duration=1.338115ms
2026/08/21 17:39:56 INFO serve: request method=GET path=/history status=200 duration=1.604077ms
2026/08/21 17:39:56 INFO serve: request method=GET path=/mod/swarm status=200 duration=23.805077ms
2026/08/21 17:39:57 INFO serve: request method=GET path=/mod/live/history status=200 duration=1.344769ms
2026/08/21 17:39:57 INFO serve: request method=GET path=/history status=200 duration=1.477231ms
2026/08/21 17:39:57 INFO serve: request method=GET path=/mod/swarm status=200 duration=20.489154ms
2026/08/21 17:39:58 INFO serve: request method=GET path=/mod/live/history status=200 duration=710.923µs
2026/08/21 17:39:58 INFO serve: request method=GET path=/history status=200 duration=1.372385ms
2026/08/21 17:39:58 INFO serve: request method=GET path=/mod/swarm status=200 duration=18.76323ms
2026/08/21 17:39:59 INFO serve: request method=GET path=/mod/live/history status=200 duration=631.269µs
2026/08/21 17:39:59 INFO serve: request method=GET path=/history status=200 duration=1.580308ms
2026/08/21 17:39:59 INFO serve: request method=GET path=/mod/swarm status=200 duration=20.01127ms
2026/08/21 17:40:00 INFO serve: request method=GET path=/mod/live/history status=200 duration=988.923µs
2026/08/21 17:40:00 INFO serve: request method=GET path=/history status=200 duration=1.098538ms
2026/08/21 17:40:00 INFO serve: request method=GET path=/mod/swarm status=200 duration=23.794538ms
2026/08/21 17:40:01 INFO serve: request method=GET path=/mod/live/history status=200 duration=813.462µs
2026/08/21 17:40:01 INFO serve: request method=GET path=/history status=200 duration=1.137077ms
2026/08/21 17:40:01 INFO serve: request method=GET path=/mod/swarm status=200 duration=14.168731ms
2026/08/21 17:40:02 INFO serve: request method=GET path=/mod/live/history status=200 duration=1.168ms
2026/08/21 17:40:02 INFO serve: request method=GET path=/history status=200 duration=1.464ms
2026/08/21 17:40:02 INFO serve: request method=GET path=/mod/swarm status=200 duration=31.970423ms
2026/08/21 17:40:03 INFO serve: request method=GET path=/mod/live/history status=200 duration=953.346µs
2026/08/21 17:40:03 INFO serve: request method=GET path=/history status=200 duration=1.289961ms
2026/08/21 17:40:03 INFO serve: request method=GET path=/mod/swarm status=200 duration=23.11973ms
2026/08/21 17:40:04 INFO serve: request method=GET path=/mod/live/history status=200 duration=853.923µs
2026/08/21 17:40:04 INFO serve: request method=GET path=/history status=200 duration=1.907615ms
2026/08/21 17:40:04 INFO serve: request method=GET path=/mod/swarm status=200 duration=16.548692ms
2026/08/21 17:40:04 INFO serve: request method=GET path=/mod/live/history status=200 duration=1.233039ms
2026/08/21 17:40:04 INFO serve: request method=GET path=/history status=200 duration=1.568308ms
2026/08/21 17:40:04 INFO serve: request method=GET path=/mod/swarm status=200 duration=16.676923ms
2026/08/21 17:40:05 INFO serve: request method=GET path=/mod/live/history status=200 duration=688.115µs
2026/08/21 17:40:05 INFO serve: request method=GET path=/history status=200 duration=1.476846ms
2026/08/21 17:40:05 INFO serve: request method=GET path=/mod/swarm status=200 duration=27.209346ms
2026/08/21 17:40:06 INFO serve: request method=GET path=/mod/live/history status=200 duration=926µs
2026/08/21 17:40:06 INFO serve: request method=GET path=/history status=200 duration=1.983654ms
2026/08/21 17:40:06 INFO serve: request method=GET path=/mod/swarm status=200 duration=21.597654ms
2026/08/21 17:40:07 INFO serve: request method=GET path=/mod/live/history status=200 duration=1.513538ms
2026/08/21 17:40:07 INFO serve: request method=GET path=/history status=200 duration=2.350384ms
2026/08/21 17:40:07 INFO serve: request method=GET path=/mod/swarm status=200 duration=25.603731ms
2026/08/21 17:40:08 INFO serve: request method=GET path=/mod/live/history status=200 duration=888.846µs
2026/08/21 17:40:08 INFO serve: request method=GET path=/history status=200 duration=1.362769ms
2026/08/21 17:40:08 INFO serve: request method=GET path=/mod/swarm status=200 duration=17.116577ms
2026/08/21 17:40:09 INFO serve: request method=GET path=/mod/live/history status=200 duration=680.615µs
2026/08/21 17:40:09 INFO serve: request method=GET path=/history status=200 duration=1.556731ms
2026/08/21 17:40:09 INFO serve: request method=GET path=/mod/swarm status=200 duration=15.237577ms
2026/08/21 17:40:10 INFO serve: request method=GET path=/mod/live/history status=200 duration=734.231µs
2026/08/21 17:40:10 INFO serve: request method=GET path=/history status=200 duration=1.960385ms
2026/08/21 17:40:10 INFO serve: request method=GET path=/mod/swarm status=200 duration=22.350269ms
2026/08/21 17:40:11 INFO serve: request method=GET path=/mod/live/history status=200 duration=694.385µs
2026/08/21 17:40:11 INFO serve: request method=GET path=/history status=200 duration=1.456577ms
2026/08/21 17:40:11 INFO serve: request method=GET path=/mod/swarm status=200 duration=19.066615ms
2026/08/21 17:40:12 INFO serve: request method=GET path=/mod/live/history status=200 duration=864.962µs
2026/08/21 17:40:12 INFO serve: request method=GET path=/history status=200 duration=976.346µs
2026/08/21 17:40:12 INFO serve: request method=GET path=/mod/swarm status=200 duration=18.535808ms
2026/08/21 17:40:13 INFO serve: request method=GET path=/mod/live/history status=200 duration=879.77µs
2026/08/21 17:40:13 INFO serve: request method=GET path=/history status=200 duration=1.845692ms
2026/08/21 17:40:13 INFO serve: request method=GET path=/mod/swarm status=200 duration=17.70123ms
2026/08/21 17:40:13 INFO serve: request method=GET path=/mod/live/history status=200 duration=1.139154ms
2026/08/21 17:40:13 INFO serve: request method=GET path=/history status=200 duration=1.609038ms
2026/08/21 17:40:13 INFO serve: request method=GET path=/mod/swarm status=200 duration=16.211269ms
2026/08/21 17:40:14 INFO serve: request method=GET path=/mod/live/history status=200 duration=924.539µs
2026/08/21 17:40:14 INFO serve: request method=GET path=/history status=200 duration=1.9385ms
2026/08/21 17:40:14 INFO serve: request method=GET path=/mod/swarm status=200 duration=18.422577ms
2026/08/21 17:40:15 INFO serve: request method=GET path=/mod/live/history status=200 duration=614.807µs
2026/08/21 17:40:15 INFO serve: request method=GET path=/history status=200 duration=1.56327ms
2026/08/21 17:40:15 INFO serve: request method=GET path=/mod/swarm status=200 duration=17.559808ms
2026/08/21 17:40:16 INFO serve: request method=GET path=/mod/live/history status=200 duration=981.308µs
2026/08/21 17:40:16 INFO serve: request method=GET path=/history status=200 duration=1.496231ms
2026/08/21 17:40:16 INFO serve: request method=GET path=/mod/swarm status=200 duration=20.097231ms
2026/08/21 17:40:17 INFO serve: request method=GET path=/mod/live/history status=200 duration=700.538µs
2026/08/21 17:40:17 INFO serve: request method=GET path=/history status=200 duration=2.019077ms
2026/08/21 17:40:17 INFO serve: request method=GET path=/mod/swarm status=200 duration=21.678885ms
2026/08/21 17:40:18 INFO serve: request method=GET path=/mod/live/history status=200 duration=785.461µs
2026/08/21 17:40:18 INFO serve: request method=GET path=/history status=200 duration=1.465923ms
2026/08/21 17:40:18 INFO serve: request method=GET path=/mod/swarm status=200 duration=23.061346ms
2026/08/21 17:40:19 INFO serve: request method=GET path=/mod/live/history status=200 duration=746.923µs
2026/08/21 17:40:19 INFO serve: request method=GET path=/history status=200 duration=1.439116ms
2026/08/21 17:40:19 INFO serve: request method=GET path=/mod/swarm status=200 duration=21.573269ms
2026/08/21 17:40:20 INFO serve: request method=GET path=/mod/live/history status=200 duration=762.423µs
2026/08/21 17:40:20 INFO serve: request method=GET path=/history status=200 duration=1.564154ms
2026/08/21 17:40:20 INFO serve: request method=GET path=/mod/swarm status=200 duration=22.160308ms
2026/08/21 17:40:21 INFO serve: request method=GET path=/mod/live/history status=200 duration=653.461µs
2026/08/21 17:40:21 INFO serve: request method=GET path=/history status=200 duration=1.128923ms
2026/08/21 17:40:21 INFO serve: request method=GET path=/mod/swarm status=200 duration=21.022077ms
2026/08/21 17:40:22 INFO serve: request method=GET path=/mod/live/history status=200 duration=951.423µs
2026/08/21 17:40:22 INFO serve: request method=GET path=/history status=200 duration=1.456346ms
2026/08/21 17:40:22 INFO serve: request method=GET path=/mod/swarm status=200 duration=20.523615ms
2026/08/21 17:40:22 INFO serve: request method=GET path=/mod/live/history status=200 duration=657.384µs
2026/08/21 17:40:22 INFO serve: request method=GET path=/history status=200 duration=2.340154ms
2026/08/21 17:40:22 INFO serve: request method=GET path=/mod/swarm status=200 duration=26.091039ms
2026/08/21 17:40:23 INFO serve: request method=GET path=/mod/live/history status=200 duration=784.423µs
2026/08/21 17:40:23 INFO serve: request method=GET path=/history status=200 duration=1.819653ms
2026/08/21 17:40:23 INFO serve: request method=GET path=/mod/swarm status=200 duration=24.535462ms
2026/08/21 17:40:24 INFO serve: request method=GET path=/mod/live/history status=200 duration=840.923µs
2026/08/21 17:40:24 INFO serve: request method=GET path=/history status=200 duration=1.533808ms
2026/08/21 17:40:24 INFO serve: request method=GET path=/mod/swarm status=200 duration=19.437385ms
2026/08/21 17:40:25 INFO serve: request method=GET path=/mod/live/history status=200 duration=692.885µs
2026/08/21 17:40:25 INFO serve: request method=GET path=/history status=200 duration=1.470577ms
2026/08/21 17:40:25 INFO serve: request method=GET path=/mod/swarm status=200 duration=21.672577ms
2026/08/21 17:40:26 INFO serve: request method=GET path=/mod/live/history status=200 duration=774.269µs
2026/08/21 17:40:26 INFO serve: request method=GET path=/history status=200 duration=1.561539ms
2026/08/21 17:40:26 INFO serve: request method=GET path=/mod/swarm status=200 duration=18.110347ms
2026/08/21 17:40:27 INFO serve: request method=GET path=/mod/live/history status=200 duration=1.0395ms
2026/08/21 17:40:27 INFO serve: request method=GET path=/history status=200 duration=1.251846ms
2026/08/21 17:40:27 INFO serve: request method=GET path=/mod/swarm status=200 duration=20.373269ms
2026/08/21 17:40:28 INFO serve: request method=GET path=/mod/live/history status=200 duration=655.192µs
2026/08/21 17:40:28 INFO serve: request method=GET path=/history status=200 duration=1.723385ms
2026/08/21 17:40:28 INFO serve: request method=GET path=/mod/swarm status=200 duration=20.522385ms
2026/08/21 17:40:29 INFO serve: request method=GET path=/mod/live/history status=200 duration=714.846µs
2026/08/21 17:40:29 INFO serve: request method=GET path=/history status=200 duration=1.152692ms
2026/08/21 17:40:29 INFO serve: request method=GET path=/mod/swarm status=200 duration=15.948962ms
2026/08/21 17:40:30 INFO serve: request method=GET path=/mod/live/history status=200 duration=1.151193ms
2026/08/21 17:40:30 INFO serve: request method=GET path=/history status=200 duration=1.484385ms
2026/08/21 17:40:30 INFO serve: request method=GET path=/mod/swarm status=200 duration=16.924999ms
2026/08/21 17:40:31 INFO serve: request method=GET path=/mod/live/history status=200 duration=853.808µs
2026/08/21 17:40:31 INFO serve: request method=GET path=/history status=200 duration=1.284961ms
2026/08/21 17:40:31 INFO serve: request method=GET path=/mod/swarm status=200 duration=18.180308ms
2026/08/21 17:40:31 INFO serve: request method=GET path=/mod/live/history status=200 duration=562.846µs
2026/08/21 17:40:31 INFO serve: request method=GET path=/history status=200 duration=1.061654ms
2026/08/21 17:40:31 INFO serve: request method=GET path=/mod/swarm status=200 duration=15.281923ms
2026/08/21 17:40:32 INFO serve: request method=GET path=/mod/live/history status=200 duration=673.807µs
2026/08/21 17:40:32 INFO serve: request method=GET path=/history status=200 duration=1.493461ms
2026/08/21 17:40:32 INFO serve: request method=GET path=/mod/swarm status=200 duration=16.948269ms
2026/08/21 17:40:33 INFO serve: request method=GET path=/mod/live/history status=200 duration=639µs
2026/08/21 17:40:33 INFO serve: request method=GET path=/history status=200 duration=1.608692ms
2026/08/21 17:40:33 INFO serve: request method=GET path=/mod/swarm status=200 duration=17.329769ms
2026/08/21 17:40:34 INFO serve: request method=GET path=/mod/live/history status=200 duration=775.384µs
2026/08/21 17:40:34 INFO serve: request method=GET path=/history status=200 duration=2.868ms
2026/08/21 17:40:34 INFO serve: request method=GET path=/mod/swarm status=200 duration=26.256808ms
2026/08/21 17:40:35 INFO serve: request method=GET path=/mod/live/history status=200 duration=1.026231ms
2026/08/21 17:40:35 INFO serve: request method=GET path=/history status=200 duration=1.360461ms
2026/08/21 17:40:35 INFO serve: request method=GET path=/mod/swarm status=200 duration=22.902769ms
2026/08/21 17:40:36 INFO serve: request method=GET path=/mod/live/history status=200 duration=695.577µs
2026/08/21 17:40:36 INFO serve: request method=GET path=/history status=200 duration=1.121192ms
2026/08/21 17:40:36 INFO serve: request method=GET path=/mod/swarm status=200 duration=16.115923ms
2026/08/21 17:40:37 INFO serve: request method=GET path=/mod/live/history status=200 duration=803.808µs
2026/08/21 17:40:37 INFO serve: request method=GET path=/history status=200 duration=1.412692ms
2026/08/21 17:40:37 INFO serve: request method=GET path=/mod/swarm status=200 duration=17.666692ms
2026/08/21 17:40:38 INFO serve: request method=GET path=/mod/live/history status=200 duration=1.185077ms
2026/08/21 17:40:38 INFO serve: request method=GET path=/history status=200 duration=1.927269ms
2026/08/21 17:40:38 INFO serve: request method=GET path=/mod/swarm status=200 duration=17.763884ms
2026/08/21 17:40:39 INFO serve: request method=GET path=/mod/live/history status=200 duration=884.307µs
2026/08/21 17:40:39 INFO serve: request method=GET path=/history status=200 duration=1.151192ms
2026/08/21 17:40:39 INFO serve: request method=GET path=/mod/swarm status=200 duration=22.530923ms
2026/08/21 17:40:40 INFO serve: request method=GET path=/mod/live/history status=200 duration=936.231µs
2026/08/21 17:40:40 INFO serve: request method=GET path=/history status=200 duration=1.103077ms
2026/08/21 17:40:40 INFO serve: request method=GET path=/mod/swarm status=200 duration=17.339307ms
2026/08/21 17:40:40 INFO serve: request method=GET path=/mod/live/history status=200 duration=664.462µs
2026/08/21 17:40:40 INFO serve: request method=GET path=/history status=200 duration=1.351308ms
2026/08/21 17:40:40 INFO serve: request method=GET path=/mod/swarm status=200 duration=22.996154ms
2026/08/21 17:40:41 INFO serve: request method=GET path=/mod/live/history status=200 duration=1.040885ms
2026/08/21 17:40:41 INFO serve: request method=GET path=/history status=200 duration=1.098193ms
2026/08/21 17:40:41 INFO serve: request method=GET path=/mod/swarm status=200 duration=19.434269ms
2026/08/21 17:40:42 INFO serve: request method=GET path=/mod/live/history status=200 duration=1.096923ms
2026/08/21 17:40:42 INFO serve: request method=GET path=/history status=200 duration=1.514846ms
2026/08/21 17:40:42 INFO serve: request method=GET path=/mod/swarm status=200 duration=20.780693ms
2026/08/21 17:40:43 INFO serve: request method=GET path=/mod/live/history status=200 duration=1.204231ms
2026/08/21 17:40:43 INFO serve: request method=GET path=/history status=200 duration=1.444346ms
2026/08/21 17:40:43 INFO serve: request method=GET path=/mod/swarm status=200 duration=14.140154ms
2026/08/21 17:40:44 INFO serve: request method=GET path=/mod/live/history status=200 duration=1.201923ms
2026/08/21 17:40:44 INFO serve: request method=GET path=/history status=200 duration=1.376384ms
2026/08/21 17:40:44 INFO serve: request method=GET path=/mod/swarm status=200 duration=22.393077ms
2026/08/21 17:40:45 INFO serve: request method=GET path=/mod/live/history status=200 duration=748.039µs
2026/08/21 17:40:45 INFO serve: request method=GET path=/history status=200 duration=1.211808ms
2026/08/21 17:40:45 INFO serve: request method=GET path=/mod/swarm status=200 duration=18.836154ms
2026/08/21 17:40:46 INFO serve: request method=GET path=/mod/live/history status=200 duration=956.077µs
2026/08/21 17:40:46 INFO serve: request method=GET path=/history status=200 duration=1.280385ms
2026/08/21 17:40:46 INFO serve: request method=GET path=/mod/swarm status=200 duration=21.360346ms
2026/08/21 17:40:47 INFO serve: request method=GET path=/mod/live/history status=200 duration=673.924µs
2026/08/21 17:40:47 INFO serve: request method=GET path=/history status=200 duration=2.521038ms
2026/08/21 17:40:47 INFO serve: request method=GET path=/mod/swarm status=200 duration=20.699769ms
2026/08/21 17:40:48 INFO serve: request method=GET path=/mod/live/history status=200 duration=1.077923ms
2026/08/21 17:40:48 INFO serve: request method=GET path=/history status=200 duration=1.261731ms
2026/08/21 17:40:48 INFO serve: request method=GET path=/mod/swarm status=200 duration=16.484192ms
2026/08/21 17:40:49 INFO serve: request method=GET path=/mod/live/history status=200 duration=773.885µs
2026/08/21 17:40:49 INFO serve: request method=GET path=/history status=200 duration=1.420193ms
2026/08/21 17:40:49 INFO serve: request method=GET path=/mod/swarm status=200 duration=17.807808ms
2026/08/21 17:40:49 INFO serve: request method=GET path=/mod/live/history status=200 duration=606.654µs
2026/08/21 17:40:49 INFO serve: request method=GET path=/history status=200 duration=934.769µs
2026/08/21 17:40:49 INFO serve: request method=GET path=/mod/swarm status=200 duration=13.410346ms
2026/08/21 17:40:50 INFO serve: request method=GET path=/mod/live/history status=200 duration=870.346µs
2026/08/21 17:40:50 INFO serve: request method=GET path=/history status=200 duration=1.098731ms
2026/08/21 17:40:50 INFO serve: request method=GET path=/mod/swarm status=200 duration=18.989077ms
2026/08/21 17:40:51 INFO serve: request method=GET path=/mod/live/history status=200 duration=580.5µs
2026/08/21 17:40:51 INFO serve: request method=GET path=/history status=200 duration=1.094154ms
2026/08/21 17:40:51 INFO serve: request method=GET path=/mod/swarm status=200 duration=14.041961ms
2026/08/21 17:40:52 INFO serve: request method=GET path=/mod/live/history status=200 duration=540.462µs
2026/08/21 17:40:52 INFO serve: request method=GET path=/history status=200 duration=1.078116ms
2026/08/21 17:40:52 INFO serve: request method=GET path=/mod/swarm status=200 duration=16.156962ms
2026/08/21 17:40:53 INFO serve: request method=GET path=/mod/live/history status=200 duration=697.769µs
2026/08/21 17:40:53 INFO serve: request method=GET path=/history status=200 duration=1.258461ms
2026/08/21 17:40:53 INFO serve: request method=GET path=/mod/swarm status=200 duration=24.996308ms
2026/08/21 17:40:54 INFO serve: request method=GET path=/mod/live/history status=200 duration=567.539µs
2026/08/21 17:40:54 INFO serve: request method=GET path=/history status=200 duration=1.123885ms
2026/08/21 17:40:54 INFO serve: request method=GET path=/mod/swarm status=200 duration=16.9675ms
2026/08/21 17:40:55 INFO serve: request method=GET path=/mod/live/history status=200 duration=648.884µs
2026/08/21 17:40:55 INFO serve: request method=GET path=/history status=200 duration=1.503423ms
2026/08/21 17:40:55 INFO serve: request method=GET path=/mod/swarm status=200 duration=18.509846ms
2026/08/21 17:40:56 INFO serve: request method=GET path=/mod/live/history status=200 duration=869.346µs
2026/08/21 17:40:56 INFO serve: request method=GET path=/history status=200 duration=1.5855ms
2026/08/21 17:40:56 INFO serve: request method=GET path=/mod/swarm status=200 duration=19.39173ms
2026/08/21 17:40:57 INFO serve: request method=GET path=/mod/live/history status=200 duration=795.5µs
2026/08/21 17:40:57 INFO serve: request method=GET path=/history status=200 duration=1.516808ms
2026/08/21 17:40:57 INFO serve: request method=GET path=/mod/swarm status=200 duration=24.949115ms
2026/08/21 17:40:58 INFO serve: request method=GET path=/mod/live/history status=200 duration=1.180346ms
2026/08/21 17:40:58 INFO serve: request method=GET path=/history status=200 duration=1.114923ms
2026/08/21 17:40:58 INFO serve: request method=GET path=/mod/swarm status=200 duration=19.269576ms
2026/08/21 17:40:58 INFO serve: request method=GET path=/mod/live/history status=200 duration=1.114ms
2026/08/21 17:40:58 INFO serve: request method=GET path=/history status=200 duration=1.380731ms
2026/08/21 17:40:58 INFO serve: request method=GET path=/mod/swarm status=200 duration=15.752769ms
2026/08/21 17:40:59 INFO serve: request method=GET path=/mod/live/history status=200 duration=1.139384ms
2026/08/21 17:40:59 INFO serve: request method=GET path=/history status=200 duration=1.749039ms
2026/08/21 17:40:59 INFO serve: request method=GET path=/mod/swarm status=200 duration=20.680076ms
2026/08/21 17:41:00 INFO serve: request method=GET path=/mod/live/history status=200 duration=814.577µs
2026/08/21 17:41:00 INFO serve: request method=GET path=/history status=200 duration=1.179808ms
2026/08/21 17:41:00 INFO serve: request method=GET path=/mod/swarm status=200 duration=16.388038ms
2026/08/21 17:41:01 INFO serve: request method=GET path=/mod/live/history status=200 duration=3.480923ms
2026/08/21 17:41:01 INFO serve: request method=GET path=/history status=200 duration=3.570654ms
2026/08/21 17:41:01 INFO serve: request method=GET path=/mod/swarm status=200 duration=29.825654ms
2026/08/21 17:41:02 INFO serve: request method=GET path=/mod/live/history status=200 duration=874.231µs
2026/08/21 17:41:02 INFO serve: request method=GET path=/history status=200 duration=1.396077ms
2026/08/21 17:41:02 INFO serve: request method=GET path=/mod/swarm status=200 duration=18.789193ms
2026/08/21 17:41:03 INFO serve: request method=GET path=/mod/live/history status=200 duration=671.462µs
2026/08/21 17:41:03 INFO serve: request method=GET path=/history status=200 duration=1.255731ms
2026/08/21 17:41:03 INFO serve: request method=GET path=/mod/swarm status=200 duration=30.038769ms
2026/08/21 17:41:04 INFO serve: request method=GET path=/mod/live/history status=200 duration=591.038µs
2026/08/21 17:41:04 INFO serve: request method=GET path=/history status=200 duration=1.17ms
2026/08/21 17:41:04 INFO serve: request method=GET path=/mod/swarm status=200 duration=15.726539ms
2026/08/21 17:45:03 INFO serve: request method=GET path=/mod/live/history status=200 duration=1.48323ms
2026/08/21 17:45:03 INFO serve: request method=GET path=/history status=200 duration=1.682308ms
2026/08/21 17:45:04 INFO serve: request method=GET path=/mod/live/history status=200 duration=619.461µs
2026/08/21 17:45:04 INFO serve: request method=GET path=/history status=200 duration=991.692µs
2026/08/21 17:45:04 INFO serve: request method=GET path=/mod/swarm status=200 duration=12.817615ms
2026/08/21 17:45:05 INFO serve: request method=GET path=/mod/live/history status=200 duration=1.021539ms
2026/08/21 17:45:05 INFO serve: request method=GET path=/history status=200 duration=1.174308ms
2026/08/21 17:45:05 INFO serve: request method=GET path=/mod/swarm status=200 duration=15.728154ms
2026/08/21 17:45:06 INFO serve: request method=GET path=/mod/status status=200 duration=7.898231ms
2026/08/21 17:45:06 INFO serve: request method=GET path=/mod/app/contract status=200 duration=1.427923ms
2026/08/21 17:45:06 INFO serve: request method=GET path=/mod/live/history status=200 duration=582.192µs
2026/08/21 17:45:06 INFO serve: request method=GET path=/mod/live/history status=200 duration=613.462µs
2026/08/21 17:45:06 INFO serve: request method=GET path=/history status=200 duration=2.183192ms
2026/08/21 17:45:06 INFO serve: request method=GET path=/mod/swarm status=200 duration=12.632462ms
2026/08/21 17:45:07 INFO serve: request method=GET path=/mod/live/history status=200 duration=848.923µs
2026/08/21 17:45:07 INFO serve: request method=GET path=/history status=200 duration=1.987884ms
2026/08/21 17:45:07 INFO serve: request method=GET path=/mod/swarm status=200 duration=16.089847ms
2026/08/21 17:45:08 INFO serve: request method=GET path=/mod/live/history status=200 duration=996.5µs
2026/08/21 17:45:08 INFO serve: request method=GET path=/history status=200 duration=1.60123ms
2026/08/21 17:45:08 INFO serve: request method=GET path=/mod/swarm status=200 duration=18.1115ms
2026/08/21 17:45:09 INFO serve: request method=GET path=/mod/live/history status=200 duration=950.116µs
2026/08/21 17:45:09 INFO serve: request method=GET path=/history status=200 duration=1.198923ms
2026/08/21 17:45:09 INFO serve: request method=GET path=/mod/swarm status=200 duration=20.085577ms
2026/08/21 17:45:10 INFO serve: request method=GET path=/mod/live/history status=200 duration=663µs
2026/08/21 17:45:10 INFO serve: request method=GET path=/history status=200 duration=1.722423ms
2026/08/21 17:45:10 INFO serve: request method=GET path=/mod/swarm status=200 duration=22.826193ms
2026/08/21 17:45:11 INFO serve: request method=GET path=/mod/live/history status=200 duration=756.038µs
2026/08/21 17:45:11 INFO serve: request method=GET path=/history status=200 duration=1.6275ms
2026/08/21 17:45:11 INFO serve: request method=GET path=/mod/swarm status=200 duration=17.882346ms
2026/08/21 17:45:12 INFO serve: request method=GET path=/mod/live/history status=200 duration=768.077µs
2026/08/21 17:45:12 INFO serve: request method=GET path=/history status=200 duration=1.463577ms
2026/08/21 17:45:12 INFO serve: request method=GET path=/mod/swarm status=200 duration=17.758615ms
2026/08/21 17:45:12 INFO serve: request method=GET path=/mod/live/history status=200 duration=1.302154ms
2026/08/21 17:45:12 INFO serve: request method=GET path=/history status=200 duration=1.268346ms
2026/08/21 17:45:12 INFO serve: request method=GET path=/mod/swarm status=200 duration=16.329346ms
2026/08/21 17:45:13 INFO serve: request method=GET path=/mod/live/history status=200 duration=899µs
2026/08/21 17:45:13 INFO serve: request method=GET path=/history status=200 duration=1.439654ms
2026/08/21 17:45:13 INFO serve: request method=GET path=/mod/swarm status=200 duration=18.516ms
2026/08/21 17:45:14 INFO serve: request method=GET path=/mod/live/history status=200 duration=587.154µs
2026/08/21 17:45:14 INFO serve: request method=GET path=/history status=200 duration=1.016616ms
2026/08/21 17:45:14 INFO serve: request method=GET path=/mod/swarm status=200 duration=11.695923ms
2026/08/21 17:45:15 INFO serve: request method=GET path=/mod/live/history status=200 duration=1.050192ms
2026/08/21 17:45:15 INFO serve: request method=GET path=/history status=200 duration=1.4745ms
2026/08/21 17:45:15 INFO serve: request method=GET path=/mod/swarm status=200 duration=18.683615ms
2026/08/21 17:45:16 INFO serve: request method=GET path=/mod/live/history status=200 duration=674.616µs
2026/08/21 17:45:16 INFO serve: request method=GET path=/history status=200 duration=1.703385ms
2026/08/21 17:45:16 INFO serve: request method=GET path=/mod/swarm status=200 duration=18.743808ms
2026/08/21 17:45:17 INFO serve: request method=GET path=/mod/live/history status=200 duration=897.308µs
2026/08/21 17:45:17 INFO serve: request method=GET path=/history status=200 duration=1.465769ms
2026/08/21 17:45:17 INFO serve: request method=GET path=/mod/swarm status=200 duration=20.794153ms
2026/08/21 17:45:18 INFO serve: request method=GET path=/mod/live/history status=200 duration=984.462µs
2026/08/21 17:45:18 INFO serve: request method=GET path=/history status=200 duration=1.924884ms
2026/08/21 17:45:18 INFO serve: request method=GET path=/mod/swarm status=200 duration=16.591693ms
2026/08/21 17:45:19 INFO serve: request method=GET path=/mod/live/history status=200 duration=824.385µs
2026/08/21 17:45:19 INFO serve: request method=GET path=/history status=200 duration=1.463923ms
2026/08/21 17:45:19 INFO serve: request method=GET path=/mod/swarm status=200 duration=25.027192ms
2026/08/21 17:45:20 INFO serve: request method=GET path=/mod/live/history status=200 duration=679.962µs
2026/08/21 17:45:20 INFO serve: request method=GET path=/history status=200 duration=1.434961ms
2026/08/21 17:45:20 INFO serve: request method=GET path=/mod/swarm status=200 duration=16.862462ms
2026/08/21 17:45:21 INFO serve: request method=GET path=/mod/live/history status=200 duration=770.346µs
2026/08/21 17:45:21 INFO serve: request method=GET path=/history status=200 duration=2.095538ms
2026/08/21 17:45:21 INFO serve: request method=GET path=/mod/swarm status=200 duration=25.447077ms
2026/08/21 17:45:21 INFO serve: request method=GET path=/mod/live/history status=200 duration=1.322846ms
2026/08/21 17:45:21 INFO serve: request method=GET path=/history status=200 duration=1.524192ms
2026/08/21 17:45:21 INFO serve: request method=GET path=/mod/swarm status=200 duration=22.483423ms
2026/08/21 17:45:22 INFO serve: request method=GET path=/mod/live/history status=200 duration=830.923µs
2026/08/21 17:45:22 INFO serve: request method=GET path=/history status=200 duration=1.346346ms
2026/08/21 17:45:22 INFO serve: request method=GET path=/mod/swarm status=200 duration=13.201962ms
2026/08/21 17:45:23 INFO serve: request method=GET path=/mod/live/history status=200 duration=722.808µs
2026/08/21 17:45:23 INFO serve: request method=GET path=/history status=200 duration=1.070654ms
2026/08/21 17:45:23 INFO serve: request method=GET path=/mod/swarm status=200 duration=24.303ms
2026/08/21 17:45:24 INFO serve: request method=GET path=/mod/live/history status=200 duration=658.807µs
2026/08/21 17:45:24 INFO serve: request method=GET path=/history status=200 duration=1.166808ms
2026/08/21 17:45:24 INFO serve: request method=GET path=/mod/swarm status=200 duration=33.111769ms
2026/08/21 17:45:25 INFO serve: request method=GET path=/mod/live/history status=200 duration=581.885µs
2026/08/21 17:45:25 INFO serve: request method=GET path=/history status=200 duration=1.046885ms
2026/08/21 17:45:25 INFO serve: request method=GET path=/mod/swarm status=200 duration=25.878615ms
2026/08/21 17:45:26 INFO serve: request method=GET path=/mod/live/history status=200 duration=564.077µs
2026/08/21 17:45:26 INFO serve: request method=GET path=/history status=200 duration=1.119884ms
2026/08/21 17:45:26 INFO serve: request method=GET path=/mod/swarm status=200 duration=23.885962ms
2026/08/21 17:45:27 INFO serve: request method=GET path=/mod/live/history status=200 duration=1.339308ms
2026/08/21 17:45:27 INFO serve: request method=GET path=/history status=200 duration=2.843231ms
2026/08/21 17:45:27 INFO serve: request method=GET path=/mod/swarm status=200 duration=28.65223ms
2026/08/21 17:45:28 INFO serve: request method=GET path=/mod/live/history status=200 duration=1.571539ms
2026/08/21 17:45:28 INFO serve: request method=GET path=/history status=200 duration=1.163385ms
2026/08/21 17:45:28 INFO serve: request method=GET path=/mod/swarm status=200 duration=24.707654ms
2026/08/21 17:45:28 INFO serve: request method=GET path=/mod/swarm status=200 duration=12.115346ms
2026/08/21 17:45:28 INFO serve: request method=GET path=/mod/swarm/history status=200 duration=40.526115ms
2026/08/21 17:45:29 INFO serve: request method=GET path=/mod/live/history status=200 duration=620.077µs
2026/08/21 17:45:29 INFO serve: request method=GET path=/history status=200 duration=1.020115ms
2026/08/21 17:45:29 INFO serve: request method=GET path=/mod/swarm status=200 duration=21.16223ms
2026/08/21 17:45:30 INFO serve: request method=GET path=/mod/live/history status=200 duration=753.077µs
2026/08/21 17:45:30 INFO serve: request method=GET path=/history status=200 duration=1.668193ms
2026/08/21 17:45:30 INFO serve: request method=GET path=/mod/swarm status=200 duration=26.660616ms
2026/08/21 17:45:30 INFO serve: request method=GET path=/mod/live/history status=200 duration=569.654µs
2026/08/21 17:45:30 INFO serve: request method=GET path=/history status=200 duration=1.182577ms
2026/08/21 17:45:30 INFO serve: request method=GET path=/mod/swarm status=200 duration=13.995192ms
2026/08/21 17:45:31 INFO serve: request method=GET path=/mod/live/history status=200 duration=782.346µs
2026/08/21 17:45:31 INFO serve: request method=GET path=/mod/swarm status=200 duration=27.533577ms
2026/08/21 17:45:31 INFO serve: request method=GET path=/history status=200 duration=733.423µs
2026/08/21 17:45:32 INFO serve: request method=GET path=/mod/live/history status=200 duration=586.961µs
2026/08/21 17:45:32 INFO serve: request method=GET path=/history status=200 duration=1.106192ms
2026/08/21 17:45:32 INFO serve: request method=GET path=/mod/swarm status=200 duration=17.883154ms
2026/08/21 17:45:33 INFO serve: request method=GET path=/mod/swarm status=200 duration=13.379616ms
2026/08/21 17:45:33 INFO serve: request method=GET path=/mod/swarm/history status=200 duration=29.020577ms
2026/08/21 17:45:33 INFO serve: request method=GET path=/mod/live/history status=200 duration=598.884µs
2026/08/21 17:45:33 INFO serve: request method=GET path=/history status=200 duration=1.095693ms
2026/08/21 17:45:33 INFO serve: request method=GET path=/mod/swarm status=200 duration=22.362423ms
2026/08/21 17:45:34 INFO serve: request method=GET path=/mod/live/history status=200 duration=544.231µs
2026/08/21 17:45:34 INFO serve: request method=GET path=/mod/swarm status=200 duration=20.503461ms
2026/08/21 17:45:34 INFO serve: request method=GET path=/history status=200 duration=1.0955ms
2026/08/21 17:45:35 INFO serve: request method=GET path=/mod/live/history status=200 duration=611.461µs
2026/08/21 17:45:35 INFO serve: request method=GET path=/history status=200 duration=1.336269ms
2026/08/21 17:45:35 INFO serve: request method=GET path=/mod/swarm status=200 duration=31.782615ms
2026/08/21 17:45:36 INFO serve: request method=GET path=/mod/live/history status=200 duration=567.423µs
2026/08/21 17:45:36 INFO serve: request method=GET path=/history status=200 duration=1.2855ms
2026/08/21 17:45:36 INFO serve: request method=GET path=/mod/swarm status=200 duration=16.421923ms
2026/08/21 17:45:37 INFO serve: request method=GET path=/mod/live/history status=200 duration=602.731µs
2026/08/21 17:45:37 INFO serve: request method=GET path=/history status=200 duration=1.218153ms
2026/08/21 17:45:37 INFO serve: request method=GET path=/mod/swarm status=200 duration=58.195884ms
2026/08/21 17:45:38 INFO serve: request method=GET path=/mod/live/history status=200 duration=723.384µs
2026/08/21 17:45:38 INFO serve: request method=GET path=/history status=200 duration=1.696693ms
2026/08/21 17:45:38 INFO serve: request method=GET path=/mod/swarm status=200 duration=25.764115ms
2026/08/21 17:45:39 INFO serve: request method=GET path=/mod/live/history status=200 duration=555.654µs
2026/08/21 17:45:39 INFO serve: request method=GET path=/history status=200 duration=1.270924ms
2026/08/21 17:45:39 INFO serve: request method=GET path=/mod/swarm status=200 duration=20.719192ms
2026/08/21 17:45:39 INFO serve: request method=GET path=/mod/live/history status=200 duration=581.808µs
2026/08/21 17:45:39 INFO serve: request method=GET path=/history status=200 duration=1.134ms
2026/08/21 17:45:39 INFO serve: request method=GET path=/mod/swarm status=200 duration=19.573923ms
2026/08/21 17:45:40 INFO serve: request method=GET path=/mod/live/history status=200 duration=554.423µs
2026/08/21 17:45:40 INFO serve: request method=GET path=/history status=200 duration=1.159308ms
2026/08/21 17:45:40 INFO serve: request method=GET path=/mod/swarm status=200 duration=19.647846ms
2026/08/21 17:45:41 INFO serve: request method=GET path=/mod/live/history status=200 duration=563.115µs
2026/08/21 17:45:41 INFO serve: request method=GET path=/history status=200 duration=1.038962ms
2026/08/21 17:45:41 INFO serve: request method=GET path=/mod/swarm status=200 duration=23.477384ms
2026/08/21 17:45:42 INFO serve: request method=GET path=/mod/live/history status=200 duration=361.884µs
2026/08/21 17:45:42 INFO serve: request method=GET path=/history status=200 duration=1.368077ms
2026/08/21 17:45:42 INFO serve: request method=GET path=/mod/swarm status=200 duration=60.944192ms
2026/08/21 17:45:43 INFO serve: request method=GET path=/mod/live/history status=200 duration=569.346µs
2026/08/21 17:45:43 INFO serve: request method=GET path=/history status=200 duration=1.077385ms
2026/08/21 17:45:43 INFO serve: request method=GET path=/mod/swarm status=200 duration=17.221885ms
2026/08/21 17:45:44 INFO serve: request method=GET path=/mod/live/history status=200 duration=792.693µs
2026/08/21 17:45:44 INFO serve: request method=GET path=/history status=200 duration=4.224808ms
2026/08/21 17:45:44 INFO serve: request method=GET path=/mod/swarm status=200 duration=36.503962ms
2026/08/21 17:45:45 INFO serve: request method=GET path=/mod/live/history status=200 duration=1.156923ms
2026/08/21 17:45:45 INFO serve: request method=GET path=/history status=200 duration=1.252193ms
2026/08/21 17:45:45 INFO serve: request method=GET path=/mod/swarm status=200 duration=17.2975ms
2026/08/21 17:45:46 INFO serve: request method=GET path=/mod/live/history status=200 duration=626.77µs
2026/08/21 17:45:46 INFO serve: request method=GET path=/history status=200 duration=1.645616ms
2026/08/21 17:45:46 INFO serve: request method=GET path=/mod/swarm status=200 duration=18.032039ms
2026/08/21 17:45:47 INFO serve: request method=GET path=/mod/live/history status=200 duration=665.846µs
2026/08/21 17:45:47 INFO serve: request method=GET path=/history status=200 duration=1.164115ms
2026/08/21 17:45:47 INFO serve: request method=GET path=/mod/swarm status=200 duration=19.810039ms
2026/08/21 17:45:48 INFO serve: request method=GET path=/mod/live/history status=200 duration=555µs
2026/08/21 17:45:48 INFO serve: request method=GET path=/history status=200 duration=1.011615ms
2026/08/21 17:45:48 INFO serve: request method=GET path=/mod/swarm status=200 duration=15.330654ms
2026/08/21 17:45:48 INFO serve: request method=GET path=/mod/live/history status=200 duration=516.654µs
2026/08/21 17:45:48 INFO serve: request method=GET path=/history status=200 duration=1.168077ms
2026/08/21 17:45:48 INFO serve: request method=GET path=/mod/swarm status=200 duration=13.713038ms
2026/08/21 17:45:49 INFO serve: request method=GET path=/mod/live/history status=200 duration=588.346µs
2026/08/21 17:45:49 INFO serve: request method=GET path=/history status=200 duration=1.195038ms
2026/08/21 17:45:49 INFO serve: request method=GET path=/mod/swarm status=200 duration=27.200962ms
2026/08/21 17:49:42 INFO serve: request method=GET path=/mod/live/history status=200 duration=667.5µs
2026/08/21 17:49:42 INFO serve: request method=GET path=/history status=200 duration=1.149808ms
2026/08/21 17:49:43 INFO serve: request method=GET path=/mod/live/history status=200 duration=927.077µs
2026/08/21 17:49:43 INFO serve: request method=GET path=/history status=200 duration=1.687884ms
2026/08/21 17:49:43 INFO serve: request method=GET path=/mod/swarm status=200 duration=21.236423ms
2026/08/21 17:49:44 INFO serve: request method=GET path=/mod/live/history status=200 duration=683.461µs
2026/08/21 17:49:44 INFO serve: request method=GET path=/history status=200 duration=1.58ms
2026/08/21 17:49:44 INFO serve: request method=GET path=/mod/swarm status=200 duration=24.551538ms
2026/08/21 17:49:45 INFO serve: request method=GET path=/mod/live/history status=200 duration=769.077µs
2026/08/21 17:49:45 INFO serve: request method=GET path=/history status=200 duration=1.221731ms
2026/08/21 17:49:45 INFO serve: request method=GET path=/mod/swarm status=200 duration=14.534307ms
2026/08/21 17:49:46 INFO serve: request method=GET path=/mod/live/history status=200 duration=557.423µs
2026/08/21 17:49:46 INFO serve: request method=GET path=/history status=200 duration=1.509231ms
2026/08/21 17:49:46 INFO serve: request method=GET path=/mod/swarm status=200 duration=47.448077ms
2026/08/21 17:51:00 INFO serve: request method=GET path=/mod/live/history status=200 duration=552.808µs
2026/08/21 17:51:00 INFO serve: request method=GET path=/history status=200 duration=2.136346ms
2026/08/21 17:51:01 INFO serve: request method=GET path=/mod/live/history status=200 duration=1.361039ms
2026/08/21 17:51:01 INFO serve: request method=GET path=/history status=200 duration=1.957769ms
2026/08/21 17:51:01 INFO serve: request method=GET path=/mod/swarm status=200 duration=17.472307ms
2026/08/21 17:51:02 INFO serve: request method=GET path=/mod/live/history status=200 duration=607.193µs
2026/08/21 17:51:02 INFO serve: request method=GET path=/history status=200 duration=1.132154ms
2026/08/21 17:51:02 INFO serve: request method=GET path=/mod/swarm status=200 duration=17.985962ms
2026/08/21 17:51:03 INFO serve: request method=GET path=/mod/live/history status=200 duration=623.039µs
2026/08/21 17:51:03 INFO serve: request method=GET path=/history status=200 duration=1.139077ms
2026/08/21 17:51:03 INFO serve: request method=GET path=/mod/swarm status=200 duration=22.123077ms
2026/08/21 17:59:02 INFO serve: request method=GET path=/mod/live/history status=200 duration=12.506385ms
2026/08/21 17:59:02 INFO serve: request method=GET path=/history status=200 duration=3.818423ms
2026/08/21 17:59:03 INFO serve: request method=GET path=/mod/live/history status=200 duration=718.615µs
2026/08/21 17:59:03 INFO serve: request method=GET path=/history status=200 duration=1.163461ms
2026/08/21 17:59:03 INFO serve: request method=GET path=/mod/swarm status=200 duration=50.128616ms
2026/08/21 17:59:03 INFO serve: request method=GET path=/mod/live/history status=200 duration=578.923µs
2026/08/21 17:59:03 INFO serve: request method=GET path=/history status=200 duration=1.229654ms
2026/08/21 17:59:03 INFO serve: request method=GET path=/mod/swarm status=200 duration=12.205385ms
2026/08/21 17:59:04 INFO serve: request method=GET path=/mod/live/history status=200 duration=666.539µs
2026/08/21 17:59:04 INFO serve: request method=GET path=/history status=200 duration=1.53423ms
2026/08/21 17:59:04 INFO serve: request method=GET path=/mod/swarm status=200 duration=18.281269ms
2026/08/21 17:59:05 INFO serve: request method=GET path=/mod/live/history status=200 duration=702.577µs
2026/08/21 17:59:05 INFO serve: request method=GET path=/history status=200 duration=1.122077ms
2026/08/21 17:59:05 INFO serve: request method=GET path=/mod/swarm status=200 duration=18.520846ms
2026/08/21 17:59:05 INFO serve: request method=GET path=/mod/status status=200 duration=121.557423ms
2026/08/21 17:59:05 INFO serve: request method=GET path=/mod/app/contract status=200 duration=13.413616ms
2026/08/21 17:59:05 INFO serve: request method=GET path=/mod/live/history status=200 duration=1.461539ms
2026/08/21 17:59:06 INFO serve: request method=GET path=/mod/live/history status=200 duration=530.076µs
2026/08/21 17:59:06 INFO serve: request method=GET path=/history status=200 duration=1.473615ms
2026/08/21 17:59:06 INFO serve: request method=GET path=/mod/swarm status=200 duration=21.260808ms
2026/08/21 17:59:07 INFO serve: request method=GET path=/mod/live/history status=200 duration=608.654µs
2026/08/21 17:59:07 INFO serve: request method=GET path=/history status=200 duration=1.057154ms
2026/08/21 17:59:07 INFO serve: request method=GET path=/mod/swarm status=200 duration=20.410346ms
2026/08/21 17:59:07 INFO serve: request method=GET path=/mod/status status=200 duration=6.352077ms
2026/08/21 17:59:08 INFO serve: request method=GET path=/mod/app/contract status=200 duration=2.018077ms
2026/08/21 17:59:08 INFO serve: request method=GET path=/mod/live/history status=200 duration=792.693µs
2026/08/21 17:59:08 INFO serve: request method=GET path=/mod/live/history status=200 duration=632.577µs
2026/08/21 17:59:08 INFO serve: request method=GET path=/history status=200 duration=1.301923ms
2026/08/21 17:59:08 INFO serve: request method=GET path=/mod/swarm status=200 duration=19.195808ms
2026/08/21 17:59:09 INFO serve: request method=GET path=/mod/live/history status=200 duration=593.808µs
2026/08/21 17:59:09 INFO serve: request method=GET path=/history status=200 duration=1.152962ms
2026/08/21 17:59:09 INFO serve: request method=GET path=/mod/swarm status=200 duration=15.956846ms
2026/08/21 17:59:09 INFO serve: request method=GET path=/mod/status status=200 duration=7.199308ms
2026/08/21 17:59:09 INFO serve: request method=GET path=/mod/app/contract status=200 duration=1.859346ms
2026/08/21 17:59:09 INFO serve: request method=GET path=/mod/live/history status=200 duration=702.462µs
2026/08/21 17:59:10 INFO serve: request method=GET path=/mod/live/history status=200 duration=596.577µs
2026/08/21 17:59:10 INFO serve: request method=GET path=/history status=200 duration=1.494461ms
2026/08/21 17:59:10 INFO serve: request method=GET path=/mod/swarm status=200 duration=15.739385ms
2026/08/21 17:59:11 INFO serve: request method=GET path=/mod/live/history status=200 duration=703.115µs
2026/08/21 17:59:11 INFO serve: request method=GET path=/history status=200 duration=1.764192ms
2026/08/21 17:59:11 INFO serve: request method=GET path=/mod/swarm status=200 duration=18.034038ms
2026/08/21 17:59:11 INFO serve: request method=GET path=/mod/live/history status=200 duration=1.279ms
2026/08/21 17:59:11 INFO serve: request method=GET path=/history status=200 duration=1.895038ms
2026/08/21 17:59:11 INFO serve: request method=GET path=/mod/swarm status=200 duration=21.819346ms
2026/08/21 17:59:12 INFO serve: request method=GET path=/mod/status status=200 duration=8.531423ms
2026/08/21 17:59:12 INFO serve: request method=GET path=/mod/app/contract status=200 duration=5.204692ms
2026/08/21 17:59:12 INFO serve: request method=GET path=/mod/live/history status=200 duration=579.692µs
2026/08/21 17:59:12 INFO serve: request method=GET path=/mod/live/history status=200 duration=863.923µs
2026/08/21 17:59:12 INFO serve: request method=GET path=/history status=200 duration=1.234885ms
2026/08/21 17:59:12 INFO serve: request method=GET path=/mod/swarm status=200 duration=16.535923ms
2026/08/21 17:59:13 INFO serve: request method=GET path=/mod/live/history status=200 duration=934.962µs
2026/08/21 17:59:13 INFO serve: request method=GET path=/history status=200 duration=2.051654ms
2026/08/21 17:59:13 INFO serve: request method=GET path=/mod/swarm status=200 duration=22.096731ms
2026/08/21 17:59:14 INFO serve: request method=GET path=/mod/live/history status=200 duration=953.231µs
2026/08/21 17:59:14 INFO serve: request method=GET path=/history status=200 duration=1.335269ms
2026/08/21 17:59:14 INFO serve: request method=GET path=/mod/swarm status=200 duration=17.896077ms
2026/08/21 17:59:17 INFO serve: shutting down gracefully
reasonix serve — deepseek-v4-pro on http://127.0.0.1:33811
  auth: token
  share: http://127.0.0.1:33811/ (token in /root/.reasonix-mobile-v1/serve.token)
2026/08/21 17:59:22 INFO serve: request method=POST path=/auth/token status=204 duration=232.384µs
2026/08/21 17:59:22 INFO serve: request method=GET path=/mod/status status=200 duration=7.688616ms
2026/08/21 17:59:23 INFO serve: request method=GET path=/mod/live/history status=200 duration=292.885µs
2026/08/21 17:59:23 INFO serve: request method=GET path=/mod/status status=200 duration=7.943577ms
2026/08/21 17:59:23 INFO serve: request method=GET path=/mod/swarm status=200 duration=22.0405ms
2026/08/21 17:59:23 INFO serve: request method=GET path=/mod/app/contract status=200 duration=2.032615ms
2026/08/21 17:59:23 INFO serve: request method=GET path=/mod/live/history status=200 duration=329.039µs
2026/08/21 17:59:23 INFO serve: request method=GET path=/mod/swarm status=200 duration=32.1315ms
2026/08/21 17:59:23 INFO serve: request method=GET path=/mod/live/history status=200 duration=220.115µs
2026/08/21 17:59:23 INFO serve: request method=GET path=/mod/swarm status=200 duration=16.653654ms
2026/08/21 17:59:24 INFO serve: request method=GET path=/mod/live/history status=200 duration=359.231µs
2026/08/21 17:59:24 INFO serve: request method=GET path=/mod/swarm status=200 duration=24.161ms
  balance: $2.36
2026/08/21 17:59:25 INFO serve: request method=GET path=/mod/live/history status=200 duration=295.885µs
2026/08/21 17:59:25 INFO serve: request method=GET path=/mod/swarm status=200 duration=16.131808ms
2026/08/21 17:59:26 INFO serve: request method=GET path=/mod/live/history status=200 duration=288.192µs
2026/08/21 17:59:26 INFO serve: request method=GET path=/mod/swarm status=200 duration=21.799384ms
2026/08/21 17:59:28 INFO serve: shutting down gracefully
reasonix serve — deepseek-v4-flash on http://127.0.0.1:43899
  auth: token
  share: http://127.0.0.1:43899/ (token in /root/.reasonix-mobile-v1/serve.token)
2026/08/21 17:59:33 INFO serve: request method=POST path=/auth/token status=204 duration=261.538µs
2026/08/21 17:59:33 INFO serve: request method=GET path=/mod/status status=200 duration=10.416923ms
2026/08/21 17:59:33 INFO serve: request method=GET path=/mod/live/history status=200 duration=261.385µs
2026/08/21 17:59:33 INFO serve: request method=GET path=/mod/swarm status=200 duration=16.024769ms
2026/08/21 17:59:33 INFO serve: request method=GET path=/mod/live/history status=200 duration=424.308µs
2026/08/21 17:59:33 INFO serve: request method=GET path=/mod/swarm status=200 duration=21.80273ms
2026/08/21 17:59:34 INFO serve: request method=GET path=/mod/live/history status=200 duration=231.653µs
2026/08/21 17:59:34 INFO serve: request method=GET path=/mod/swarm status=200 duration=14.471462ms
  balance: $2.36
2026/08/21 17:59:35 INFO serve: request method=GET path=/mod/live/history status=200 duration=156.077µs
2026/08/21 17:59:35 INFO serve: request method=GET path=/mod/swarm status=200 duration=13.675808ms
2026/08/21 17:59:36 INFO serve: request method=GET path=/mod/live/history status=200 duration=252.192µs
2026/08/21 17:59:36 INFO serve: request method=GET path=/mod/swarm status=200 duration=12.41873ms
2026/08/21 17:59:37 INFO serve: request method=GET path=/mod/live/history status=200 duration=198.961µs
2026/08/21 17:59:37 INFO serve: request method=GET path=/mod/swarm status=200 duration=13.5165ms
2026/08/21 17:59:38 INFO serve: request method=GET path=/mod/live/history status=200 duration=190.923µs
2026/08/21 17:59:38 INFO serve: request method=GET path=/mod/swarm status=200 duration=14.886423ms
2026/08/21 17:59:38 INFO serve: request method=GET path=/mod/live/history status=200 duration=445.116µs
2026/08/21 17:59:38 INFO serve: request method=GET path=/mod/swarm status=200 duration=15.201423ms
2026/08/21 17:59:39 INFO serve: request method=GET path=/mod/live/history status=200 duration=225.5µs
2026/08/21 17:59:39 INFO serve: request method=GET path=/mod/swarm status=200 duration=21.562308ms
2026/08/21 17:59:40 INFO serve: request method=GET path=/mod/live/history status=200 duration=165.923µs
2026/08/21 17:59:40 INFO serve: request method=GET path=/mod/swarm status=200 duration=15.28023ms
2026/08/21 17:59:41 INFO serve: request method=GET path=/mod/live/history status=200 duration=173.846µs
2026/08/21 17:59:41 INFO serve: request method=GET path=/mod/swarm status=200 duration=17.268116ms
2026/08/21 17:59:42 INFO serve: request method=GET path=/mod/live/history status=200 duration=253.692µs
2026/08/21 17:59:42 INFO serve: request method=GET path=/mod/swarm status=200 duration=20.086846ms
2026/08/21 17:59:43 INFO serve: request method=GET path=/mod/live/history status=200 duration=391.693µs
2026/08/21 17:59:43 INFO serve: request method=GET path=/mod/swarm status=200 duration=18.601154ms
2026/08/21 17:59:44 INFO serve: request method=GET path=/mod/live/history status=200 duration=188.577µs
2026/08/21 17:59:44 INFO serve: request method=GET path=/mod/swarm status=200 duration=13.241884ms
2026/08/21 17:59:45 INFO serve: request method=GET path=/mod/live/history status=200 duration=343.346µs
2026/08/21 17:59:45 INFO serve: request method=GET path=/mod/swarm status=200 duration=18.302654ms
2026/08/21 17:59:46 INFO serve: request method=GET path=/mod/live/history status=200 duration=335.5µs
2026/08/21 17:59:46 INFO serve: request method=GET path=/mod/swarm status=200 duration=23.591154ms
2026/08/21 17:59:47 INFO serve: request method=GET path=/mod/live/history status=200 duration=368.885µs
2026/08/21 17:59:47 INFO serve: request method=GET path=/mod/swarm status=200 duration=15.226577ms
2026/08/21 17:59:47 INFO serve: request method=GET path=/mod/live/history status=200 duration=219.769µs
2026/08/21 17:59:47 INFO serve: request method=GET path=/mod/swarm status=200 duration=7.311461ms
2026/08/21 17:59:48 INFO serve: request method=GET path=/mod/live/history status=200 duration=227.731µs
2026/08/21 17:59:48 INFO serve: request method=GET path=/mod/swarm status=200 duration=18.962885ms
2026/08/21 17:59:49 INFO serve: request method=GET path=/mod/live/history status=200 duration=179.423µs
2026/08/21 17:59:49 INFO serve: request method=GET path=/mod/swarm status=200 duration=13.408539ms
2026/08/21 17:59:50 INFO serve: request method=GET path=/mod/live/history status=200 duration=395.153µs
2026/08/21 17:59:50 INFO serve: request method=GET path=/mod/swarm status=200 duration=14.596038ms
2026/08/21 17:59:51 INFO serve: request method=GET path=/mod/live/history status=200 duration=185.654µs
2026/08/21 17:59:51 INFO serve: request method=GET path=/mod/swarm status=200 duration=13.4155ms
2026/08/21 17:59:52 INFO serve: request method=GET path=/mod/live/history status=200 duration=303.346µs
2026/08/21 17:59:52 INFO serve: request method=GET path=/mod/swarm status=200 duration=20.71ms
2026/08/21 17:59:53 INFO serve: shutting down gracefully
reasonix serve — deepseek-v4-flash on http://127.0.0.1:37305
  auth: token
  share: http://127.0.0.1:37305/ (token in /root/.reasonix-mobile-v1/serve.token)
2026/08/21 17:59:58 INFO serve: request method=POST path=/auth/token status=204 duration=2.809077ms
2026/08/21 17:59:58 INFO serve: request method=GET path=/mod/status status=200 duration=6.820539ms
2026/08/21 17:59:58 INFO serve: shutting down gracefully
reasonix serve — deepseek-v4-flash on http://127.0.0.1:46093
  auth: token
  share: http://127.0.0.1:46093/ (token in /root/.reasonix-mobile-v1/serve.token)
2026/08/21 18:00:02 INFO serve: request method=POST path=/auth/token status=204 duration=204.923µs
2026/08/21 18:00:02 INFO serve: request method=GET path=/mod/status status=200 duration=8.078461ms
2026/08/21 18:00:02 INFO serve: shutting down gracefully
reasonix serve — deepseek-v4-flash on http://127.0.0.1:43379
  auth: token
  share: http://127.0.0.1:43379/ (token in /root/.reasonix-mobile-v1/serve.token)
2026/08/21 18:00:07 INFO serve: request method=POST path=/auth/token status=204 duration=505.616µs
2026/08/21 18:00:07 INFO serve: request method=GET path=/mod/status status=200 duration=7.065039ms
2026/08/21 18:00:07 INFO serve: shutting down gracefully
reasonix serve — deepseek-v4-flash on http://127.0.0.1:45321
  auth: token
  share: http://127.0.0.1:45321/ (token in /root/.reasonix-mobile-v1/serve.token)
2026/08/21 18:00:11 INFO serve: request method=POST path=/auth/token status=204 duration=264.153µs
2026/08/21 18:00:11 INFO serve: request method=GET path=/mod/status status=200 duration=6.812308ms
2026/08/21 18:00:11 INFO serve: request method=GET path=/mod/live/history status=200 duration=317.462µs
2026/08/21 18:00:11 INFO serve: request method=GET path=/mod/swarm status=200 duration=21.822615ms
2026/08/21 18:00:11 INFO serve: request method=GET path=/mod/swarm status=200 duration=17.298ms
2026/08/21 18:00:11 INFO serve: request method=GET path=/mod/swarm status=200 duration=28.873692ms
2026/08/21 18:00:12 INFO serve: request method=GET path=/mod/live/history status=200 duration=213.846µs
2026/08/21 18:00:12 INFO serve: request method=GET path=/mod/swarm status=200 duration=21.986461ms
  balance: $2.36
2026/08/21 18:00:13 INFO serve: request method=GET path=/mod/live/history status=200 duration=261.154µs
2026/08/21 18:00:13 INFO serve: request method=GET path=/mod/swarm status=200 duration=21.212346ms
2026/08/21 18:00:14 INFO serve: request method=GET path=/mod/live/history status=200 duration=165.077µs
2026/08/21 18:00:14 INFO serve: request method=GET path=/mod/swarm status=200 duration=15.394462ms
2026/08/21 18:00:14 INFO serve: request method=GET path=/mod/live/history status=200 duration=236.077µs
2026/08/21 18:00:14 INFO serve: request method=GET path=/mod/swarm status=200 duration=19.672154ms
2026/08/21 18:00:15 INFO serve: request method=GET path=/mod/live/history status=200 duration=252.423µs
2026/08/21 18:00:15 INFO serve: request method=GET path=/mod/swarm status=200 duration=13.071885ms
2026/08/21 18:00:16 INFO serve: request method=GET path=/mod/live/history status=200 duration=179.423µs
2026/08/21 18:00:16 INFO serve: request method=GET path=/mod/swarm status=200 duration=13.670654ms
2026/08/21 18:00:17 INFO serve: request method=GET path=/mod/live/history status=200 duration=256.846µs
2026/08/21 18:00:17 INFO serve: request method=GET path=/mod/swarm status=200 duration=16.472885ms
2026/08/21 18:00:18 INFO serve: request method=GET path=/mod/live/history status=200 duration=204.462µs
2026/08/21 18:00:18 INFO serve: request method=GET path=/mod/swarm status=200 duration=15.172769ms
2026/08/21 18:00:19 INFO serve: request method=GET path=/mod/live/history status=200 duration=797.307µs
2026/08/21 18:00:19 INFO serve: request method=GET path=/mod/swarm status=200 duration=20.990269ms
2026/08/21 18:00:20 INFO serve: request method=GET path=/mod/live/history status=200 duration=279.038µs
2026/08/21 18:00:20 INFO serve: request method=GET path=/mod/swarm status=200 duration=26.677307ms
2026/08/21 18:00:50 INFO serve: request method=GET path=/mod/live/history status=200 duration=389.154µs
2026/08/21 18:00:51 INFO serve: request method=GET path=/mod/live/history status=200 duration=433.077µs
2026/08/21 18:00:51 INFO serve: request method=GET path=/mod/swarm status=200 duration=20.299462ms
2026/08/21 18:00:52 INFO serve: request method=GET path=/mod/live/history status=200 duration=996.539µs
2026/08/21 18:00:52 INFO serve: request method=GET path=/mod/swarm status=200 duration=18.820731ms
2026/08/21 18:00:53 INFO serve: request method=GET path=/mod/live/history status=200 duration=242.808µs
2026/08/21 18:00:53 INFO serve: request method=GET path=/mod/swarm status=200 duration=23.448616ms
2026/08/21 18:00:54 INFO serve: request method=POST path=/tool-approval-mode status=204 duration=191.039µs
2026/08/21 18:00:54 INFO serve: request method=POST path=/mod/app/task/start status=202 duration=9.861808ms
2026/08/21 18:00:54 INFO serve: request method=GET path=/mod/live/history status=200 duration=395.308µs
2026/08/21 18:00:55 INFO serve: request method=GET path=/mod/live/history status=200 duration=475.692µs
2026/08/21 18:00:55 INFO serve: request method=GET path=/mod/swarm status=200 duration=18.402116ms
2026/08/21 18:00:56 INFO serve: request method=GET path=/mod/live/history status=200 duration=596.923µs
2026/08/21 18:00:56 INFO serve: request method=GET path=/mod/swarm status=200 duration=21.019961ms
2026/08/21 18:00:57 INFO serve: request method=GET path=/mod/live/history status=200 duration=575.192µs
2026/08/21 18:00:57 INFO serve: request method=GET path=/mod/swarm status=200 duration=16.898307ms
2026/08/21 18:00:57 INFO serve: request method=GET path=/mod/live/history status=200 duration=525.307µs
2026/08/21 18:00:57 INFO serve: request method=GET path=/mod/swarm status=200 duration=19.325654ms
2026/08/21 18:00:58 INFO serve: request method=GET path=/mod/live/history status=200 duration=628.039µs
2026/08/21 18:00:58 INFO serve: request method=GET path=/mod/swarm status=200 duration=16.923884ms
2026/08/21 18:00:59 INFO serve: request method=GET path=/mod/live/history status=200 duration=711.269µs
2026/08/21 18:00:59 INFO serve: request method=GET path=/history status=200 duration=1.666461ms
2026/08/21 18:00:59 INFO serve: request method=GET path=/mod/swarm status=200 duration=21.115923ms
2026/08/21 18:01:00 INFO serve: request method=GET path=/mod/live/history status=200 duration=756.808µs
2026/08/21 18:01:00 INFO serve: request method=GET path=/history status=200 duration=1.608808ms
2026/08/21 18:01:00 INFO serve: request method=GET path=/mod/swarm status=200 duration=17.683769ms
2026/08/21 18:01:01 INFO serve: request method=GET path=/mod/live/history status=200 duration=506.538µs
2026/08/21 18:01:01 INFO serve: request method=GET path=/history status=200 duration=948.461µs
2026/08/21 18:01:01 INFO serve: request method=GET path=/mod/swarm status=200 duration=12.904154ms
2026/08/21 18:01:03 INFO serve: request method=GET path=/mod/live/history status=200 duration=837.692µs
2026/08/21 18:01:03 INFO serve: request method=GET path=/history status=200 duration=1.731538ms
2026/08/21 18:01:04 INFO serve: request method=GET path=/mod/live/history status=200 duration=599.692µs
2026/08/21 18:01:04 INFO serve: request method=GET path=/history status=200 duration=1.070846ms
2026/08/21 18:01:04 INFO serve: request method=GET path=/mod/swarm status=200 duration=12.416ms
2026/08/21 18:01:05 INFO serve: request method=GET path=/mod/live/history status=200 duration=613.923µs
2026/08/21 18:01:05 INFO serve: request method=GET path=/history status=200 duration=2.70573ms
2026/08/21 18:01:05 INFO serve: request method=GET path=/mod/swarm status=200 duration=16.375616ms
2026/08/21 18:01:06 INFO serve: request method=GET path=/mod/live/history status=200 duration=498.616µs
2026/08/21 18:01:06 INFO serve: request method=GET path=/history status=200 duration=1.032692ms
2026/08/21 18:01:06 INFO serve: request method=GET path=/mod/swarm status=200 duration=11.795269ms
2026/08/21 18:01:14 INFO serve: request method=GET path=/mod/live/history status=200 duration=485.5µs
2026/08/21 18:01:14 INFO serve: request method=GET path=/history status=200 duration=1.748077ms
2026/08/21 18:01:15 INFO serve: request method=GET path=/mod/live/history status=200 duration=631.693µs
2026/08/21 18:01:15 INFO serve: request method=GET path=/history status=200 duration=1.295961ms
2026/08/21 18:01:15 INFO serve: request method=GET path=/mod/swarm status=200 duration=20.390154ms
2026/08/21 18:01:16 INFO serve: request method=GET path=/mod/live/history status=200 duration=863.308µs
2026/08/21 18:01:16 INFO serve: request method=GET path=/history status=200 duration=1.629423ms
2026/08/21 18:01:16 INFO serve: request method=GET path=/mod/swarm status=200 duration=16.066462ms
2026/08/21 18:01:17 INFO serve: request method=GET path=/mod/live/history status=200 duration=519.807µs
2026/08/21 18:01:17 INFO serve: request method=GET path=/history status=200 duration=1.497654ms
2026/08/21 18:01:17 INFO serve: request method=GET path=/mod/swarm status=200 duration=16.538ms
2026/08/21 18:02:14 INFO serve: request method=GET path=/mod/live/history status=200 duration=1.568846ms
2026/08/21 18:02:14 INFO serve: request method=GET path=/history status=200 duration=1.121846ms
2026/08/21 18:02:15 INFO serve: request method=GET path=/mod/live/history status=200 duration=734.038µs
2026/08/21 18:02:15 INFO serve: request method=GET path=/history status=200 duration=1.315462ms
2026/08/21 18:02:15 INFO serve: request method=GET path=/mod/swarm status=200 duration=56.922923ms
2026/08/21 18:02:16 INFO serve: request method=GET path=/mod/live/history status=200 duration=916.461µs
2026/08/21 18:02:16 INFO serve: request method=GET path=/history status=200 duration=1.480654ms
2026/08/21 18:02:16 INFO serve: request method=GET path=/mod/swarm status=200 duration=21.760307ms
2026/08/21 18:02:16 INFO serve: request method=POST path=/tool-approval-mode status=204 duration=239.039µs
2026/08/21 18:02:16 INFO serve: request method=POST path=/mod/app/task/start status=202 duration=5.988307ms
2026/08/21 18:02:16 INFO serve: request method=GET path=/mod/live/history status=200 duration=795.539µs
2026/08/21 18:02:16 INFO serve: request method=GET path=/history status=200 duration=1.096077ms
2026/08/21 18:02:17 INFO serve: request method=GET path=/mod/live/history status=200 duration=823.462µs
2026/08/21 18:02:17 INFO serve: request method=GET path=/history status=200 duration=3.158193ms
2026/08/21 18:02:17 INFO serve: request method=GET path=/mod/swarm status=200 duration=43.046923ms
2026/08/21 18:02:18 INFO serve: request method=GET path=/mod/live/history status=200 duration=692.269µs
2026/08/21 18:02:18 INFO serve: request method=GET path=/history status=200 duration=1.832231ms
2026/08/21 18:02:18 INFO serve: request method=GET path=/mod/swarm status=200 duration=17.690038ms
2026/08/21 18:02:19 INFO serve: request method=GET path=/mod/live/history status=200 duration=837.654µs
2026/08/21 18:02:19 INFO serve: request method=GET path=/history status=200 duration=1.573962ms
2026/08/21 18:02:19 INFO serve: request method=GET path=/mod/swarm status=200 duration=16.106423ms
2026/08/21 18:02:20 INFO serve: request method=GET path=/mod/live/history status=200 duration=731.884µs
2026/08/21 18:02:20 INFO serve: request method=GET path=/history status=200 duration=1.028116ms
2026/08/21 18:02:20 INFO serve: request method=GET path=/mod/swarm status=200 duration=13.015384ms
2026/08/21 18:02:21 INFO serve: request method=GET path=/mod/live/history status=200 duration=1.076ms
2026/08/21 18:02:21 INFO serve: request method=GET path=/history status=200 duration=1.636308ms
2026/08/21 18:02:21 INFO serve: request method=GET path=/mod/swarm status=200 duration=25.298807ms
2026/08/21 18:02:22 INFO serve: request method=GET path=/mod/live/history status=200 duration=800.461µs
2026/08/21 18:02:22 INFO serve: request method=GET path=/history status=200 duration=1.900885ms
2026/08/21 18:02:22 INFO serve: request method=GET path=/mod/swarm status=200 duration=22.593846ms
2026/08/21 18:02:23 INFO serve: request method=GET path=/mod/live/history status=200 duration=996.192µs
2026/08/21 18:02:23 INFO serve: request method=GET path=/history status=200 duration=1.845961ms
2026/08/21 18:02:23 INFO serve: request method=GET path=/mod/swarm status=200 duration=19.772384ms
2026/08/21 18:02:23 INFO serve: request method=GET path=/mod/live/history status=200 duration=921.924µs
2026/08/21 18:02:23 INFO serve: request method=GET path=/history status=200 duration=1.311308ms
2026/08/21 18:02:24 INFO serve: request method=GET path=/mod/swarm status=200 duration=22.275654ms
2026/08/21 18:02:24 INFO serve: request method=GET path=/mod/live/history status=200 duration=1.099654ms
2026/08/21 18:02:24 INFO serve: request method=GET path=/history status=200 duration=1.473269ms
2026/08/21 18:02:24 INFO serve: request method=GET path=/mod/swarm status=200 duration=23.133653ms
2026/08/21 18:02:25 INFO serve: request method=GET path=/mod/live/history status=200 duration=1.111577ms
2026/08/21 18:02:25 INFO serve: request method=GET path=/history status=200 duration=1.358039ms
2026/08/21 18:02:25 INFO serve: request method=GET path=/mod/swarm status=200 duration=20.194961ms
2026/08/21 18:02:26 INFO serve: request method=GET path=/mod/live/history status=200 duration=759.347µs
2026/08/21 18:02:26 INFO serve: request method=GET path=/history status=200 duration=1.099077ms
2026/08/21 18:02:26 INFO serve: request method=GET path=/mod/swarm status=200 duration=15.560308ms
2026/08/21 18:02:27 INFO serve: request method=GET path=/mod/live/history status=200 duration=837.077µs
2026/08/21 18:02:27 INFO serve: request method=GET path=/history status=200 duration=1.2005ms
2026/08/21 18:02:27 INFO serve: request method=GET path=/mod/swarm status=200 duration=23.869384ms
2026/08/21 18:02:28 INFO serve: request method=GET path=/mod/live/history status=200 duration=924.923µs
2026/08/21 18:02:28 INFO serve: request method=GET path=/history status=200 duration=1.005346ms
2026/08/21 18:02:28 INFO serve: request method=GET path=/mod/swarm status=200 duration=15.178615ms
2026/08/21 18:02:29 INFO serve: request method=GET path=/mod/live/history status=200 duration=913.346µs
2026/08/21 18:02:29 INFO serve: request method=GET path=/history status=200 duration=1.906692ms
2026/08/21 18:02:29 INFO serve: request method=GET path=/mod/swarm status=200 duration=19.7745ms
2026/08/21 18:02:30 INFO serve: request method=GET path=/mod/live/history status=200 duration=1.155ms
2026/08/21 18:02:30 INFO serve: request method=GET path=/history status=200 duration=1.418654ms
2026/08/21 18:02:30 INFO serve: request method=GET path=/mod/swarm status=200 duration=17.816269ms
2026/08/21 18:02:31 INFO serve: request method=GET path=/mod/live/history status=200 duration=1.447038ms
2026/08/21 18:02:31 INFO serve: request method=GET path=/history status=200 duration=1.749308ms
2026/08/21 18:02:31 INFO serve: request method=GET path=/mod/swarm status=200 duration=18.932577ms
2026/08/21 18:02:32 INFO serve: request method=GET path=/mod/live/history status=200 duration=989.962µs
2026/08/21 18:02:32 INFO serve: request method=GET path=/history status=200 duration=1.077269ms
2026/08/21 18:02:32 INFO serve: request method=GET path=/mod/swarm status=200 duration=16.280346ms
2026/08/21 18:02:32 INFO serve: request method=GET path=/mod/live/history status=200 duration=856.385µs
2026/08/21 18:02:32 INFO serve: request method=GET path=/history status=200 duration=1.000654ms
2026/08/21 18:02:32 INFO serve: request method=GET path=/mod/swarm status=200 duration=13.174846ms
2026/08/21 18:02:33 INFO serve: request method=POST path=/tool-approval-mode status=204 duration=327.654µs
2026/08/21 18:02:33 INFO serve: request method=POST path=/mod/app/task/start status=202 duration=6.194807ms
2026/08/21 18:02:33 INFO serve: request method=GET path=/mod/live/history status=200 duration=791.885µs
2026/08/21 18:02:33 INFO serve: request method=GET path=/history status=200 duration=1.280769ms
2026/08/21 18:02:34 INFO serve: request method=GET path=/mod/live/history status=200 duration=852.039µs
2026/08/21 18:02:34 INFO serve: request method=GET path=/history status=200 duration=1.580884ms
2026/08/21 18:02:34 INFO serve: request method=GET path=/mod/swarm status=200 duration=16.562ms
2026/08/21 18:02:35 INFO serve: request method=GET path=/mod/live/history status=200 duration=906.039µs
2026/08/21 18:02:35 INFO serve: request method=GET path=/history status=200 duration=1.172538ms
2026/08/21 18:02:35 INFO serve: request method=GET path=/mod/swarm status=200 duration=17.602346ms
2026/08/21 18:02:36 INFO serve: request method=GET path=/mod/live/history status=200 duration=1.001846ms
2026/08/21 18:02:36 INFO serve: request method=GET path=/history status=200 duration=1.137807ms
2026/08/21 18:02:36 INFO serve: request method=GET path=/mod/swarm status=200 duration=24.976076ms
2026/08/21 18:02:37 INFO serve: request method=GET path=/mod/live/history status=200 duration=1.391385ms
2026/08/21 18:02:37 INFO serve: request method=GET path=/history status=200 duration=1.351192ms
2026/08/21 18:02:37 INFO serve: request method=GET path=/mod/swarm status=200 duration=17.632115ms
2026/08/21 18:02:38 INFO serve: request method=GET path=/mod/live/history status=200 duration=1.928307ms
2026/08/21 18:02:38 INFO serve: request method=GET path=/history status=200 duration=1.279193ms
2026/08/21 18:02:38 INFO serve: request method=GET path=/mod/swarm status=200 duration=15.893308ms
2026/08/21 18:02:39 INFO serve: request method=GET path=/mod/live/history status=200 duration=1.076154ms
2026/08/21 18:02:39 INFO serve: request method=GET path=/history status=200 duration=1.176692ms
2026/08/21 18:02:39 INFO serve: request method=GET path=/mod/swarm status=200 duration=27.815462ms
2026/08/21 18:03:27 INFO serve: request method=GET path=/mod/live/history status=200 duration=1.157653ms
2026/08/21 18:03:27 INFO serve: request method=GET path=/history status=200 duration=1.189461ms
2026/08/21 18:03:28 INFO serve: request method=GET path=/mod/live/history status=200 duration=1.026ms
2026/08/21 18:03:28 INFO serve: request method=GET path=/history status=200 duration=1.128923ms
2026/08/21 18:03:28 INFO serve: request method=GET path=/mod/swarm status=200 duration=15.547731ms
2026/08/21 18:03:29 INFO serve: request method=GET path=/mod/live/history status=200 duration=1.095885ms
2026/08/21 18:03:29 INFO serve: request method=GET path=/history status=200 duration=1.063038ms
2026/08/21 18:03:29 INFO serve: request method=GET path=/mod/swarm status=200 duration=23.974269ms
2026/08/21 18:03:30 INFO serve: request method=GET path=/mod/live/history status=200 duration=1.020461ms
2026/08/21 18:03:30 INFO serve: request method=GET path=/history status=200 duration=1.717423ms
2026/08/21 18:03:30 INFO serve: request method=GET path=/mod/swarm status=200 duration=20.919154ms
2026/08/21 18:03:37 INFO serve: request method=GET path=/mod/live/history status=200 duration=1.26127ms
2026/08/21 18:03:37 INFO serve: request method=GET path=/history status=200 duration=6.373885ms
2026/08/21 18:03:38 INFO serve: request method=GET path=/mod/live/history status=200 duration=1.480038ms
2026/08/21 18:03:38 INFO serve: request method=GET path=/history status=200 duration=1.162731ms
2026/08/21 18:03:38 INFO serve: request method=GET path=/mod/swarm status=200 duration=20.095385ms
2026/08/21 18:03:38 INFO serve: request method=POST path=/tool-approval-mode status=204 duration=246.154µs
2026/08/21 18:03:39 INFO serve: request method=POST path=/mod/app/task/start status=202 duration=8.884462ms
2026/08/21 18:03:39 INFO serve: request method=GET path=/mod/live/history status=200 duration=974.923µs
2026/08/21 18:03:39 INFO serve: request method=GET path=/history status=200 duration=1.565654ms
2026/08/21 18:03:39 INFO serve: request method=GET path=/mod/live/history status=200 duration=1.13573ms
2026/08/21 18:03:39 INFO serve: request method=GET path=/history status=200 duration=1.406538ms
2026/08/21 18:03:39 INFO serve: request method=GET path=/mod/swarm status=200 duration=27.568154ms
2026/08/21 18:03:40 INFO serve: request method=GET path=/mod/live/history status=200 duration=1.239462ms
2026/08/21 18:03:40 INFO serve: request method=GET path=/history status=200 duration=1.323731ms
2026/08/21 18:03:40 INFO serve: request method=GET path=/mod/swarm status=200 duration=16.717192ms
2026/08/21 18:03:41 INFO serve: request method=GET path=/mod/live/history status=200 duration=1.385115ms
2026/08/21 18:03:41 INFO serve: request method=GET path=/history status=200 duration=1.876346ms
2026/08/21 18:03:41 INFO serve: request method=GET path=/mod/swarm status=200 duration=20.776346ms
2026/08/21 18:03:42 INFO serve: request method=GET path=/mod/live/history status=200 duration=1.860807ms
2026/08/21 18:03:42 INFO serve: request method=GET path=/history status=200 duration=788.308µs
2026/08/21 18:03:42 INFO serve: request method=GET path=/mod/swarm status=200 duration=20.947538ms
2026/08/21 18:03:43 INFO serve: request method=GET path=/mod/live/history status=200 duration=1.296808ms
2026/08/21 18:03:43 INFO serve: request method=GET path=/history status=200 duration=1.209462ms
2026/08/21 18:03:43 INFO serve: request method=GET path=/mod/swarm status=200 duration=16.337423ms
2026/08/21 18:03:44 INFO serve: request method=GET path=/mod/live/history status=200 duration=1.766654ms
2026/08/21 18:03:44 INFO serve: request method=GET path=/history status=200 duration=1.5495ms
2026/08/21 18:03:44 INFO serve: request method=GET path=/mod/swarm status=200 duration=16.091654ms
2026/08/21 18:03:45 INFO serve: request method=GET path=/mod/live/history status=200 duration=1.853538ms
2026/08/21 18:03:45 INFO serve: request method=GET path=/history status=200 duration=1.144769ms
2026/08/21 18:03:45 INFO serve: request method=GET path=/mod/swarm status=200 duration=19.858961ms
2026/08/21 18:03:46 INFO serve: request method=GET path=/mod/live/history status=200 duration=1.418231ms
2026/08/21 18:03:46 INFO serve: request method=GET path=/history status=200 duration=1.112307ms
2026/08/21 18:03:46 INFO serve: request method=GET path=/mod/swarm status=200 duration=14.212423ms
2026/08/21 18:03:47 INFO serve: request method=GET path=/mod/live/history status=200 duration=1.333654ms
2026/08/21 18:03:47 INFO serve: request method=GET path=/history status=200 duration=1.115038ms
2026/08/21 18:03:47 INFO serve: request method=GET path=/mod/swarm status=200 duration=14.073769ms
2026/08/21 18:03:48 INFO serve: request method=GET path=/mod/live/history status=200 duration=1.360654ms
2026/08/21 18:03:48 INFO serve: request method=GET path=/history status=200 duration=1.920615ms
2026/08/21 18:03:48 INFO serve: request method=GET path=/mod/swarm status=200 duration=18.972769ms
2026/08/21 18:03:48 INFO serve: request method=GET path=/mod/live/history status=200 duration=2.264807ms
2026/08/21 18:03:48 INFO serve: request method=GET path=/history status=200 duration=1.492423ms
2026/08/21 18:03:49 INFO serve: request method=GET path=/mod/swarm status=200 duration=53.875346ms
2026/08/21 18:03:49 INFO serve: request method=GET path=/mod/live/history status=200 duration=1.940192ms
2026/08/21 18:03:49 INFO serve: request method=GET path=/history status=200 duration=1.408231ms
2026/08/21 18:03:49 INFO serve: request method=GET path=/mod/swarm status=200 duration=17.622308ms
2026/08/21 18:03:50 INFO serve: request method=GET path=/mod/live/history status=200 duration=2.959885ms
2026/08/21 18:03:50 INFO serve: request method=GET path=/history status=200 duration=1.088116ms
2026/08/21 18:03:50 INFO serve: request method=GET path=/mod/swarm status=200 duration=12.971077ms
2026/08/21 18:03:51 INFO serve: request method=GET path=/mod/live/history status=200 duration=1.857192ms
2026/08/21 18:03:51 INFO serve: request method=GET path=/history status=200 duration=1.3745ms
2026/08/21 18:03:51 INFO serve: request method=GET path=/mod/swarm status=200 duration=16.888962ms
2026/08/21 18:03:52 INFO serve: request method=GET path=/mod/live/history status=200 duration=1.854846ms
2026/08/21 18:03:52 INFO serve: request method=GET path=/history status=200 duration=1.174461ms
2026/08/21 18:03:52 INFO serve: request method=GET path=/mod/swarm status=200 duration=17.574692ms
2026/08/21 18:03:53 INFO serve: request method=GET path=/mod/live/history status=200 duration=1.898346ms
2026/08/21 18:03:53 INFO serve: request method=GET path=/history status=200 duration=1.070461ms
2026/08/21 18:03:53 INFO serve: request method=GET path=/mod/swarm status=200 duration=14.146846ms
2026/08/21 18:03:54 INFO serve: request method=GET path=/mod/live/history status=200 duration=2.318308ms
2026/08/21 18:03:54 INFO serve: request method=GET path=/history status=200 duration=1.553115ms
2026/08/21 18:03:54 INFO serve: request method=GET path=/mod/swarm status=200 duration=23.38423ms
2026/08/21 18:03:55 INFO serve: request method=GET path=/mod/live/history status=200 duration=1.926654ms
2026/08/21 18:03:55 INFO serve: request method=GET path=/history status=200 duration=1.286039ms
2026/08/21 18:03:55 INFO serve: request method=GET path=/mod/swarm status=200 duration=23.277385ms
2026/08/21 18:03:56 INFO serve: request method=GET path=/mod/live/history status=200 duration=2.050346ms
2026/08/21 18:03:56 INFO serve: request method=GET path=/history status=200 duration=1.346115ms
2026/08/21 18:03:56 INFO serve: request method=GET path=/mod/swarm status=200 duration=21.155039ms
2026/08/21 18:03:57 INFO serve: request method=GET path=/mod/live/history status=200 duration=6.132462ms
2026/08/21 18:03:57 INFO serve: request method=GET path=/history status=200 duration=1.576231ms
2026/08/21 18:03:57 INFO serve: request method=GET path=/mod/swarm status=200 duration=17.945731ms
2026/08/21 18:03:57 INFO serve: request method=GET path=/mod/live/history status=200 duration=2.467616ms
2026/08/21 18:03:57 INFO serve: request method=GET path=/history status=200 duration=1.661461ms
2026/08/21 18:03:57 INFO serve: request method=GET path=/mod/swarm status=200 duration=20.460539ms
2026/08/21 18:03:58 INFO serve: request method=GET path=/mod/live/history status=200 duration=1.978923ms
2026/08/21 18:03:58 INFO serve: request method=GET path=/history status=200 duration=1.382307ms
2026/08/21 18:03:58 INFO serve: request method=GET path=/mod/swarm status=200 duration=17.896654ms
2026/08/21 18:03:59 INFO serve: request method=GET path=/mod/live/history status=200 duration=1.953269ms
2026/08/21 18:03:59 INFO serve: request method=GET path=/history status=200 duration=2.019385ms
2026/08/21 18:03:59 INFO serve: request method=GET path=/mod/swarm status=200 duration=17.638077ms
2026/08/21 18:04:00 INFO serve: request method=GET path=/mod/live/history status=200 duration=2.032731ms
2026/08/21 18:04:00 INFO serve: request method=GET path=/history status=200 duration=1.46923ms
2026/08/21 18:04:00 INFO serve: request method=GET path=/mod/swarm status=200 duration=16.896154ms
2026/08/21 18:04:01 INFO serve: request method=GET path=/mod/live/history status=200 duration=2.015269ms
2026/08/21 18:04:01 INFO serve: request method=GET path=/history status=200 duration=1.142923ms
2026/08/21 18:04:01 INFO serve: request method=GET path=/mod/swarm status=200 duration=12.434846ms
2026/08/21 18:04:02 INFO serve: request method=GET path=/mod/live/history status=200 duration=1.925769ms
2026/08/21 18:04:02 INFO serve: request method=GET path=/history status=200 duration=1.104462ms
2026/08/21 18:04:02 INFO serve: request method=GET path=/mod/swarm status=200 duration=11.262154ms
2026/08/21 18:04:03 INFO serve: request method=GET path=/mod/live/history status=200 duration=1.905923ms
2026/08/21 18:04:03 INFO serve: request method=GET path=/history status=200 duration=1.280807ms
2026/08/21 18:04:03 INFO serve: request method=GET path=/mod/swarm status=200 duration=13.966692ms
2026/08/21 18:04:04 INFO serve: request method=GET path=/mod/live/history status=200 duration=2.457807ms
2026/08/21 18:04:04 INFO serve: request method=GET path=/history status=200 duration=1.761ms
2026/08/21 18:04:04 INFO serve: request method=GET path=/mod/swarm status=200 duration=30.41123ms
2026/08/21 18:04:14 INFO serve: request method=GET path=/mod/live/history status=200 duration=2.733577ms
2026/08/21 18:04:14 INFO serve: request method=GET path=/history status=200 duration=1.351462ms
2026/08/21 18:04:15 INFO serve: request method=GET path=/mod/live/history status=200 duration=2.032154ms
2026/08/21 18:04:15 INFO serve: request method=GET path=/history status=200 duration=1.213577ms
2026/08/21 18:04:15 INFO serve: request method=GET path=/mod/swarm status=200 duration=13.632308ms
2026/08/21 18:04:16 INFO serve: request method=GET path=/mod/live/history status=200 duration=2.480154ms
2026/08/21 18:04:16 INFO serve: request method=GET path=/history status=200 duration=1.187231ms
2026/08/21 18:04:16 INFO serve: request method=GET path=/mod/swarm status=200 duration=14.718577ms
2026/08/21 18:04:42 INFO serve: request method=GET path=/mod/live/history status=200 duration=3.218154ms
2026/08/21 18:04:42 INFO serve: request method=GET path=/history status=200 duration=2.597693ms
2026/08/21 18:04:42 INFO serve: request method=GET path=/mod/live/history status=200 duration=3.826538ms
2026/08/21 18:04:43 INFO serve: request method=GET path=/history status=200 duration=2.3455ms
2026/08/21 18:04:43 INFO serve: request method=GET path=/mod/swarm status=200 duration=28.244384ms
2026/08/21 18:04:43 INFO serve: request method=GET path=/mod/live/history status=200 duration=3.164115ms
2026/08/21 18:04:43 INFO serve: request method=GET path=/history status=200 duration=1.638ms
2026/08/21 18:04:43 INFO serve: request method=GET path=/mod/swarm status=200 duration=23.468962ms
2026/08/21 18:04:44 INFO serve: request method=POST path=/tool-approval-mode status=204 duration=230.654µs
2026/08/21 18:04:44 INFO serve: request method=POST path=/mod/app/task/start status=202 duration=8.607461ms
2026/08/21 18:04:44 INFO serve: request method=GET path=/mod/live/history status=200 duration=2.011616ms
2026/08/21 18:04:44 INFO serve: request method=GET path=/history status=200 duration=2.032462ms
2026/08/21 18:04:45 INFO serve: request method=GET path=/mod/live/history status=200 duration=2.495923ms
2026/08/21 18:04:45 INFO serve: request method=GET path=/history status=200 duration=1.830731ms
2026/08/21 18:04:45 INFO serve: request method=GET path=/mod/swarm status=200 duration=20.6335ms
2026/08/21 18:04:45 INFO serve: request method=GET path=/mod/live/history status=200 duration=2.06327ms
2026/08/21 18:04:45 INFO serve: request method=GET path=/mod/swarm status=200 duration=17.883231ms
2026/08/21 18:04:45 INFO serve: request method=GET path=/history status=200 duration=8.297385ms
2026/08/21 18:04:46 INFO serve: request method=GET path=/mod/live/history status=200 duration=2.162616ms
2026/08/21 18:04:46 INFO serve: request method=GET path=/history status=200 duration=1.302693ms
2026/08/21 18:04:46 INFO serve: request method=GET path=/mod/swarm status=200 duration=13.087346ms
2026/08/21 18:04:47 INFO serve: request method=GET path=/mod/live/history status=200 duration=2.118461ms
2026/08/21 18:04:47 INFO serve: request method=GET path=/history status=200 duration=1.170077ms
2026/08/21 18:04:47 INFO serve: request method=GET path=/mod/swarm status=200 duration=16.133615ms
2026/08/21 18:04:48 INFO serve: request method=GET path=/mod/live/history status=200 duration=2.381154ms
2026/08/21 18:04:48 INFO serve: request method=GET path=/history status=200 duration=1.328731ms
2026/08/21 18:04:48 INFO serve: request method=GET path=/mod/swarm status=200 duration=16.587ms
2026/08/21 18:04:49 INFO serve: request method=GET path=/mod/live/history status=200 duration=5.129692ms
2026/08/21 18:04:49 INFO serve: request method=GET path=/history status=200 duration=1.412077ms
2026/08/21 18:04:49 INFO serve: request method=GET path=/mod/swarm status=200 duration=28.970885ms
2026/08/21 18:04:50 INFO serve: request method=GET path=/mod/live/history status=200 duration=2.968884ms
2026/08/21 18:04:50 INFO serve: request method=GET path=/history status=200 duration=2.077731ms
2026/08/21 18:04:50 INFO serve: request method=GET path=/mod/swarm status=200 duration=15.518346ms
2026/08/21 18:04:51 INFO serve: request method=GET path=/mod/live/history status=200 duration=4.424885ms
2026/08/21 18:04:51 INFO serve: request method=GET path=/history status=200 duration=949.962µs
2026/08/21 18:04:51 INFO serve: request method=GET path=/mod/swarm status=200 duration=18.100884ms
2026/08/21 18:04:52 INFO serve: request method=GET path=/mod/live/history status=200 duration=2.906692ms
2026/08/21 18:04:52 INFO serve: request method=GET path=/history status=200 duration=2.215924ms
2026/08/21 18:04:52 INFO serve: request method=GET path=/mod/swarm status=200 duration=15.842769ms
2026/08/21 18:04:53 INFO serve: request method=GET path=/mod/live/history status=200 duration=3.291961ms
2026/08/21 18:04:53 INFO serve: request method=GET path=/history status=200 duration=1.429654ms
2026/08/21 18:04:53 INFO serve: request method=GET path=/mod/swarm status=200 duration=12.936654ms
2026/08/21 18:04:54 INFO serve: request method=GET path=/mod/live/history status=200 duration=2.890307ms
2026/08/21 18:04:54 INFO serve: request method=GET path=/history status=200 duration=1.662193ms
2026/08/21 18:04:54 INFO serve: request method=GET path=/mod/swarm status=200 duration=15.721577ms
2026/08/21 18:04:54 INFO serve: request method=GET path=/mod/live/history status=200 duration=2.817846ms
2026/08/21 18:04:54 INFO serve: request method=GET path=/history status=200 duration=1.585346ms
2026/08/21 18:04:54 INFO serve: request method=GET path=/mod/swarm status=200 duration=15.506385ms
2026/08/21 18:04:55 INFO serve: request method=GET path=/mod/live/history status=200 duration=3.938154ms
2026/08/21 18:04:55 INFO serve: request method=GET path=/history status=200 duration=1.734192ms
2026/08/21 18:04:55 INFO serve: request method=GET path=/mod/swarm status=200 duration=16.975693ms
2026/08/21 18:04:56 INFO serve: request method=GET path=/mod/live/history status=200 duration=10.983731ms
2026/08/21 18:04:56 INFO serve: request method=GET path=/history status=200 duration=3.347615ms
2026/08/21 18:04:56 INFO serve: request method=GET path=/mod/swarm status=200 duration=44.027692ms
2026/08/21 18:05:14 INFO serve: request method=GET path=/mod/live/history status=200 duration=3.455116ms
2026/08/21 18:05:14 INFO serve: request method=GET path=/history status=200 duration=1.299346ms
2026/08/21 18:05:14 INFO serve: request method=GET path=/mod/live/history status=200 duration=3.152423ms
2026/08/21 18:05:14 INFO serve: request method=GET path=/history status=200 duration=1.312461ms
2026/08/21 18:05:14 INFO serve: request method=GET path=/mod/swarm status=200 duration=19.043346ms
2026/08/21 18:05:15 INFO serve: request method=GET path=/mod/live/history status=200 duration=2.989577ms
2026/08/21 18:05:15 INFO serve: request method=GET path=/history status=200 duration=1.234731ms
2026/08/21 18:05:15 INFO serve: request method=GET path=/mod/swarm status=200 duration=11.54ms
2026/08/21 18:05:16 INFO serve: request method=GET path=/mod/live/history status=200 duration=4.450577ms
2026/08/21 18:05:16 INFO serve: request method=GET path=/mod/swarm status=200 duration=14.019192ms
2026/08/21 18:05:16 INFO serve: request method=GET path=/history status=200 duration=1.474153ms
2026/08/21 18:05:17 INFO serve: request method=GET path=/mod/live/history status=200 duration=4.124577ms
2026/08/21 18:05:17 INFO serve: request method=GET path=/history status=200 duration=1.727ms
2026/08/21 18:05:17 INFO serve: request method=GET path=/mod/swarm status=200 duration=18.423193ms
2026/08/21 18:05:18 INFO serve: request method=GET path=/mod/live/history status=200 duration=4.163346ms
2026/08/21 18:05:18 INFO serve: request method=GET path=/history status=200 duration=1.623346ms
2026/08/21 18:05:18 INFO serve: request method=GET path=/mod/swarm status=200 duration=21.451154ms
2026/08/21 18:05:19 INFO serve: request method=GET path=/mod/live/history status=200 duration=5.269769ms
2026/08/21 18:05:19 INFO serve: request method=GET path=/history status=200 duration=2.015846ms
2026/08/21 18:05:19 INFO serve: request method=GET path=/mod/swarm status=200 duration=16.438192ms
2026/08/21 18:05:20 INFO serve: request method=GET path=/mod/live/history status=200 duration=7.831307ms
2026/08/21 18:05:20 INFO serve: request method=GET path=/history status=200 duration=1.395077ms
2026/08/21 18:05:20 INFO serve: request method=GET path=/mod/swarm status=200 duration=16.041423ms
2026/08/21 18:05:21 INFO serve: request method=GET path=/mod/live/history status=200 duration=3.105039ms
2026/08/21 18:05:21 INFO serve: request method=GET path=/history status=200 duration=1.313193ms
2026/08/21 18:05:21 INFO serve: request method=GET path=/mod/swarm status=200 duration=11.002346ms
2026/08/21 18:05:22 INFO serve: request method=GET path=/mod/live/history status=200 duration=3.080115ms
2026/08/21 18:05:22 INFO serve: request method=GET path=/history status=200 duration=1.516731ms
2026/08/21 18:05:22 INFO serve: request method=GET path=/mod/swarm status=200 duration=12.379615ms
2026/08/21 18:05:23 INFO serve: request method=GET path=/mod/live/history status=200 duration=4.078462ms
2026/08/21 18:05:23 INFO serve: request method=GET path=/history status=200 duration=2.435846ms
2026/08/21 18:05:23 INFO serve: request method=GET path=/mod/swarm status=200 duration=95.4685ms
2026/08/21 18:06:25 INFO serve: request method=GET path=/mod/live/history status=200 duration=3.142808ms
2026/08/21 18:06:25 INFO serve: request method=GET path=/history status=200 duration=2.022615ms
2026/08/21 18:06:26 INFO serve: request method=GET path=/mod/live/history status=200 duration=5.699654ms
2026/08/21 18:06:26 INFO serve: request method=GET path=/history status=200 duration=2.07527ms
2026/08/21 18:06:26 INFO serve: request method=GET path=/mod/swarm status=200 duration=18.874077ms
2026/08/21 18:06:26 INFO serve: request method=POST path=/tool-approval-mode status=204 duration=274.231µs
2026/08/21 18:06:26 INFO serve: request method=POST path=/mod/app/task/start status=202 duration=5.251193ms
2026/08/21 18:06:26 INFO serve: request method=GET path=/mod/live/history status=200 duration=8.809077ms
2026/08/21 18:06:26 INFO serve: request method=GET path=/history status=200 duration=1.265423ms
2026/08/21 18:06:27 INFO serve: request method=GET path=/mod/live/history status=200 duration=1.841ms
2026/08/21 18:06:27 INFO serve: request method=GET path=/history status=200 duration=1.283077ms
2026/08/21 18:06:27 INFO serve: request method=GET path=/mod/swarm status=200 duration=20.375231ms
2026/08/21 18:06:28 INFO serve: request method=GET path=/mod/live/history status=200 duration=3.534039ms
2026/08/21 18:06:28 INFO serve: request method=GET path=/history status=200 duration=1.351654ms
2026/08/21 18:06:28 INFO serve: request method=GET path=/mod/swarm status=200 duration=15.613846ms
2026/08/21 18:06:40 INFO serve: request method=GET path=/mod/live/history status=200 duration=4.816308ms
2026/08/21 18:06:43 INFO serve: request method=GET path=/history status=200 duration=103.608846ms
2026/08/21 18:06:44 INFO serve: request method=GET path=/mod/swarm status=200 duration=380.978115ms
2026/08/21 18:06:44 INFO serve: request method=GET path=/mod/live/history status=200 duration=5.194923ms
2026/08/21 18:06:44 INFO serve: request method=GET path=/history status=200 duration=2.933923ms
2026/08/21 18:06:45 INFO serve: request method=GET path=/mod/live/history status=200 duration=6.738923ms
2026/08/21 18:06:45 INFO serve: request method=GET path=/history status=200 duration=2.435ms
2026/08/21 18:06:45 INFO serve: request method=GET path=/mod/swarm status=200 duration=31.307308ms
2026/08/21 18:06:46 INFO serve: request method=GET path=/mod/live/history status=200 duration=6.624846ms
2026/08/21 18:06:46 INFO serve: request method=GET path=/mod/swarm status=200 duration=18.051039ms
2026/08/21 18:06:46 INFO serve: request method=GET path=/history status=200 duration=1.793846ms
2026/08/21 18:06:46 INFO serve: request method=GET path=/mod/live/history status=200 duration=4.601615ms
2026/08/21 18:06:46 INFO serve: request method=GET path=/history status=200 duration=1.440962ms
2026/08/21 18:06:46 INFO serve: request method=GET path=/mod/swarm status=200 duration=14.301192ms
2026/08/21 18:07:45 INFO serve: request method=GET path=/mod/live/history status=200 duration=2.506885ms
2026/08/21 18:07:45 INFO serve: request method=GET path=/history status=200 duration=787.692µs
2026/08/21 18:07:46 INFO serve: request method=GET path=/mod/live/history status=200 duration=4.599269ms
2026/08/21 18:07:46 INFO serve: request method=GET path=/mod/swarm status=200 duration=7.402615ms
2026/08/21 18:07:46 INFO serve: request method=GET path=/history status=200 duration=1.189308ms
2026/08/21 18:07:47 INFO serve: request method=GET path=/mod/live/history status=200 duration=7.144923ms
2026/08/21 18:07:47 INFO serve: request method=GET path=/history status=200 duration=1.933077ms
2026/08/21 18:07:47 INFO serve: request method=GET path=/mod/swarm status=200 duration=19.931039ms
2026/08/21 18:07:47 INFO serve: request method=POST path=/tool-approval-mode status=204 duration=225.423µs
2026/08/21 18:07:47 INFO serve: request method=POST path=/mod/app/task/start status=202 duration=14.280231ms
2026/08/21 18:07:47 INFO serve: request method=GET path=/mod/live/history status=200 duration=7.700923ms
2026/08/21 18:07:47 INFO serve: request method=GET path=/history status=200 duration=1.703961ms
2026/08/21 18:07:48 INFO serve: request method=GET path=/mod/live/history status=200 duration=5.925154ms
2026/08/21 18:07:48 INFO serve: request method=GET path=/history status=200 duration=1.898577ms
2026/08/21 18:07:48 INFO serve: request method=GET path=/mod/swarm status=200 duration=15.490307ms
2026/08/21 18:07:49 INFO serve: request method=GET path=/mod/live/history status=200 duration=4.983846ms
2026/08/21 18:07:49 INFO serve: request method=GET path=/history status=200 duration=1.5195ms
2026/08/21 18:07:49 INFO serve: request method=GET path=/mod/swarm status=200 duration=15.811693ms
2026/08/21 18:07:50 INFO serve: request method=GET path=/mod/live/history status=200 duration=8.711423ms
2026/08/21 18:07:50 INFO serve: request method=GET path=/history status=200 duration=1.417577ms
2026/08/21 18:07:50 INFO serve: request method=GET path=/mod/swarm status=200 duration=19.695808ms
2026/08/21 18:07:51 INFO serve: request method=GET path=/mod/live/history status=200 duration=5.412ms
2026/08/21 18:07:51 INFO serve: request method=GET path=/history status=200 duration=1.582153ms
2026/08/21 18:07:51 INFO serve: request method=GET path=/mod/swarm status=200 duration=15.040846ms
2026/08/21 18:07:52 INFO serve: request method=GET path=/mod/live/history status=200 duration=5.357077ms
2026/08/21 18:07:52 INFO serve: request method=GET path=/mod/swarm status=200 duration=7.14473ms
2026/08/21 18:07:52 INFO serve: request method=GET path=/history status=200 duration=1.876538ms
2026/08/21 18:07:53 INFO serve: request method=GET path=/mod/live/history status=200 duration=5.42977ms
2026/08/21 18:07:53 INFO serve: request method=GET path=/mod/swarm status=200 duration=10.0055ms
2026/08/21 18:07:53 INFO serve: request method=GET path=/history status=200 duration=1.394538ms
2026/08/21 18:07:54 INFO serve: request method=GET path=/mod/live/history status=200 duration=5.289423ms
2026/08/21 18:07:54 INFO serve: request method=GET path=/mod/swarm status=200 duration=10.711923ms
2026/08/21 18:07:54 INFO serve: request method=GET path=/history status=200 duration=1.281885ms
2026/08/21 18:07:54 INFO serve: request method=GET path=/mod/live/history status=200 duration=7.445923ms
2026/08/21 18:07:54 INFO serve: request method=GET path=/history status=200 duration=7.572231ms
2026/08/21 18:07:54 INFO serve: request method=GET path=/mod/swarm status=200 duration=33.947885ms
2026/08/21 18:07:55 INFO serve: request method=GET path=/mod/live/history status=200 duration=5.693846ms
2026/08/21 18:07:55 INFO serve: request method=GET path=/history status=200 duration=1.271577ms
2026/08/21 18:07:55 INFO serve: request method=GET path=/mod/swarm status=200 duration=27.402769ms
2026/08/21 18:08:11 INFO serve: request method=GET path=/mod/live/history status=200 duration=5.884269ms
2026/08/21 18:08:11 INFO serve: request method=GET path=/history status=200 duration=1.839616ms
2026/08/21 18:08:11 INFO serve: shutting down gracefully
reasonix serve — deepseek-v4-flash on http://127.0.0.1:40189
  auth: token
  share: http://127.0.0.1:40189/ (token in /root/.reasonix-mobile-v1/serve.token)
2026/08/21 18:08:16 INFO serve: request method=POST path=/auth/token status=204 duration=319.346µs
2026/08/21 18:08:16 INFO serve: request method=GET path=/mod/status status=200 duration=9.556116ms
2026/08/21 18:08:16 INFO serve: request method=GET path=/mod/live/history status=200 duration=333.385µs
2026/08/21 18:08:16 INFO serve: request method=GET path=/mod/swarm status=200 duration=22.559115ms
2026/08/21 18:08:17 INFO serve: request method=GET path=/mod/live/history status=200 duration=194.731µs
2026/08/21 18:08:17 INFO serve: request method=GET path=/mod/swarm status=200 duration=23.934807ms
2026/08/21 18:08:17 INFO serve: request method=POST path=/tool-approval-mode status=204 duration=171µs
2026/08/21 18:08:17 INFO serve: request method=POST path=/mod/app/task/start status=202 duration=11.524692ms
2026/08/21 18:08:18 INFO serve: request method=GET path=/mod/live/history status=200 duration=1.710038ms
  balance: $2.36
2026/08/21 18:08:18 INFO serve: request method=GET path=/mod/live/history status=200 duration=370.769µs
2026/08/21 18:08:18 INFO serve: request method=GET path=/mod/swarm status=200 duration=15.9835ms
2026/08/21 18:08:19 INFO serve: request method=GET path=/mod/live/history status=200 duration=382.5µs
2026/08/21 18:08:19 INFO serve: request method=GET path=/mod/swarm status=200 duration=21.203808ms
2026/08/21 18:08:20 INFO serve: request method=GET path=/mod/live/history status=200 duration=654.231µs
2026/08/21 18:08:20 INFO serve: request method=GET path=/mod/swarm status=200 duration=19.097ms
2026/08/21 18:08:21 INFO serve: request method=GET path=/mod/live/history status=200 duration=474.616µs
2026/08/21 18:08:21 INFO serve: request method=GET path=/mod/swarm status=200 duration=23.101076ms
2026/08/21 18:08:22 INFO serve: request method=GET path=/mod/live/history status=200 duration=331.808µs
2026/08/21 18:08:22 INFO serve: request method=GET path=/mod/swarm status=200 duration=14.433039ms
2026/08/21 18:08:23 INFO serve: request method=GET path=/mod/live/history status=200 duration=393.423µs
2026/08/21 18:08:23 INFO serve: request method=GET path=/mod/swarm status=200 duration=12.268192ms
2026/08/21 18:08:24 INFO serve: request method=GET path=/mod/live/history status=200 duration=596µs
2026/08/21 18:08:24 INFO serve: request method=GET path=/mod/swarm status=200 duration=23.536731ms
2026/08/21 18:08:25 INFO serve: request method=GET path=/mod/live/history status=200 duration=937.615µs
2026/08/21 18:08:25 INFO serve: request method=GET path=/mod/swarm status=200 duration=22.068923ms
2026/08/21 18:08:26 INFO serve: request method=GET path=/mod/live/history status=200 duration=727.384µs
2026/08/21 18:08:26 INFO serve: request method=GET path=/mod/swarm status=200 duration=15.584885ms
2026/08/21 18:08:27 INFO serve: request method=GET path=/mod/live/history status=200 duration=1.129193ms
2026/08/21 18:08:27 INFO serve: request method=GET path=/mod/swarm status=200 duration=28.12423ms
2026/08/21 18:08:27 INFO serve: request method=GET path=/mod/live/history status=200 duration=2.420538ms
2026/08/21 18:08:27 INFO serve: request method=GET path=/mod/swarm status=200 duration=26.963423ms
2026/08/21 18:08:28 INFO serve: request method=GET path=/mod/live/history status=200 duration=864.616µs
2026/08/21 18:08:28 INFO serve: request method=GET path=/mod/swarm status=200 duration=23.800154ms
2026/08/21 18:08:29 INFO serve: request method=GET path=/mod/live/history status=200 duration=966.269µs
2026/08/21 18:08:29 INFO serve: request method=GET path=/mod/swarm status=200 duration=29.859269ms
2026/08/21 18:08:30 INFO serve: request method=GET path=/mod/live/history status=200 duration=1.025077ms
2026/08/21 18:08:30 INFO serve: request method=GET path=/mod/swarm status=200 duration=19.658539ms
2026/08/21 18:08:31 INFO serve: request method=GET path=/mod/live/history status=200 duration=943.962µs
2026/08/21 18:08:31 INFO serve: request method=GET path=/mod/swarm status=200 duration=18.681038ms
2026/08/21 18:08:32 INFO serve: request method=GET path=/mod/live/history status=200 duration=1.267616ms
2026/08/21 18:08:32 INFO serve: request method=GET path=/mod/swarm status=200 duration=24.382231ms
2026/08/21 18:08:33 INFO serve: request method=GET path=/mod/live/history status=200 duration=949.27µs
2026/08/21 18:08:33 INFO serve: request method=GET path=/mod/swarm status=200 duration=34.167423ms
2026/08/21 18:08:34 INFO serve: request method=GET path=/mod/live/history status=200 duration=1.063115ms
2026/08/21 18:08:34 INFO serve: request method=GET path=/mod/swarm status=200 duration=17.0785ms
2026/08/21 18:08:35 INFO serve: request method=GET path=/mod/live/history status=200 duration=944.347µs
2026/08/21 18:08:35 INFO serve: request method=GET path=/mod/swarm status=200 duration=21.696038ms
2026/08/21 18:08:36 INFO serve: request method=GET path=/mod/live/history status=200 duration=1.056847ms
2026/08/21 18:08:36 INFO serve: request method=GET path=/mod/swarm status=200 duration=16.05177ms
2026/08/21 18:08:36 INFO serve: request method=GET path=/mod/live/history status=200 duration=1.642ms
2026/08/21 18:08:36 INFO serve: request method=GET path=/mod/swarm status=200 duration=17.958769ms
2026/08/21 18:08:37 INFO serve: request method=GET path=/mod/live/history status=200 duration=1.735308ms
2026/08/21 18:08:37 INFO serve: request method=GET path=/mod/swarm status=200 duration=26.295654ms
2026/08/21 18:08:38 INFO serve: request method=GET path=/mod/live/history status=200 duration=2.388231ms
2026/08/21 18:08:38 INFO serve: request method=GET path=/mod/swarm status=200 duration=21.784962ms
2026/08/21 18:08:39 INFO serve: request method=GET path=/mod/live/history status=200 duration=1.53627ms
2026/08/21 18:08:39 INFO serve: request method=GET path=/mod/swarm status=200 duration=24.204885ms
2026/08/21 18:08:40 INFO serve: request method=GET path=/mod/live/history status=200 duration=1.731846ms
2026/08/21 18:08:40 INFO serve: request method=GET path=/mod/swarm status=200 duration=17.956923ms
2026/08/21 18:08:41 INFO serve: request method=GET path=/mod/live/history status=200 duration=1.73627ms
2026/08/21 18:08:41 INFO serve: request method=GET path=/mod/swarm status=200 duration=19.391769ms
2026/08/21 18:08:42 INFO serve: request method=GET path=/mod/live/history status=200 duration=1.7255ms
2026/08/21 18:08:42 INFO serve: request method=GET path=/mod/swarm status=200 duration=13.028115ms
2026/08/21 18:08:43 INFO serve: request method=GET path=/mod/live/history status=200 duration=1.805ms
2026/08/21 18:08:43 INFO serve: request method=GET path=/mod/swarm status=200 duration=16.726885ms
2026/08/21 18:08:44 INFO serve: request method=GET path=/mod/live/history status=200 duration=1.850577ms
2026/08/21 18:08:44 INFO serve: request method=GET path=/mod/swarm status=200 duration=15.525192ms
2026/08/21 18:08:45 INFO serve: request method=GET path=/mod/live/history status=200 duration=1.7755ms
2026/08/21 18:08:45 INFO serve: request method=GET path=/mod/swarm status=200 duration=17.643231ms
2026/08/21 18:08:45 INFO serve: request method=GET path=/mod/live/history status=200 duration=2.286308ms
2026/08/21 18:08:45 INFO serve: request method=GET path=/mod/swarm status=200 duration=18.960577ms
2026/08/21 18:08:46 INFO serve: request method=GET path=/mod/live/history status=200 duration=2.612385ms
2026/08/21 18:08:46 INFO serve: request method=GET path=/mod/swarm status=200 duration=27.041615ms
2026/08/21 18:08:47 INFO serve: request method=GET path=/mod/live/history status=200 duration=2.574193ms
2026/08/21 18:08:47 INFO serve: request method=GET path=/mod/swarm status=200 duration=20.076038ms
2026/08/21 18:08:48 INFO serve: request method=GET path=/mod/live/history status=200 duration=1.974731ms
2026/08/21 18:08:48 INFO serve: request method=GET path=/mod/swarm status=200 duration=18.112077ms
2026/08/21 18:08:49 INFO serve: request method=GET path=/mod/live/history status=200 duration=1.640885ms
2026/08/21 18:08:49 INFO serve: request method=GET path=/mod/swarm status=200 duration=13.629231ms
2026/08/21 18:08:50 INFO serve: request method=GET path=/mod/live/history status=200 duration=3.8775ms
2026/08/21 18:08:50 INFO serve: request method=GET path=/mod/swarm status=200 duration=21.564923ms
2026/08/21 18:08:51 INFO serve: request method=GET path=/mod/live/history status=200 duration=2.421269ms
2026/08/21 18:08:51 INFO serve: request method=GET path=/mod/swarm status=200 duration=22.758539ms
2026/08/21 18:08:52 INFO serve: request method=GET path=/mod/live/history status=200 duration=3.063653ms
2026/08/21 18:08:52 INFO serve: request method=GET path=/mod/swarm status=200 duration=23.717192ms
2026/08/21 18:08:53 INFO serve: request method=GET path=/mod/live/history status=200 duration=2.221384ms
2026/08/21 18:08:53 INFO serve: request method=GET path=/mod/swarm status=200 duration=21.116538ms
2026/08/21 18:08:54 INFO serve: request method=GET path=/mod/live/history status=200 duration=1.659615ms
2026/08/21 18:08:54 INFO serve: request method=GET path=/mod/swarm status=200 duration=26.734885ms
2026/08/21 18:08:54 INFO serve: request method=GET path=/mod/live/history status=200 duration=1.891577ms
2026/08/21 18:08:54 INFO serve: request method=GET path=/mod/swarm status=200 duration=16.051077ms
2026/08/21 18:08:55 INFO serve: request method=GET path=/mod/live/history status=200 duration=3.031731ms
2026/08/21 18:08:55 INFO serve: request method=GET path=/history status=200 duration=1.724308ms
2026/08/21 18:08:55 INFO serve: request method=GET path=/mod/swarm status=200 duration=20.466538ms
2026/08/21 18:08:56 INFO serve: request method=GET path=/mod/live/history status=200 duration=2.606538ms
2026/08/21 18:08:56 INFO serve: request method=GET path=/history status=200 duration=1.868692ms
2026/08/21 18:08:56 INFO serve: request method=GET path=/mod/swarm status=200 duration=22.764ms
2026/08/21 18:08:57 INFO serve: request method=GET path=/mod/live/history status=200 duration=2.135962ms
2026/08/21 18:08:57 INFO serve: request method=GET path=/history status=200 duration=2.109577ms
2026/08/21 18:08:57 INFO serve: request method=GET path=/mod/swarm status=200 duration=22.699231ms
2026/08/21 18:08:58 INFO serve: request method=GET path=/mod/live/history status=200 duration=2.011308ms
2026/08/21 18:08:58 INFO serve: request method=GET path=/history status=200 duration=1.227693ms
2026/08/21 18:08:58 INFO serve: request method=GET path=/mod/swarm status=200 duration=11.620653ms
2026/08/21 18:08:59 INFO serve: request method=GET path=/mod/live/history status=200 duration=1.984077ms
2026/08/21 18:08:59 INFO serve: request method=GET path=/history status=200 duration=1.886308ms
2026/08/21 18:08:59 INFO serve: request method=GET path=/mod/swarm status=200 duration=17.486961ms
2026/08/21 18:09:00 INFO serve: request method=GET path=/mod/live/history status=200 duration=3.26377ms
2026/08/21 18:09:00 INFO serve: request method=GET path=/history status=200 duration=1.871615ms
2026/08/21 18:09:00 INFO serve: request method=GET path=/mod/swarm status=200 duration=17.489231ms
2026/08/21 18:09:01 INFO serve: request method=GET path=/mod/live/history status=200 duration=3.366577ms
2026/08/21 18:09:01 INFO serve: request method=GET path=/history status=200 duration=1.619962ms
2026/08/21 18:09:01 INFO serve: request method=GET path=/mod/swarm status=200 duration=26.528ms
2026/08/21 18:09:02 INFO serve: request method=GET path=/mod/live/history status=200 duration=2.911654ms
2026/08/21 18:09:02 INFO serve: request method=GET path=/history status=200 duration=1.921115ms
2026/08/21 18:09:02 INFO serve: request method=GET path=/mod/swarm status=200 duration=21.183ms
2026/08/21 18:09:03 INFO serve: request method=GET path=/mod/live/history status=200 duration=3.894731ms
2026/08/21 18:09:03 INFO serve: request method=GET path=/history status=200 duration=2.0715ms
2026/08/21 18:09:03 INFO serve: request method=GET path=/mod/swarm status=200 duration=21.4695ms
2026/08/21 18:09:03 INFO serve: request method=GET path=/mod/live/history status=200 duration=2.766808ms
2026/08/21 18:09:03 INFO serve: request method=GET path=/history status=200 duration=1.806731ms
2026/08/21 18:09:03 INFO serve: request method=GET path=/mod/swarm status=200 duration=20.446385ms
2026/08/21 18:09:04 INFO serve: request method=GET path=/mod/live/history status=200 duration=2.628846ms
2026/08/21 18:09:04 INFO serve: request method=GET path=/history status=200 duration=1.561231ms
2026/08/21 18:09:04 INFO serve: request method=GET path=/mod/swarm status=200 duration=14.658ms
2026/08/21 18:09:05 INFO serve: request method=GET path=/mod/live/history status=200 duration=2.712154ms
2026/08/21 18:09:05 INFO serve: request method=GET path=/history status=200 duration=1.615231ms
2026/08/21 18:09:05 INFO serve: request method=GET path=/mod/swarm status=200 duration=14.73477ms
2026/08/21 18:09:06 INFO serve: request method=GET path=/mod/live/history status=200 duration=3.575539ms
2026/08/21 18:09:06 INFO serve: request method=GET path=/history status=200 duration=1.905961ms
2026/08/21 18:09:06 INFO serve: request method=GET path=/mod/swarm status=200 duration=17.652115ms
2026/08/21 18:09:07 INFO serve: request method=GET path=/mod/live/history status=200 duration=3.437077ms
2026/08/21 18:09:07 INFO serve: request method=GET path=/history status=200 duration=5.004577ms
2026/08/21 18:09:07 INFO serve: request method=GET path=/mod/swarm status=200 duration=29.949269ms
2026/08/21 18:09:08 INFO serve: request method=GET path=/mod/live/history status=200 duration=2.293615ms
2026/08/21 18:09:08 INFO serve: request method=GET path=/history status=200 duration=2.519884ms
2026/08/21 18:09:08 INFO serve: request method=GET path=/mod/swarm status=200 duration=14.607038ms
2026/08/21 18:09:09 INFO serve: request method=GET path=/mod/live/history status=200 duration=3.932346ms
2026/08/21 18:09:09 INFO serve: request method=GET path=/history status=200 duration=2.328385ms
2026/08/21 18:09:09 INFO serve: request method=GET path=/mod/swarm status=200 duration=24.980192ms
2026/08/21 18:09:10 INFO serve: request method=GET path=/mod/live/history status=200 duration=2.713ms
2026/08/21 18:09:10 INFO serve: request method=GET path=/history status=200 duration=1.716077ms
2026/08/21 18:09:10 INFO serve: request method=GET path=/mod/live/history status=200 duration=2.184192ms
2026/08/21 18:09:10 INFO serve: request method=GET path=/history status=200 duration=1.340846ms
2026/08/21 18:09:10 INFO serve: request method=GET path=/mod/swarm status=200 duration=12.587538ms
2026/08/21 18:09:11 INFO serve: request method=GET path=/mod/live/history status=200 duration=2.118808ms
2026/08/21 18:09:11 INFO serve: request method=GET path=/history status=200 duration=1.325769ms
2026/08/21 18:09:11 INFO serve: request method=GET path=/mod/swarm status=200 duration=13.863115ms
2026/08/21 18:09:12 INFO serve: shutting down gracefully
reasonix serve — deepseek-v4-flash on http://127.0.0.1:46403
  auth: token
  share: http://127.0.0.1:46403/ (token in /root/.reasonix-mobile-v1/serve.token)
2026/08/21 18:09:16 INFO serve: request method=POST path=/auth/token status=204 duration=385.654µs
2026/08/21 18:09:16 INFO serve: request method=GET path=/mod/status status=200 duration=12.615308ms
2026/08/21 18:09:16 INFO serve: request method=GET path=/mod/live/history status=200 duration=271.923µs
2026/08/21 18:09:16 INFO serve: request method=GET path=/mod/swarm status=200 duration=20.690884ms
2026/08/21 18:09:16 INFO serve: shutting down gracefully
reasonix serve — deepseek-v4-flash on http://127.0.0.1:42901
  auth: token
  share: http://127.0.0.1:42901/ (token in /root/.reasonix-mobile-v1/serve.token)
2026/08/21 18:09:21 INFO serve: request method=POST path=/auth/token status=204 duration=98.693µs
2026/08/21 18:09:21 INFO serve: request method=GET path=/mod/status status=200 duration=4.740808ms
2026/08/21 18:09:21 INFO serve: request method=GET path=/mod/live/history status=200 duration=263.038µs
2026/08/21 18:09:21 INFO serve: request method=GET path=/mod/swarm status=200 duration=13.227885ms
  balance: $2.35
2026/08/21 18:10:03 INFO serve: request method=GET path=/mod/live/history status=200 duration=899.769µs
2026/08/21 18:10:04 INFO serve: request method=GET path=/mod/live/history status=200 duration=404.192µs
2026/08/21 18:10:04 INFO serve: request method=GET path=/mod/swarm status=200 duration=17.882192ms
2026/08/21 18:10:05 INFO serve: request method=GET path=/mod/live/history status=200 duration=227µs
2026/08/21 18:10:05 INFO serve: request method=GET path=/mod/swarm status=200 duration=17.486923ms
2026/08/21 18:10:20 INFO serve: request method=GET path=/mod/live/history status=200 duration=179.385µs
2026/08/21 18:10:21 INFO serve: request method=GET path=/mod/live/history status=200 duration=224.808µs
2026/08/21 18:10:21 INFO serve: request method=GET path=/mod/swarm status=200 duration=18.139846ms
2026/08/21 18:10:21 INFO serve: shutting down gracefully
reasonix serve — deepseek-v4-flash on http://127.0.0.1:40085
  auth: token
  share: http://127.0.0.1:40085/ (token in /root/.reasonix-mobile-v1/serve.token)
2026/08/21 18:10:26 INFO serve: request method=POST path=/auth/token status=204 duration=230.154µs
2026/08/21 18:10:26 INFO serve: request method=GET path=/mod/status status=200 duration=7.672308ms
2026/08/21 18:10:26 INFO serve: shutting down gracefully
reasonix serve — deepseek-v4-flash on http://127.0.0.1:33801
  auth: token
  share: http://127.0.0.1:33801/ (token in /root/.reasonix-mobile-v1/serve.token)
2026/08/21 18:10:31 INFO serve: request method=POST path=/auth/token status=204 duration=268.077µs
2026/08/21 18:10:31 INFO serve: request method=GET path=/mod/status status=200 duration=6.814346ms
2026/08/21 18:10:31 INFO serve: request method=GET path=/mod/live/history status=200 duration=418.692µs
2026/08/21 18:10:31 INFO serve: request method=POST path=/tool-approval-mode status=204 duration=1.255462ms
2026/08/21 18:10:31 INFO serve: request method=GET path=/mod/swarm status=200 duration=14.571654ms
2026/08/21 18:10:31 INFO serve: request method=POST path=/mod/app/task/start status=202 duration=9.904346ms
2026/08/21 18:10:31 INFO serve: request method=GET path=/mod/live/history status=200 duration=403.231µs
2026/08/21 18:10:32 INFO serve: request method=GET path=/mod/live/history status=200 duration=392.923µs
2026/08/21 18:10:32 INFO serve: request method=GET path=/mod/swarm status=200 duration=15.665385ms
  balance: $2.35
2026/08/21 18:10:33 INFO serve: request method=GET path=/mod/live/history status=200 duration=463.5µs
2026/08/21 18:10:33 INFO serve: request method=GET path=/mod/swarm status=200 duration=16.921731ms
2026/08/21 18:10:33 INFO serve: request method=GET path=/mod/live/history status=200 duration=357.192µs
2026/08/21 18:10:33 INFO serve: request method=GET path=/mod/swarm status=200 duration=25.615847ms
2026/08/21 18:10:34 INFO serve: request method=GET path=/mod/live/history status=200 duration=527.769µs
2026/08/21 18:10:34 INFO serve: request method=GET path=/mod/swarm status=200 duration=15.504808ms
2026/08/21 18:10:35 INFO serve: request method=GET path=/mod/live/history status=200 duration=429.693µs
2026/08/21 18:10:35 INFO serve: request method=GET path=/mod/swarm status=200 duration=42.578307ms
2026/08/21 18:10:36 INFO serve: request method=GET path=/mod/live/history status=200 duration=830.153µs
2026/08/21 18:10:36 INFO serve: request method=GET path=/mod/swarm status=200 duration=25.160154ms
2026/08/21 18:10:37 INFO serve: request method=GET path=/mod/live/history status=200 duration=359.192µs
2026/08/21 18:10:37 INFO serve: request method=GET path=/mod/swarm status=200 duration=16.009346ms
2026/08/21 18:10:38 INFO serve: request method=GET path=/mod/live/history status=200 duration=799.193µs
2026/08/21 18:10:38 INFO serve: request method=GET path=/mod/swarm status=200 duration=20.183115ms
2026/08/21 18:10:39 INFO serve: request method=GET path=/mod/live/history status=200 duration=581.116µs
2026/08/21 18:10:39 INFO serve: request method=GET path=/history status=200 duration=1.431654ms
2026/08/21 18:10:39 INFO serve: request method=GET path=/mod/swarm status=200 duration=12.738154ms
2026/08/21 18:10:40 INFO serve: request method=GET path=/mod/live/history status=200 duration=833.961µs
2026/08/21 18:10:40 INFO serve: request method=GET path=/history status=200 duration=1.256231ms
2026/08/21 18:10:40 INFO serve: request method=GET path=/mod/swarm status=200 duration=15.079269ms
2026/08/21 18:10:41 INFO serve: request method=GET path=/mod/live/history status=200 duration=801.423µs
2026/08/21 18:10:41 INFO serve: request method=GET path=/history status=200 duration=1.288731ms
2026/08/21 18:10:41 INFO serve: request method=GET path=/mod/swarm status=200 duration=12.731153ms
2026/08/21 18:10:42 INFO serve: request method=GET path=/mod/live/history status=200 duration=666.769µs
2026/08/21 18:10:42 INFO serve: request method=GET path=/history status=200 duration=1.862347ms
2026/08/21 18:10:42 INFO serve: request method=GET path=/mod/swarm status=200 duration=17.749423ms
2026/08/21 18:10:42 INFO serve: request method=GET path=/mod/live/history status=200 duration=535µs
2026/08/21 18:10:42 INFO serve: request method=GET path=/history status=200 duration=964.116µs
2026/08/21 18:10:42 INFO serve: request method=GET path=/mod/swarm status=200 duration=14.411ms
2026/08/21 18:10:43 INFO serve: request method=GET path=/mod/live/history status=200 duration=960µs
2026/08/21 18:10:43 INFO serve: request method=GET path=/history status=200 duration=1.313115ms
2026/08/21 18:10:43 INFO serve: request method=GET path=/mod/swarm status=200 duration=19.305692ms
2026/08/21 18:10:44 INFO serve: request method=GET path=/mod/live/history status=200 duration=652µs
2026/08/21 18:10:44 INFO serve: request method=GET path=/history status=200 duration=1.287654ms
2026/08/21 18:10:44 INFO serve: request method=GET path=/mod/swarm status=200 duration=16.569538ms
2026/08/21 18:10:45 INFO serve: request method=GET path=/mod/live/history status=200 duration=511.539µs
2026/08/21 18:10:45 INFO serve: request method=GET path=/history status=200 duration=1.062577ms
2026/08/21 18:10:45 INFO serve: request method=GET path=/mod/swarm status=200 duration=15.160731ms
2026/08/21 18:10:46 INFO serve: request method=GET path=/mod/live/history status=200 duration=504.039µs
2026/08/21 18:10:46 INFO serve: request method=GET path=/history status=200 duration=1.387269ms
2026/08/21 18:10:46 INFO serve: request method=GET path=/mod/swarm status=200 duration=17.144923ms
2026/08/21 18:11:50 INFO serve: request method=GET path=/mod/live/history status=200 duration=580.961µs
2026/08/21 18:11:50 INFO serve: request method=GET path=/history status=200 duration=1.191769ms
2026/08/21 18:11:51 INFO serve: request method=GET path=/mod/live/history status=200 duration=894.039µs
2026/08/21 18:11:51 INFO serve: request method=GET path=/history status=200 duration=1.275923ms
2026/08/21 18:11:51 INFO serve: request method=GET path=/mod/swarm status=200 duration=24.002423ms
2026/08/21 18:11:51 INFO serve: request method=GET path=/mod/live/history status=200 duration=717.923µs
2026/08/21 18:11:51 INFO serve: request method=GET path=/history status=200 duration=1.160231ms
2026/08/21 18:11:51 INFO serve: request method=GET path=/mod/swarm status=200 duration=16.621077ms
2026/08/21 18:11:52 INFO serve: request method=GET path=/mod/live/history status=200 duration=564.846µs
2026/08/21 18:11:52 INFO serve: request method=GET path=/history status=200 duration=1.410461ms
2026/08/21 18:11:52 INFO serve: request method=GET path=/mod/swarm status=200 duration=19.652846ms
2026/08/21 18:11:53 INFO serve: request method=GET path=/mod/live/history status=200 duration=533.077µs
2026/08/21 18:11:53 INFO serve: request method=GET path=/history status=200 duration=1.030116ms
2026/08/21 18:11:53 INFO serve: request method=GET path=/mod/swarm status=200 duration=14.2525ms
2026/08/21 18:11:54 INFO serve: request method=GET path=/mod/live/history status=200 duration=3.699923ms
2026/08/21 18:11:54 INFO serve: request method=GET path=/history status=200 duration=1.776731ms
2026/08/21 18:11:54 INFO serve: request method=GET path=/mod/swarm status=200 duration=25.821154ms
2026/08/21 18:11:55 INFO serve: request method=GET path=/mod/live/history status=200 duration=841.27µs
2026/08/21 18:11:55 INFO serve: request method=GET path=/history status=200 duration=2.025115ms
2026/08/21 18:11:55 INFO serve: request method=GET path=/mod/swarm status=200 duration=21.028654ms
2026/08/21 18:11:56 INFO serve: request method=GET path=/mod/live/history status=200 duration=1.230154ms
2026/08/21 18:11:56 INFO serve: request method=GET path=/history status=200 duration=1.748308ms
2026/08/21 18:11:56 INFO serve: request method=GET path=/mod/swarm status=200 duration=17.966154ms
2026/08/21 18:11:57 INFO serve: request method=GET path=/mod/live/history status=200 duration=780.654µs
2026/08/21 18:11:57 INFO serve: request method=GET path=/history status=200 duration=1.453077ms
2026/08/21 18:11:57 INFO serve: request method=GET path=/mod/swarm status=200 duration=17.113961ms
2026/08/21 18:11:58 INFO serve: request method=GET path=/mod/live/history status=200 duration=683.154µs
2026/08/21 18:11:58 INFO serve: request method=GET path=/history status=200 duration=1.255885ms
2026/08/21 18:11:58 INFO serve: request method=GET path=/mod/swarm status=200 duration=12.972077ms
2026/08/21 18:11:59 INFO serve: request method=GET path=/mod/live/history status=200 duration=783.038µs
2026/08/21 18:11:59 INFO serve: request method=GET path=/history status=200 duration=1.871ms
2026/08/21 18:11:59 INFO serve: request method=GET path=/mod/swarm status=200 duration=19.912ms
2026/08/21 18:12:00 INFO serve: request method=GET path=/mod/live/history status=200 duration=598.808µs
2026/08/21 18:12:00 INFO serve: request method=GET path=/history status=200 duration=1.201192ms
2026/08/21 18:12:00 INFO serve: request method=GET path=/mod/swarm status=200 duration=23.140885ms
2026/08/21 18:12:11 INFO serve: request method=GET path=/mod/live/history status=200 duration=504.538µs
2026/08/21 18:12:11 INFO serve: request method=GET path=/history status=200 duration=1.189116ms
2026/08/21 18:12:11 INFO serve: request method=GET path=/mod/live/history status=200 duration=643.193µs
2026/08/21 18:12:11 INFO serve: request method=GET path=/history status=200 duration=1.659846ms
2026/08/21 18:12:11 INFO serve: request method=GET path=/mod/swarm status=200 duration=17.175577ms
2026/08/21 18:12:12 INFO serve: request method=GET path=/mod/live/history status=200 duration=1.078615ms
2026/08/21 18:12:12 INFO serve: request method=GET path=/history status=200 duration=1.677154ms
2026/08/21 18:12:12 INFO serve: request method=GET path=/mod/swarm status=200 duration=17.518807ms
2026/08/21 18:12:13 INFO serve: request method=GET path=/mod/live/history status=200 duration=666.846µs
2026/08/21 18:12:13 INFO serve: request method=GET path=/history status=200 duration=1.076923ms
2026/08/21 18:12:13 INFO serve: request method=GET path=/mod/swarm status=200 duration=16.815923ms
2026/08/21 18:12:14 INFO serve: request method=GET path=/mod/live/history status=200 duration=680.039µs
2026/08/21 18:12:14 INFO serve: request method=GET path=/history status=200 duration=1.321615ms
2026/08/21 18:12:14 INFO serve: request method=GET path=/mod/swarm status=200 duration=25.539077ms
2026/08/21 18:12:14 INFO serve: shutting down gracefully
reasonix serve — deepseek-v4-flash on http://127.0.0.1:38383
  auth: token
  share: http://127.0.0.1:38383/ (token in /root/.reasonix-mobile-v1/serve.token)
2026/08/21 18:12:18 INFO serve: request method=POST path=/auth/token status=204 duration=179.154µs
2026/08/21 18:12:18 INFO serve: request method=GET path=/mod/status status=200 duration=5.532731ms
2026/08/21 18:12:18 INFO serve: request method=GET path=/mod/live/history status=200 duration=229.115µs
2026/08/21 18:12:18 INFO serve: request method=GET path=/mod/swarm status=200 duration=16.353731ms
2026/08/21 18:12:19 INFO serve: request method=GET path=/mod/live/history status=200 duration=146.924µs
2026/08/21 18:12:19 INFO serve: request method=GET path=/mod/swarm status=200 duration=14.859807ms
  balance: $2.35
2026/08/21 18:12:20 INFO serve: request method=GET path=/mod/live/history status=200 duration=265.923µs
2026/08/21 18:12:20 INFO serve: request method=GET path=/mod/swarm status=200 duration=14.680077ms
2026/08/21 18:12:20 INFO serve: request method=GET path=/mod/live/history status=200 duration=870.269µs
2026/08/21 18:12:20 INFO serve: request method=GET path=/mod/swarm status=200 duration=12.412038ms
2026/08/21 18:12:21 INFO serve: request method=POST path=/tool-approval-mode status=204 duration=301.346µs
2026/08/21 18:12:21 INFO serve: request method=POST path=/mod/app/task/start status=202 duration=17.289731ms
2026/08/21 18:12:21 INFO serve: request method=GET path=/mod/live/history status=200 duration=220.347µs
2026/08/21 18:12:22 INFO serve: request method=GET path=/mod/live/history status=200 duration=2.579423ms
2026/08/21 18:12:22 INFO serve: request method=GET path=/mod/swarm status=200 duration=20.387192ms
2026/08/21 18:12:23 INFO serve: request method=GET path=/mod/live/history status=200 duration=493.731µs
2026/08/21 18:12:23 INFO serve: request method=GET path=/mod/swarm status=200 duration=18.579308ms
2026/08/21 18:12:24 INFO serve: request method=GET path=/mod/live/history status=200 duration=408.769µs
2026/08/21 18:12:24 INFO serve: request method=GET path=/mod/swarm status=200 duration=18.147615ms
2026/08/21 18:12:25 INFO serve: request method=GET path=/mod/live/history status=200 duration=730.769µs
2026/08/21 18:12:25 INFO serve: request method=GET path=/mod/swarm status=200 duration=21.31673ms
2026/08/21 18:12:25 INFO serve: request method=GET path=/mod/live/history status=200 duration=1.364423ms
2026/08/21 18:12:25 INFO serve: request method=GET path=/mod/swarm status=200 duration=21.379769ms
2026/08/21 18:12:26 INFO serve: request method=GET path=/mod/live/history status=200 duration=629.038µs
2026/08/21 18:12:26 INFO serve: request method=GET path=/mod/swarm status=200 duration=19.899231ms
2026/08/21 18:12:27 INFO serve: request method=GET path=/mod/live/history status=200 duration=916.038µs
2026/08/21 18:12:27 INFO serve: request method=GET path=/mod/swarm status=200 duration=19.039115ms
2026/08/21 18:12:28 INFO serve: request method=GET path=/mod/live/history status=200 duration=606.846µs
2026/08/21 18:12:28 INFO serve: request method=GET path=/mod/swarm status=200 duration=19.167461ms
2026/08/21 18:12:29 INFO serve: request method=GET path=/mod/live/history status=200 duration=294.5µs
2026/08/21 18:12:29 INFO serve: request method=GET path=/mod/swarm status=200 duration=15.942038ms
2026/08/21 18:12:30 INFO serve: request method=GET path=/mod/live/history status=200 duration=577.654µs
2026/08/21 18:12:30 INFO serve: request method=GET path=/mod/swarm status=200 duration=29.549384ms
2026/08/21 18:12:31 INFO serve: request method=GET path=/mod/live/history status=200 duration=655.923µs
2026/08/21 18:12:31 INFO serve: request method=GET path=/mod/swarm status=200 duration=31.204115ms
2026/08/21 18:12:32 INFO serve: request method=GET path=/mod/live/history status=200 duration=641.808µs
2026/08/21 18:12:32 INFO serve: request method=GET path=/mod/swarm status=200 duration=21.722769ms
2026/08/21 18:12:33 INFO serve: request method=GET path=/mod/live/history status=200 duration=1.226807ms
2026/08/21 18:12:33 INFO serve: request method=GET path=/mod/swarm status=200 duration=29.300192ms
2026/08/21 18:12:34 INFO serve: request method=GET path=/mod/live/history status=200 duration=415.153µs
2026/08/21 18:12:34 INFO serve: request method=GET path=/history status=200 duration=2.082962ms
2026/08/21 18:12:34 INFO serve: request method=GET path=/mod/swarm status=200 duration=12.953769ms
2026/08/21 18:12:34 INFO serve: request method=GET path=/mod/live/history status=200 duration=784.731µs
2026/08/21 18:12:34 INFO serve: request method=GET path=/history status=200 duration=3.2185ms
2026/08/21 18:12:34 INFO serve: request method=GET path=/mod/swarm status=200 duration=22.098039ms
2026/08/21 18:12:35 INFO serve: request method=GET path=/mod/live/history status=200 duration=972.347µs
2026/08/21 18:12:35 INFO serve: request method=GET path=/history status=200 duration=2.133384ms
2026/08/21 18:12:35 INFO serve: request method=GET path=/mod/swarm status=200 duration=22.514923ms
2026/08/21 18:12:36 INFO serve: request method=GET path=/mod/live/history status=200 duration=720.923µs
2026/08/21 18:12:36 INFO serve: request method=GET path=/history status=200 duration=1.652808ms
2026/08/21 18:12:36 INFO serve: request method=GET path=/mod/swarm status=200 duration=26.894692ms
2026/08/21 18:12:37 INFO serve: request method=GET path=/mod/live/history status=200 duration=695.807µs
2026/08/21 18:12:37 INFO serve: request method=GET path=/history status=200 duration=1.827423ms
2026/08/21 18:12:37 INFO serve: request method=GET path=/mod/swarm status=200 duration=22.615807ms
2026/08/21 18:12:38 INFO serve: request method=GET path=/mod/live/history status=200 duration=1.219616ms
2026/08/21 18:12:38 INFO serve: request method=GET path=/history status=200 duration=1.640885ms
2026/08/21 18:12:38 INFO serve: request method=GET path=/mod/swarm status=200 duration=22.387615ms
2026/08/21 18:12:39 INFO serve: request method=GET path=/mod/live/history status=200 duration=780.692µs
2026/08/21 18:12:39 INFO serve: request method=GET path=/history status=200 duration=1.675923ms
2026/08/21 18:12:39 INFO serve: request method=GET path=/mod/swarm status=200 duration=18.094308ms
2026/08/21 18:12:40 INFO serve: request method=GET path=/mod/live/history status=200 duration=650.423µs
2026/08/21 18:12:40 INFO serve: request method=GET path=/history status=200 duration=1.457615ms
2026/08/21 18:12:40 INFO serve: request method=GET path=/mod/swarm status=200 duration=16.917116ms
2026/08/21 18:12:41 INFO serve: request method=GET path=/mod/live/history status=200 duration=685.269µs
2026/08/21 18:12:41 INFO serve: request method=GET path=/history status=200 duration=1.778539ms
2026/08/21 18:12:41 INFO serve: request method=GET path=/mod/swarm status=200 duration=16.137384ms
2026/08/21 18:12:42 INFO serve: request method=GET path=/mod/live/history status=200 duration=866.385µs
2026/08/21 18:12:42 INFO serve: request method=GET path=/history status=200 duration=1.378039ms
2026/08/21 18:12:42 INFO serve: request method=GET path=/mod/swarm status=200 duration=17.220423ms
2026/08/21 18:12:43 INFO serve: request method=GET path=/mod/live/history status=200 duration=613.539µs
2026/08/21 18:12:43 INFO serve: request method=GET path=/history status=200 duration=1.78ms
2026/08/21 18:12:43 INFO serve: request method=GET path=/mod/swarm status=200 duration=20.503654ms
2026/08/21 18:12:43 INFO serve: request method=GET path=/mod/live/history status=200 duration=977.116µs
2026/08/21 18:12:43 INFO serve: request method=GET path=/history status=200 duration=1.168231ms
2026/08/21 18:12:43 INFO serve: request method=GET path=/mod/swarm status=200 duration=18.978884ms
2026/08/21 18:12:44 INFO serve: request method=GET path=/mod/live/history status=200 duration=782µs
2026/08/21 18:12:44 INFO serve: request method=GET path=/history status=200 duration=1.53573ms
2026/08/21 18:12:44 INFO serve: request method=GET path=/mod/swarm status=200 duration=18.884039ms
2026/08/21 18:12:45 INFO serve: request method=GET path=/mod/live/history status=200 duration=1.310192ms
2026/08/21 18:12:45 INFO serve: request method=GET path=/history status=200 duration=1.34473ms
2026/08/21 18:12:45 INFO serve: request method=GET path=/mod/swarm status=200 duration=19.541384ms
2026/08/21 18:12:46 INFO serve: request method=GET path=/mod/live/history status=200 duration=960.769µs
2026/08/21 18:12:46 INFO serve: request method=GET path=/history status=200 duration=1.561731ms
2026/08/21 18:12:46 INFO serve: request method=GET path=/mod/swarm status=200 duration=20.601846ms
2026/08/21 18:12:47 INFO serve: request method=GET path=/mod/live/history status=200 duration=652µs
2026/08/21 18:12:47 INFO serve: request method=GET path=/history status=200 duration=2.105884ms
2026/08/21 18:12:47 INFO serve: request method=GET path=/mod/swarm status=200 duration=30.482769ms
2026/08/21 18:12:48 INFO serve: request method=GET path=/mod/live/history status=200 duration=801.269µs
2026/08/21 18:12:48 INFO serve: request method=GET path=/history status=200 duration=2.13ms
2026/08/21 18:12:48 INFO serve: request method=GET path=/mod/swarm status=200 duration=26.515346ms
2026/08/21 18:12:49 INFO serve: request method=GET path=/mod/live/history status=200 duration=857.347µs
2026/08/21 18:12:49 INFO serve: request method=GET path=/history status=200 duration=2.114269ms
2026/08/21 18:12:49 INFO serve: request method=GET path=/mod/swarm status=200 duration=24.883423ms
2026/08/21 18:12:50 INFO serve: request method=GET path=/mod/live/history status=200 duration=552.461µs
2026/08/21 18:12:50 INFO serve: request method=GET path=/history status=200 duration=1.280923ms
2026/08/21 18:12:50 INFO serve: request method=GET path=/mod/swarm status=200 duration=15.619384ms
2026/08/21 18:13:11 INFO serve: request method=GET path=/mod/live/history status=200 duration=629.616µs
2026/08/21 18:13:11 INFO serve: request method=GET path=/history status=200 duration=1.423692ms
2026/08/21 18:13:12 INFO serve: request method=GET path=/mod/live/history status=200 duration=861.154µs
2026/08/21 18:13:12 INFO serve: request method=GET path=/history status=200 duration=979.461µs
2026/08/21 18:13:12 INFO serve: request method=GET path=/mod/swarm status=200 duration=14.4085ms
2026/08/21 18:13:13 INFO serve: request method=GET path=/mod/live/history status=200 duration=1.070808ms
2026/08/21 18:13:13 INFO serve: request method=GET path=/history status=200 duration=1.090692ms
2026/08/21 18:13:13 INFO serve: request method=GET path=/mod/swarm status=200 duration=14.226654ms
2026/08/21 18:13:23 INFO serve: request method=GET path=/mod/live/history status=200 duration=631.654µs
2026/08/21 18:13:23 INFO serve: request method=GET path=/history status=200 duration=1.224731ms
2026/08/21 18:13:24 INFO serve: request method=GET path=/mod/live/history status=200 duration=617µs
2026/08/21 18:13:24 INFO serve: request method=GET path=/history status=200 duration=1.258115ms
2026/08/21 18:13:24 INFO serve: request method=GET path=/mod/swarm status=200 duration=13.119077ms
2026/08/21 18:13:25 INFO serve: request method=GET path=/mod/live/history status=200 duration=871µs
2026/08/21 18:13:25 INFO serve: request method=GET path=/history status=200 duration=1.343461ms
2026/08/21 18:13:25 INFO serve: request method=GET path=/mod/swarm status=200 duration=19.305538ms
2026/08/21 18:13:26 INFO serve: request method=GET path=/mod/live/history status=200 duration=676.5µs
2026/08/21 18:13:26 INFO serve: request method=GET path=/history status=200 duration=5.049039ms
2026/08/21 18:13:26 INFO serve: request method=GET path=/mod/swarm status=200 duration=23.152269ms
2026/08/21 18:13:27 INFO serve: request method=POST path=/tool-approval-mode status=204 duration=392.5µs
2026/08/21 18:13:27 INFO serve: request method=POST path=/mod/app/task/start status=202 duration=4.390884ms
2026/08/21 18:13:27 INFO serve: request method=GET path=/mod/live/history status=200 duration=585.346µs
2026/08/21 18:13:27 INFO serve: request method=GET path=/history status=200 duration=1.418961ms
2026/08/21 18:13:28 INFO serve: request method=GET path=/mod/live/history status=200 duration=521µs
2026/08/21 18:13:28 INFO serve: request method=GET path=/history status=200 duration=1.257808ms
2026/08/21 18:13:28 INFO serve: request method=GET path=/mod/swarm status=200 duration=19.580115ms
2026/08/21 18:13:29 INFO serve: request method=GET path=/mod/live/history status=200 duration=976.654µs
2026/08/21 18:13:29 INFO serve: request method=GET path=/history status=200 duration=4.383885ms
2026/08/21 18:13:29 INFO serve: request method=GET path=/mod/swarm status=200 duration=19.887462ms
2026/08/21 18:13:30 INFO serve: request method=GET path=/mod/live/history status=200 duration=892.77µs
2026/08/21 18:13:30 INFO serve: request method=GET path=/history status=200 duration=1.514576ms
2026/08/21 18:13:30 INFO serve: request method=GET path=/mod/swarm status=200 duration=30.143769ms
2026/08/21 18:13:31 INFO serve: request method=GET path=/mod/live/history status=200 duration=919.307µs
2026/08/21 18:13:31 INFO serve: request method=GET path=/history status=200 duration=1.391923ms
2026/08/21 18:13:31 INFO serve: request method=GET path=/mod/swarm status=200 duration=19.2075ms
2026/08/21 18:13:31 INFO serve: request method=GET path=/mod/live/history status=200 duration=841.539µs
2026/08/21 18:13:31 INFO serve: request method=GET path=/history status=200 duration=1.452ms
2026/08/21 18:13:31 INFO serve: request method=GET path=/mod/swarm status=200 duration=17.919885ms
2026/08/21 18:13:32 INFO serve: request method=GET path=/mod/live/history status=200 duration=1.554115ms
2026/08/21 18:13:32 INFO serve: request method=GET path=/history status=200 duration=1.733116ms
2026/08/21 18:13:32 INFO serve: request method=GET path=/mod/swarm status=200 duration=19.984231ms
2026/08/21 18:13:33 INFO serve: request method=GET path=/mod/live/history status=200 duration=1.025538ms
2026/08/21 18:13:33 INFO serve: request method=GET path=/history status=200 duration=1.752731ms
2026/08/21 18:13:33 INFO serve: request method=GET path=/mod/swarm status=200 duration=17.952231ms
2026/08/21 18:13:34 INFO serve: request method=GET path=/mod/live/history status=200 duration=1.0535ms
2026/08/21 18:13:34 INFO serve: request method=GET path=/history status=200 duration=1.221038ms
2026/08/21 18:13:34 INFO serve: request method=GET path=/mod/swarm status=200 duration=16.158423ms
2026/08/21 18:13:35 INFO serve: request method=GET path=/mod/live/history status=200 duration=1.127154ms
2026/08/21 18:13:35 INFO serve: request method=GET path=/history status=200 duration=1.500269ms
2026/08/21 18:13:35 INFO serve: request method=GET path=/mod/swarm status=200 duration=28.601538ms
2026/08/21 18:13:36 INFO serve: request method=GET path=/mod/live/history status=200 duration=1.070039ms
2026/08/21 18:13:36 INFO serve: request method=GET path=/history status=200 duration=2.141462ms
2026/08/21 18:13:36 INFO serve: request method=GET path=/mod/swarm status=200 duration=18.242462ms
2026/08/21 18:13:37 INFO serve: request method=GET path=/mod/live/history status=200 duration=1.204539ms
2026/08/21 18:13:37 INFO serve: request method=GET path=/history status=200 duration=1.653423ms
2026/08/21 18:13:37 INFO serve: request method=GET path=/mod/swarm status=200 duration=23.379077ms
2026/08/21 18:13:38 INFO serve: request method=GET path=/mod/live/history status=200 duration=1.836193ms
2026/08/21 18:13:38 INFO serve: request method=GET path=/history status=200 duration=1.245769ms
2026/08/21 18:13:38 INFO serve: request method=GET path=/mod/swarm status=200 duration=21.288192ms
2026/08/21 18:13:39 INFO serve: request method=GET path=/mod/live/history status=200 duration=1.083538ms
2026/08/21 18:13:39 INFO serve: request method=GET path=/history status=200 duration=779.23µs
2026/08/21 18:13:39 INFO serve: request method=GET path=/mod/swarm status=200 duration=29.042731ms
2026/08/21 18:13:40 INFO serve: request method=GET path=/mod/live/history status=200 duration=1.37773ms
2026/08/21 18:13:40 INFO serve: request method=GET path=/history status=200 duration=1.588577ms
2026/08/21 18:13:40 INFO serve: request method=GET path=/mod/swarm status=200 duration=25.724692ms
2026/08/21 18:13:40 INFO serve: request method=GET path=/mod/live/history status=200 duration=1.178424ms
2026/08/21 18:13:40 INFO serve: request method=GET path=/history status=200 duration=1.184577ms
2026/08/21 18:13:41 INFO serve: request method=GET path=/mod/swarm status=200 duration=20.792308ms
2026/08/21 18:13:41 INFO serve: request method=GET path=/mod/live/history status=200 duration=1.043269ms
2026/08/21 18:13:41 INFO serve: request method=GET path=/history status=200 duration=1.736115ms
2026/08/21 18:13:41 INFO serve: request method=GET path=/mod/swarm status=200 duration=22.818308ms
2026/08/21 18:13:42 INFO serve: request method=GET path=/mod/live/history status=200 duration=1.268269ms
2026/08/21 18:13:42 INFO serve: request method=GET path=/history status=200 duration=3.31427ms
2026/08/21 18:13:42 INFO serve: request method=GET path=/mod/swarm status=200 duration=22.338846ms
2026/08/21 18:13:43 INFO serve: request method=POST path=/mod/app/task/stop status=204 duration=689.423µs
2026/08/21 18:13:43 INFO serve: request method=GET path=/mod/live/history status=200 duration=1.035961ms
2026/08/21 18:13:43 INFO serve: request method=GET path=/history status=200 duration=1.280308ms
2026/08/21 18:13:43 INFO serve: request method=GET path=/mod/swarm status=200 duration=17.356077ms
2026/08/21 18:13:44 INFO serve: request method=GET path=/mod/live/history status=200 duration=869.731µs
2026/08/21 18:13:44 INFO serve: request method=GET path=/history status=200 duration=1.741539ms
2026/08/21 18:13:44 INFO serve: request method=GET path=/mod/swarm status=200 duration=15.780769ms
2026/08/21 18:13:45 INFO serve: request method=POST path=/tool-approval-mode status=204 duration=313.077µs
2026/08/21 18:13:45 INFO serve: request method=POST path=/mod/app/task/start status=202 duration=5.677462ms
2026/08/21 18:13:45 INFO serve: request method=GET path=/mod/live/history status=200 duration=1.604154ms
2026/08/21 18:13:45 INFO serve: request method=GET path=/history status=200 duration=1.9975ms
2026/08/21 18:13:46 INFO serve: request method=GET path=/mod/live/history status=200 duration=1.867193ms
2026/08/21 18:13:46 INFO serve: request method=GET path=/history status=200 duration=4.604808ms
2026/08/21 18:13:46 INFO serve: request method=GET path=/mod/swarm status=200 duration=35.468308ms
2026/08/21 18:13:47 INFO serve: request method=GET path=/mod/live/history status=200 duration=812.423µs
2026/08/21 18:13:47 INFO serve: request method=GET path=/history status=200 duration=1.263692ms
2026/08/21 18:13:47 INFO serve: request method=GET path=/mod/swarm status=200 duration=14.062923ms
2026/08/21 18:13:48 INFO serve: request method=GET path=/mod/live/history status=200 duration=2.102808ms
2026/08/21 18:13:48 INFO serve: request method=GET path=/history status=200 duration=1.400269ms
2026/08/21 18:13:48 INFO serve: request method=GET path=/mod/swarm status=200 duration=21.457308ms
2026/08/21 18:13:48 INFO serve: request method=GET path=/mod/live/history status=200 duration=2.270961ms
2026/08/21 18:13:48 INFO serve: request method=GET path=/history status=200 duration=1.925962ms
2026/08/21 18:13:48 INFO serve: request method=GET path=/mod/swarm status=200 duration=27.313385ms
2026/08/21 18:13:49 INFO serve: request method=GET path=/mod/live/history status=200 duration=2.054923ms
2026/08/21 18:13:49 INFO serve: request method=GET path=/history status=200 duration=1.738654ms
2026/08/21 18:13:49 INFO serve: request method=GET path=/mod/swarm status=200 duration=20.679539ms
2026/08/21 18:13:50 INFO serve: request method=GET path=/mod/live/history status=200 duration=3.243038ms
2026/08/21 18:13:50 INFO serve: request method=GET path=/history status=200 duration=1.279ms
2026/08/21 18:13:50 INFO serve: request method=GET path=/mod/swarm status=200 duration=12.58073ms
2026/08/21 18:13:51 INFO serve: request method=GET path=/mod/live/history status=200 duration=2.359461ms
2026/08/21 18:13:51 INFO serve: request method=GET path=/history status=200 duration=2.486923ms
2026/08/21 18:13:51 INFO serve: request method=GET path=/mod/swarm status=200 duration=31.513346ms
2026/08/21 18:13:52 INFO serve: request method=GET path=/mod/live/history status=200 duration=2.170116ms
2026/08/21 18:13:52 INFO serve: request method=GET path=/history status=200 duration=1.367308ms
2026/08/21 18:13:52 INFO serve: request method=GET path=/mod/swarm status=200 duration=30.706616ms
2026/08/21 18:13:53 INFO serve: request method=GET path=/mod/live/history status=200 duration=3.673423ms
2026/08/21 18:13:53 INFO serve: request method=GET path=/history status=200 duration=1.613539ms
2026/08/21 18:13:53 INFO serve: request method=GET path=/mod/swarm status=200 duration=21.305538ms
2026/08/21 18:13:54 INFO serve: request method=GET path=/mod/live/history status=200 duration=1.848654ms
2026/08/21 18:13:54 INFO serve: request method=GET path=/history status=200 duration=1.428731ms
2026/08/21 18:13:54 INFO serve: request method=GET path=/mod/swarm status=200 duration=21.146269ms
2026/08/21 18:13:55 INFO serve: request method=GET path=/mod/live/history status=200 duration=1.905423ms
2026/08/21 18:13:55 INFO serve: request method=GET path=/history status=200 duration=1.6515ms
2026/08/21 18:13:55 INFO serve: request method=GET path=/mod/swarm status=200 duration=16.251116ms
2026/08/21 18:13:56 INFO serve: request method=GET path=/mod/live/history status=200 duration=2.027807ms
2026/08/21 18:13:56 INFO serve: request method=GET path=/history status=200 duration=1.438385ms
2026/08/21 18:13:56 INFO serve: request method=GET path=/mod/swarm status=200 duration=19.077846ms
2026/08/21 18:13:57 INFO serve: request method=GET path=/mod/live/history status=200 duration=2.346116ms
2026/08/21 18:13:57 INFO serve: request method=GET path=/history status=200 duration=2.160423ms
2026/08/21 18:13:57 INFO serve: request method=GET path=/mod/swarm status=200 duration=21.2065ms
2026/08/21 18:13:57 INFO serve: request method=GET path=/mod/live/history status=200 duration=2.302077ms
2026/08/21 18:13:57 INFO serve: request method=GET path=/history status=200 duration=1.648731ms
2026/08/21 18:13:57 INFO serve: request method=GET path=/mod/swarm status=200 duration=24.990077ms
2026/08/21 18:13:58 INFO serve: request method=GET path=/mod/live/history status=200 duration=2.605923ms
2026/08/21 18:13:58 INFO serve: request method=GET path=/history status=200 duration=1.505269ms
2026/08/21 18:13:58 INFO serve: request method=GET path=/mod/swarm status=200 duration=23.591846ms
2026/08/21 18:13:59 INFO serve: request method=GET path=/mod/live/history status=200 duration=2.803615ms
2026/08/21 18:13:59 INFO serve: request method=GET path=/history status=200 duration=2.058307ms
2026/08/21 18:13:59 INFO serve: request method=GET path=/mod/swarm status=200 duration=26.273231ms
2026/08/21 18:14:00 INFO serve: request method=GET path=/mod/live/history status=200 duration=1.990193ms
2026/08/21 18:14:00 INFO serve: request method=GET path=/history status=200 duration=1.536961ms
2026/08/21 18:14:00 INFO serve: request method=GET path=/mod/swarm status=200 duration=35.576231ms
2026/08/21 18:14:01 INFO serve: request method=GET path=/mod/live/history status=200 duration=3.487115ms
2026/08/21 18:14:01 INFO serve: request method=GET path=/history status=200 duration=1.426884ms
2026/08/21 18:14:01 INFO serve: request method=GET path=/mod/swarm status=200 duration=60.855192ms
2026/08/21 18:15:56 INFO serve: request method=GET path=/mod/live/history status=200 duration=3.177154ms
2026/08/21 18:15:56 INFO serve: request method=GET path=/history status=200 duration=1.539847ms
2026/08/21 18:15:57 INFO serve: request method=GET path=/mod/live/history status=200 duration=2.891885ms
2026/08/21 18:15:57 INFO serve: request method=GET path=/history status=200 duration=1.749692ms
2026/08/21 18:15:57 INFO serve: request method=GET path=/mod/swarm status=200 duration=15.186769ms
2026/08/21 18:15:58 INFO serve: request method=GET path=/mod/status status=200 duration=5.993385ms
2026/08/21 18:15:58 INFO serve: request method=GET path=/mod/app/contract status=200 duration=1.442808ms
2026/08/21 18:15:58 INFO serve: request method=GET path=/mod/live/history status=200 duration=3.037615ms
2026/08/21 18:15:58 INFO serve: request method=GET path=/mod/live/history status=200 duration=5.035423ms
2026/08/21 18:15:58 INFO serve: request method=GET path=/history status=200 duration=1.882654ms
2026/08/21 18:15:58 INFO serve: request method=GET path=/mod/swarm status=200 duration=18.749616ms
2026/08/21 18:15:59 INFO serve: request method=GET path=/mod/live/history status=200 duration=3.575269ms
2026/08/21 18:15:59 INFO serve: request method=GET path=/history status=200 duration=2.060153ms
2026/08/21 18:15:59 INFO serve: request method=GET path=/mod/swarm status=200 duration=18.096384ms
2026/08/21 18:16:00 INFO serve: request method=GET path=/mod/status status=200 duration=7.991577ms
2026/08/21 18:16:00 INFO serve: request method=GET path=/mod/app/contract status=200 duration=1.639346ms
2026/08/21 18:16:00 INFO serve: request method=GET path=/mod/live/history status=200 duration=7.91373ms
2026/08/21 18:16:00 INFO serve: request method=GET path=/mod/live/history status=200 duration=3.278846ms
2026/08/21 18:16:00 INFO serve: request method=GET path=/history status=200 duration=2.291577ms
2026/08/21 18:16:00 INFO serve: request method=GET path=/mod/swarm status=200 duration=17.713577ms
2026/08/21 18:16:01 INFO serve: request method=GET path=/mod/live/history status=200 duration=5.504423ms
2026/08/21 18:16:01 INFO serve: request method=GET path=/history status=200 duration=1.696807ms
2026/08/21 18:16:01 INFO serve: request method=GET path=/mod/swarm status=200 duration=25.14827ms
2026/08/21 18:16:02 INFO serve: request method=GET path=/mod/live/history status=200 duration=4.225538ms
2026/08/21 18:16:02 INFO serve: request method=GET path=/history status=200 duration=1.7335ms
2026/08/21 18:16:02 INFO serve: request method=GET path=/mod/swarm status=200 duration=36.018269ms
2026/08/21 18:16:03 INFO serve: request method=GET path=/mod/live/history status=200 duration=3.611385ms
2026/08/21 18:16:03 INFO serve: request method=GET path=/history status=200 duration=1.8225ms
2026/08/21 18:16:04 INFO serve: request method=GET path=/mod/live/history status=200 duration=5.385346ms
2026/08/21 18:16:04 INFO serve: request method=GET path=/history status=200 duration=1.986923ms
2026/08/21 18:16:04 INFO serve: request method=GET path=/mod/swarm status=200 duration=19.671462ms
2026/08/21 18:16:05 INFO serve: request method=GET path=/mod/live/history status=200 duration=3.680462ms
2026/08/21 18:16:05 INFO serve: request method=GET path=/history status=200 duration=2.200385ms
2026/08/21 18:16:05 INFO serve: request method=GET path=/mod/swarm status=200 duration=18.826077ms
2026/08/21 18:16:06 INFO serve: request method=GET path=/mod/live/history status=200 duration=3.091116ms
2026/08/21 18:16:06 INFO serve: request method=GET path=/history status=200 duration=1.62523ms
2026/08/21 18:16:06 INFO serve: request method=GET path=/mod/swarm status=200 duration=15.194077ms
2026/08/21 18:16:07 INFO serve: request method=GET path=/mod/live/history status=200 duration=3.172077ms
2026/08/21 18:16:07 INFO serve: request method=GET path=/history status=200 duration=3.160654ms
2026/08/21 18:16:07 INFO serve: request method=GET path=/mod/swarm status=200 duration=98.278077ms
2026/08/21 18:16:53 INFO serve: request method=GET path=/mod/live/history status=200 duration=8.315346ms
2026/08/21 18:16:53 INFO serve: request method=GET path=/history status=200 duration=1.544692ms
2026/08/21 18:16:54 INFO serve: request method=GET path=/mod/live/history status=200 duration=2.631654ms
2026/08/21 18:16:54 INFO serve: request method=GET path=/mod/swarm status=200 duration=14.700769ms
2026/08/21 18:16:54 INFO serve: request method=GET path=/history status=200 duration=941.116µs
2026/08/21 18:16:55 INFO serve: request method=GET path=/mod/live/history status=200 duration=4.7655ms
2026/08/21 18:16:55 INFO serve: request method=GET path=/history status=200 duration=1.8285ms
2026/08/21 18:16:55 INFO serve: request method=GET path=/mod/swarm status=200 duration=19.281769ms
2026/08/21 18:16:55 INFO serve: request method=GET path=/mod/live/history status=200 duration=4.190076ms
2026/08/21 18:16:56 INFO serve: request method=GET path=/history status=200 duration=3.180962ms
2026/08/21 18:16:56 INFO serve: request method=GET path=/mod/swarm status=200 duration=21.017692ms
2026/08/21 18:16:56 INFO serve: request method=GET path=/mod/live/history status=200 duration=4.482ms
2026/08/21 18:16:56 INFO serve: request method=GET path=/history status=200 duration=1.834269ms
2026/08/21 18:16:56 INFO serve: request method=GET path=/mod/swarm status=200 duration=18.294153ms
2026/08/21 18:16:57 INFO serve: request method=GET path=/mod/swarm status=200 duration=14.81127ms
2026/08/21 18:16:57 INFO serve: request method=GET path=/mod/swarm/history status=200 duration=16.63173ms
2026/08/21 18:16:57 INFO serve: request method=GET path=/mod/live/history status=200 duration=4.302269ms
2026/08/21 18:16:57 INFO serve: request method=GET path=/history status=200 duration=4.906885ms
2026/08/21 18:16:57 INFO serve: request method=GET path=/mod/swarm status=200 duration=27.185385ms
2026/08/21 18:16:58 INFO serve: request method=GET path=/mod/live/history status=200 duration=3.949039ms
2026/08/21 18:16:58 INFO serve: request method=GET path=/history status=200 duration=990.308µs
2026/08/21 18:16:58 INFO serve: request method=GET path=/mod/swarm status=200 duration=35.679346ms
2026/08/21 18:16:59 INFO serve: request method=GET path=/mod/live/history status=200 duration=5.351038ms
2026/08/21 18:16:59 INFO serve: request method=GET path=/history status=200 duration=1.886192ms
2026/08/21 18:16:59 INFO serve: request method=GET path=/mod/swarm status=200 duration=25.236692ms
2026/08/21 18:17:00 INFO serve: request method=GET path=/mod/live/history status=200 duration=3.159654ms
2026/08/21 18:17:00 INFO serve: request method=GET path=/history status=200 duration=1.8665ms
2026/08/21 18:17:00 INFO serve: request method=GET path=/mod/swarm status=200 duration=16.763269ms
2026/08/21 18:17:01 INFO serve: request method=GET path=/mod/live/history status=200 duration=3.655231ms
2026/08/21 18:17:01 INFO serve: request method=GET path=/history status=200 duration=1.713615ms
2026/08/21 18:17:01 INFO serve: request method=GET path=/mod/swarm status=200 duration=13.374961ms
2026/08/21 18:17:02 INFO serve: request method=GET path=/mod/live/history status=200 duration=3.384269ms
2026/08/21 18:17:02 INFO serve: request method=GET path=/history status=200 duration=1.378ms
2026/08/21 18:17:02 INFO serve: request method=GET path=/mod/swarm status=200 duration=15.285192ms
2026/08/21 18:17:03 INFO serve: request method=GET path=/mod/live/history status=200 duration=3.175423ms
2026/08/21 18:17:03 INFO serve: request method=GET path=/history status=200 duration=3.096308ms
2026/08/21 18:17:03 INFO serve: request method=GET path=/mod/swarm status=200 duration=144.419769ms
2026/08/21 18:17:06 INFO serve: request method=GET path=/mod/live/history status=200 duration=3.491847ms
2026/08/21 18:17:06 INFO serve: request method=GET path=/history status=200 duration=2.284346ms
2026/08/21 18:17:07 INFO serve: request method=GET path=/mod/live/history status=200 duration=3.449846ms
2026/08/21 18:17:07 INFO serve: request method=GET path=/history status=200 duration=2.361885ms
2026/08/21 18:17:07 INFO serve: request method=GET path=/mod/swarm status=200 duration=18.060923ms
2026/08/21 18:17:07 INFO serve: request method=GET path=/mod/live/history status=200 duration=2.972769ms
2026/08/21 18:17:07 INFO serve: request method=GET path=/history status=200 duration=1.490654ms
2026/08/21 18:17:08 INFO serve: request method=GET path=/mod/swarm status=200 duration=14.575346ms
2026/08/21 18:17:08 INFO serve: request method=GET path=/mod/live/history status=200 duration=2.608731ms
2026/08/21 18:17:08 INFO serve: request method=GET path=/history status=200 duration=6.042769ms
2026/08/21 18:17:08 INFO serve: request method=GET path=/mod/swarm status=200 duration=27.839192ms
2026/08/21 18:17:09 INFO serve: request method=GET path=/mod/live/history status=200 duration=3.143423ms
2026/08/21 18:17:09 INFO serve: request method=GET path=/history status=200 duration=1.706923ms
2026/08/21 18:17:09 INFO serve: request method=GET path=/mod/swarm status=200 duration=13.599923ms
2026/08/21 18:17:10 INFO serve: request method=GET path=/mod/live/history status=200 duration=4.126385ms
2026/08/21 18:17:10 INFO serve: request method=GET path=/history status=200 duration=1.535884ms
2026/08/21 18:17:10 INFO serve: request method=GET path=/mod/swarm status=200 duration=17.057885ms
2026/08/21 18:17:11 INFO serve: request method=GET path=/mod/live/history status=200 duration=4.452461ms
2026/08/21 18:17:11 INFO serve: request method=GET path=/history status=200 duration=2.129731ms
2026/08/21 18:17:11 INFO serve: request method=GET path=/mod/swarm status=200 duration=19.809693ms
2026/08/21 18:17:12 INFO serve: request method=GET path=/mod/live/history status=200 duration=3.416116ms
2026/08/21 18:17:12 INFO serve: request method=GET path=/history status=200 duration=1.530269ms
2026/08/21 18:17:12 INFO serve: request method=GET path=/mod/swarm status=200 duration=17.179846ms
2026/08/21 18:17:13 INFO serve: request method=GET path=/mod/live/history status=200 duration=4.289231ms
2026/08/21 18:17:13 INFO serve: request method=GET path=/history status=200 duration=1.605462ms
2026/08/21 18:17:13 INFO serve: request method=GET path=/mod/swarm status=200 duration=22.566076ms
2026/08/21 18:17:13 INFO serve: request method=POST path=/mod/swarm/start status=202 duration=3.0605ms
2026/08/21 18:17:13 INFO serve: request method=GET path=/mod/swarm status=200 duration=196.5µs
2026/08/21 18:17:13 INFO serve: request method=GET path=/mod/swarm/history status=200 duration=23.516769ms
2026/08/21 18:17:14 INFO serve: request method=GET path=/mod/swarm status=200 duration=188.577µs
2026/08/21 18:17:14 INFO serve: request method=GET path=/mod/live/history status=200 duration=3.506962ms
2026/08/21 18:17:14 INFO serve: request method=GET path=/history status=200 duration=1.762961ms
2026/08/21 18:17:15 INFO serve: request method=GET path=/mod/swarm status=200 duration=453.77µs
2026/08/21 18:17:15 INFO serve: request method=GET path=/mod/live/history status=200 duration=4.486153ms
2026/08/21 18:17:15 INFO serve: request method=GET path=/history status=200 duration=2.059923ms
2026/08/21 18:17:16 INFO serve: request method=GET path=/mod/swarm status=200 duration=402.23µs
2026/08/21 18:17:16 INFO serve: request method=GET path=/mod/live/history status=200 duration=6.515423ms
2026/08/21 18:17:16 INFO serve: request method=GET path=/history status=200 duration=1.995231ms
2026/08/21 18:17:16 INFO serve: request method=GET path=/mod/swarm status=200 duration=302.538µs
2026/08/21 18:17:17 INFO serve: request method=GET path=/mod/live/history status=200 duration=5.615231ms
2026/08/21 18:17:17 INFO serve: request method=GET path=/history status=200 duration=1.952384ms
2026/08/21 18:17:17 INFO serve: request method=GET path=/mod/swarm status=200 duration=194.384µs
2026/08/21 18:17:17 INFO serve: request method=GET path=/mod/live/history status=200 duration=3.091461ms
2026/08/21 18:17:17 INFO serve: request method=GET path=/history status=200 duration=1.974ms
2026/08/21 18:17:18 INFO serve: request method=GET path=/mod/swarm status=200 duration=265.77µs
2026/08/21 18:17:18 INFO serve: request method=GET path=/mod/live/history status=200 duration=3.353692ms
2026/08/21 18:17:18 INFO serve: request method=GET path=/history status=200 duration=1.735153ms
2026/08/21 18:17:19 INFO serve: request method=GET path=/mod/swarm status=200 duration=201µs
2026/08/21 18:17:19 INFO serve: request method=GET path=/mod/live/history status=200 duration=6.589193ms
2026/08/21 18:17:19 INFO serve: request method=GET path=/history status=200 duration=1.705077ms
2026/08/21 18:17:20 INFO serve: request method=GET path=/mod/swarm status=200 duration=212.885µs
2026/08/21 18:17:20 INFO serve: request method=GET path=/mod/live/history status=200 duration=4.673077ms
2026/08/21 18:17:20 INFO serve: request method=GET path=/history status=200 duration=1.576ms
2026/08/21 18:17:21 INFO serve: request method=GET path=/mod/swarm status=200 duration=250.077µs
2026/08/21 18:17:21 INFO serve: request method=GET path=/mod/live/history status=200 duration=6.536462ms
2026/08/21 18:17:21 INFO serve: request method=GET path=/history status=200 duration=2.3185ms
2026/08/21 18:17:21 INFO serve: request method=POST path=/mod/app/task/stop status=204 duration=157.27µs
2026/08/21 18:17:22 INFO serve: request method=GET path=/mod/swarm status=200 duration=199.884µs
2026/08/21 18:17:22 INFO serve: request method=GET path=/mod/live/history status=200 duration=5.499385ms
2026/08/21 18:17:22 INFO serve: request method=GET path=/history status=200 duration=1.646039ms
2026/08/21 18:17:23 INFO serve: request method=GET path=/mod/swarm status=200 duration=158.461µs
2026/08/21 18:17:23 INFO serve: request method=GET path=/mod/live/history status=200 duration=4.893769ms
2026/08/21 18:17:23 INFO serve: request method=GET path=/history status=200 duration=1.40677ms
2026/08/21 18:17:24 INFO serve: request method=GET path=/mod/swarm status=200 duration=461.423µs
2026/08/21 18:17:24 INFO serve: request method=GET path=/mod/live/history status=200 duration=10.4975ms
2026/08/21 18:17:24 INFO serve: request method=GET path=/history status=200 duration=6.313731ms
2026/08/21 18:17:25 INFO serve: request method=GET path=/mod/swarm status=200 duration=187.846µs
2026/08/21 18:17:25 INFO serve: request method=GET path=/mod/live/history status=200 duration=4.640616ms
2026/08/21 18:17:25 INFO serve: request method=GET path=/history status=200 duration=1.481ms
2026/08/21 18:17:25 INFO serve: request method=GET path=/mod/swarm status=200 duration=263.962µs
2026/08/21 18:17:26 INFO serve: request method=GET path=/mod/live/history status=200 duration=7.73077ms
2026/08/21 18:17:26 INFO serve: request method=GET path=/history status=200 duration=1.561885ms
2026/08/21 18:17:26 INFO serve: request method=GET path=/mod/swarm status=200 duration=234.462µs
2026/08/21 18:17:26 INFO serve: request method=GET path=/mod/swarm/history status=200 duration=20.0885ms
2026/08/21 18:17:26 INFO serve: request method=GET path=/mod/swarm status=200 duration=203.308µs
2026/08/21 18:17:26 INFO serve: request method=GET path=/mod/live/history status=200 duration=4.7225ms
2026/08/21 18:17:26 INFO serve: request method=GET path=/history status=200 duration=1.221923ms
2026/08/21 18:17:27 INFO serve: request method=GET path=/mod/swarm status=200 duration=202.577µs
2026/08/21 18:17:27 INFO serve: request method=GET path=/mod/live/history status=200 duration=9.337423ms
2026/08/21 18:17:27 INFO serve: request method=GET path=/history status=200 duration=1.465884ms
2026/08/21 18:17:28 INFO serve: request method=GET path=/mod/swarm status=200 duration=288.384µs
2026/08/21 18:17:28 INFO serve: request method=GET path=/mod/live/history status=200 duration=5.087924ms
2026/08/21 18:17:28 INFO serve: request method=GET path=/history status=200 duration=1.793808ms
2026/08/21 18:17:28 INFO serve: request method=POST path=/mod/swarm/cancel status=200 duration=132.693µs
2026/08/21 18:17:29 INFO serve: request method=GET path=/mod/swarm status=200 duration=3.853269ms
2026/08/21 18:17:29 INFO serve: request method=GET path=/mod/swarm/history status=200 duration=16.842577ms
2026/08/21 18:17:29 INFO serve: request method=GET path=/mod/live/history status=200 duration=16.202807ms
2026/08/21 18:17:29 INFO serve: request method=GET path=/history status=200 duration=1.556077ms
2026/08/21 18:17:29 INFO serve: request method=GET path=/mod/swarm status=200 duration=27.025769ms
2026/08/21 18:17:30 INFO serve: request method=GET path=/mod/live/history status=200 duration=6.163961ms
2026/08/21 18:17:30 INFO serve: request method=GET path=/history status=200 duration=1.233231ms
2026/08/21 18:17:30 INFO serve: request method=GET path=/mod/swarm status=200 duration=20.185962ms
2026/08/21 18:17:31 INFO serve: request method=GET path=/mod/live/history status=200 duration=5.197654ms
2026/08/21 18:17:31 INFO serve: request method=GET path=/history status=200 duration=1.250616ms
2026/08/21 18:17:31 INFO serve: request method=GET path=/mod/swarm status=200 duration=24.383ms
2026/08/21 18:17:32 INFO serve: request method=GET path=/mod/live/history status=200 duration=6.999576ms
2026/08/21 18:17:32 INFO serve: request method=GET path=/history status=200 duration=1.579462ms
2026/08/21 18:17:32 INFO serve: request method=GET path=/mod/swarm status=200 duration=17.934654ms
2026/08/21 18:17:33 INFO serve: request method=GET path=/mod/live/history status=200 duration=6.336692ms
2026/08/21 18:17:33 INFO serve: request method=GET path=/history status=200 duration=1.372539ms
2026/08/21 18:17:33 INFO serve: request method=GET path=/mod/swarm status=200 duration=19.693961ms
2026/08/21 18:17:34 INFO serve: request method=GET path=/mod/live/history status=200 duration=5.787692ms
2026/08/21 18:17:34 INFO serve: request method=GET path=/history status=200 duration=1.3825ms
2026/08/21 18:17:34 INFO serve: request method=GET path=/mod/swarm status=200 duration=17.374616ms
2026/08/21 18:17:34 INFO serve: request method=GET path=/mod/live/history status=200 duration=6.8695ms
2026/08/21 18:17:35 INFO serve: request method=GET path=/history status=200 duration=1.540385ms
2026/08/21 18:17:35 INFO serve: request method=GET path=/mod/swarm status=200 duration=21.044193ms
2026/08/21 18:17:35 INFO serve: request method=POST path=/tool-approval-mode status=204 duration=143.077µs
2026/08/21 18:17:35 INFO serve: request method=POST path=/mod/app/task/start status=202 duration=5.464692ms
2026/08/21 18:17:35 INFO serve: request method=GET path=/mod/live/history status=200 duration=12.851308ms
2026/08/21 18:17:35 INFO serve: request method=GET path=/history status=200 duration=1.510115ms
2026/08/21 18:17:36 INFO serve: request method=GET path=/mod/live/history status=200 duration=5.114808ms
2026/08/21 18:17:36 INFO serve: request method=GET path=/history status=200 duration=1.660962ms
2026/08/21 18:17:36 INFO serve: request method=GET path=/mod/swarm status=200 duration=19.163115ms
2026/08/21 18:17:37 INFO serve: request method=GET path=/mod/live/history status=200 duration=6.168076ms
2026/08/21 18:17:37 INFO serve: request method=GET path=/history status=200 duration=1.884693ms
2026/08/21 18:17:37 INFO serve: request method=GET path=/mod/swarm status=200 duration=25.393846ms
2026/08/21 18:17:38 INFO serve: request method=GET path=/mod/live/history status=200 duration=6.286269ms
2026/08/21 18:17:38 INFO serve: request method=GET path=/history status=200 duration=1.579154ms
2026/08/21 18:17:38 INFO serve: request method=GET path=/mod/swarm status=200 duration=25.927693ms
2026/08/21 18:17:39 INFO serve: request method=GET path=/mod/live/history status=200 duration=5.558269ms
2026/08/21 18:17:39 INFO serve: request method=GET path=/history status=200 duration=1.377077ms
2026/08/21 18:17:39 INFO serve: request method=GET path=/mod/swarm status=200 duration=16.992307ms
2026/08/21 18:17:40 INFO serve: request method=GET path=/mod/live/history status=200 duration=11.482154ms
2026/08/21 18:17:40 INFO serve: request method=GET path=/history status=200 duration=2.077462ms
2026/08/21 18:17:40 INFO serve: request method=GET path=/mod/swarm status=200 duration=24.217654ms
2026/08/21 18:17:41 INFO serve: request method=GET path=/mod/live/history status=200 duration=22.610577ms
2026/08/21 18:17:41 INFO serve: request method=GET path=/mod/swarm status=200 duration=25.031269ms
2026/08/21 18:17:41 INFO serve: request method=GET path=/history status=200 duration=2.269731ms
2026/08/21 18:17:42 INFO serve: request method=GET path=/mod/live/history status=200 duration=5.628346ms
2026/08/21 18:17:42 INFO serve: request method=GET path=/mod/swarm status=200 duration=16.792616ms
2026/08/21 18:17:42 INFO serve: request method=GET path=/history status=200 duration=1.650885ms
2026/08/21 18:17:42 INFO serve: request method=GET path=/mod/live/history status=200 duration=7.775423ms
2026/08/21 18:17:42 INFO serve: request method=GET path=/history status=200 duration=1.609808ms
2026/08/21 18:17:43 INFO serve: request method=GET path=/mod/swarm status=200 duration=77.160077ms
2026/08/21 18:18:40 INFO serve: request method=GET path=/mod/live/history status=200 duration=27.262308ms
2026/08/21 18:18:40 INFO serve: request method=GET path=/history status=200 duration=1.598615ms
2026/08/21 18:18:41 INFO serve: request method=GET path=/mod/live/history status=200 duration=8.685846ms
2026/08/21 18:18:41 INFO serve: request method=GET path=/history status=200 duration=1.687308ms
2026/08/21 18:18:41 INFO serve: request method=GET path=/mod/swarm status=200 duration=48.596077ms
2026/08/21 18:18:42 INFO serve: request method=GET path=/mod/live/history status=200 duration=6.070654ms
2026/08/21 18:18:42 INFO serve: request method=GET path=/history status=200 duration=809.808µs
2026/08/21 18:18:42 INFO serve: request method=GET path=/mod/swarm status=200 duration=33.024653ms
2026/08/21 18:18:43 INFO serve: request method=GET path=/mod/live/history status=200 duration=9.3585ms
2026/08/21 18:18:43 INFO serve: request method=GET path=/history status=200 duration=1.715ms
2026/08/21 18:18:43 INFO serve: request method=GET path=/mod/swarm status=200 duration=23.395538ms
2026/08/21 18:18:43 INFO serve: request method=GET path=/mod/live/history status=200 duration=8.567461ms
2026/08/21 18:18:43 INFO serve: request method=GET path=/mod/swarm status=200 duration=18.662962ms
2026/08/21 18:18:43 INFO serve: request method=GET path=/history status=200 duration=1.8895ms
2026/08/21 18:18:44 INFO serve: request method=GET path=/mod/live/history status=200 duration=9.187154ms
2026/08/21 18:18:44 INFO serve: request method=GET path=/mod/swarm status=200 duration=19.794115ms
2026/08/21 18:18:44 INFO serve: request method=GET path=/history status=200 duration=1.603346ms
2026/08/21 18:18:45 INFO serve: request method=GET path=/mod/live/history status=200 duration=6.275462ms
2026/08/21 18:18:45 INFO serve: request method=GET path=/mod/swarm status=200 duration=13.279115ms
2026/08/21 18:18:45 INFO serve: request method=GET path=/history status=200 duration=1.739269ms
2026/08/21 18:18:46 INFO serve: request method=GET path=/mod/live/history status=200 duration=7.717615ms
2026/08/21 18:18:46 INFO serve: request method=GET path=/history status=200 duration=1.443307ms
2026/08/21 18:18:46 INFO serve: request method=GET path=/mod/swarm status=200 duration=26.015077ms
2026/08/21 18:19:35 INFO serve: request method=GET path=/mod/live/history status=200 duration=5.629846ms
2026/08/21 18:19:35 INFO serve: request method=GET path=/history status=200 duration=3.491231ms
2026/08/21 18:19:36 INFO serve: request method=GET path=/mod/live/history status=200 duration=5.746846ms
2026/08/21 18:19:36 INFO serve: request method=GET path=/mod/swarm status=200 duration=14.108077ms
2026/08/21 18:19:36 INFO serve: request method=GET path=/history status=200 duration=1.487885ms
2026/08/21 18:19:36 INFO serve: request method=GET path=/mod/live/history status=200 duration=20.034923ms
2026/08/21 18:19:36 INFO serve: request method=GET path=/mod/swarm status=200 duration=23.205077ms
2026/08/21 18:19:36 INFO serve: request method=GET path=/history status=200 duration=1.493539ms
2026/08/21 18:19:37 INFO serve: request method=GET path=/mod/swarm status=200 duration=18.423154ms
2026/08/21 18:19:37 INFO serve: request method=GET path=/mod/swarm/history status=200 duration=18.875731ms
2026/08/21 18:19:37 INFO serve: request method=GET path=/mod/live/history status=200 duration=6.922885ms
2026/08/21 18:19:37 INFO serve: request method=GET path=/history status=200 duration=1.540692ms
2026/08/21 18:19:37 INFO serve: request method=GET path=/mod/swarm status=200 duration=27.341116ms
2026/08/21 18:19:38 INFO serve: request method=GET path=/mod/live/history status=200 duration=3.835731ms
2026/08/21 18:19:38 INFO serve: request method=GET path=/history status=200 duration=1.512308ms
2026/08/21 18:19:38 INFO serve: request method=GET path=/mod/swarm status=200 duration=16.728692ms
2026/08/21 18:19:39 INFO serve: request method=GET path=/mod/live/history status=200 duration=7.096192ms
2026/08/21 18:19:39 INFO serve: request method=GET path=/mod/swarm status=200 duration=20.062846ms
2026/08/21 18:19:39 INFO serve: request method=GET path=/history status=200 duration=1.651038ms
2026/08/21 18:19:40 INFO serve: request method=GET path=/mod/live/history status=200 duration=7.708308ms
2026/08/21 18:19:40 INFO serve: request method=GET path=/history status=200 duration=2.409038ms
2026/08/21 18:19:40 INFO serve: request method=GET path=/mod/swarm status=200 duration=37.342115ms
2026/08/21 18:20:29 INFO serve: request method=GET path=/mod/live/history status=200 duration=11.092ms
2026/08/21 18:20:29 INFO serve: request method=GET path=/history status=200 duration=1.622116ms
2026/08/21 18:20:30 INFO serve: request method=GET path=/mod/live/history status=200 duration=7.095385ms
2026/08/21 18:20:30 INFO serve: request method=GET path=/history status=200 duration=1.421769ms
2026/08/21 18:20:30 INFO serve: request method=GET path=/mod/swarm status=200 duration=20.357846ms
2026/08/21 18:20:31 INFO serve: request method=GET path=/mod/live/history status=200 duration=5.602231ms
2026/08/21 18:20:31 INFO serve: request method=GET path=/history status=200 duration=1.459577ms
2026/08/21 18:20:31 INFO serve: request method=GET path=/mod/swarm status=200 duration=17.319577ms
2026/08/21 18:20:32 INFO serve: request method=GET path=/mod/live/history status=200 duration=10.597038ms
2026/08/21 18:20:32 INFO serve: request method=GET path=/history status=200 duration=1.509384ms
2026/08/21 18:20:32 INFO serve: request method=GET path=/mod/swarm status=200 duration=27.232385ms
2026/08/21 18:20:33 INFO serve: request method=GET path=/mod/live/history status=200 duration=5.389384ms
2026/08/21 18:20:33 INFO serve: request method=GET path=/history status=200 duration=1.460577ms
2026/08/21 18:20:33 INFO serve: request method=GET path=/mod/swarm status=200 duration=18.234538ms
2026/08/21 18:20:33 INFO serve: request method=GET path=/mod/status status=200 duration=5.241231ms
2026/08/21 18:20:33 INFO serve: request method=GET path=/mod/app/contract status=200 duration=1.174077ms
2026/08/21 18:20:33 INFO serve: request method=GET path=/mod/live/history status=200 duration=6.597615ms
2026/08/21 18:20:34 INFO serve: request method=GET path=/mod/live/history status=200 duration=6.117116ms
2026/08/21 18:20:34 INFO serve: request method=GET path=/history status=200 duration=1.42ms
2026/08/21 18:20:34 INFO serve: request method=GET path=/mod/swarm status=200 duration=16.371539ms
2026/08/21 18:20:35 INFO serve: request method=GET path=/mod/live/history status=200 duration=8.072154ms
2026/08/21 18:20:35 INFO serve: request method=GET path=/history status=200 duration=1.584038ms
2026/08/21 18:20:35 INFO serve: request method=GET path=/mod/swarm status=200 duration=22.121039ms
2026/08/21 18:20:35 INFO serve: request method=GET path=/mod/status status=200 duration=6.400847ms
2026/08/21 18:20:35 INFO serve: request method=GET path=/mod/app/contract status=200 duration=1.360115ms
2026/08/21 18:20:35 INFO serve: request method=GET path=/mod/live/history status=200 duration=5.631038ms
2026/08/21 18:20:36 INFO serve: request method=GET path=/mod/live/history status=200 duration=6.964077ms
2026/08/21 18:20:36 INFO serve: request method=GET path=/history status=200 duration=1.933192ms
2026/08/21 18:20:36 INFO serve: request method=GET path=/mod/swarm status=200 duration=21.118154ms
2026/08/21 18:20:36 INFO serve: request method=GET path=/mod/live/history status=200 duration=5.376ms
2026/08/21 18:20:36 INFO serve: request method=GET path=/history status=200 duration=1.347231ms
2026/08/21 18:20:36 INFO serve: request method=GET path=/mod/swarm status=200 duration=14.425462ms
2026/08/21 18:20:37 INFO serve: request method=GET path=/mod/status status=200 duration=5.929154ms
2026/08/21 18:20:37 INFO serve: request method=GET path=/mod/app/contract status=200 duration=1.428885ms
2026/08/21 18:20:37 INFO serve: request method=POST path=/tool-approval-mode status=204 duration=222.154µs
2026/08/21 18:20:37 INFO serve: request method=GET path=/mod/live/history status=200 duration=15.612038ms
2026/08/21 18:20:37 INFO serve: request method=GET path=/history status=200 duration=1.710423ms
2026/08/21 18:20:37 INFO serve: request method=GET path=/mod/swarm status=200 duration=18.372692ms
2026/08/21 18:20:38 INFO serve: request method=GET path=/mod/live/history status=200 duration=5.583192ms
2026/08/21 18:20:38 INFO serve: request method=GET path=/history status=200 duration=1.286385ms
2026/08/21 18:20:38 INFO serve: request method=GET path=/mod/swarm status=200 duration=22.481576ms
2026/08/21 18:20:38 INFO serve: request method=GET path=/mod/status status=200 duration=3.783ms
2026/08/21 18:20:38 INFO serve: request method=GET path=/mod/app/contract status=200 duration=2.093923ms
2026/08/21 18:20:38 INFO serve: request method=GET path=/mod/status status=200 duration=3.465538ms
2026/08/21 18:20:38 INFO serve: request method=POST path=/tool-approval-mode status=204 duration=605µs
2026/08/21 18:20:38 INFO serve: request method=GET path=/mod/app/contract status=200 duration=1.120693ms
2026/08/21 18:20:38 INFO serve: request method=GET path=/mod/live/history status=200 duration=5.668346ms
2026/08/21 18:20:39 INFO serve: request method=GET path=/mod/live/history status=200 duration=5.406846ms
2026/08/21 18:20:39 INFO serve: request method=GET path=/history status=200 duration=1.574731ms
2026/08/21 18:20:39 INFO serve: request method=GET path=/mod/swarm status=200 duration=15.290577ms
2026/08/21 18:20:40 INFO serve: request method=GET path=/mod/status status=200 duration=6.197539ms
2026/08/21 18:20:40 INFO serve: request method=GET path=/mod/app/contract status=200 duration=1.347577ms
2026/08/21 18:20:40 INFO serve: request method=GET path=/mod/live/history status=200 duration=5.5235ms
2026/08/21 18:20:40 INFO serve: request method=GET path=/mod/live/history status=200 duration=5.884269ms
2026/08/21 18:20:40 INFO serve: request method=GET path=/history status=200 duration=1.652461ms
2026/08/21 18:20:41 INFO serve: request method=GET path=/mod/live/history status=200 duration=12.938962ms
2026/08/21 18:20:41 INFO serve: request method=GET path=/history status=200 duration=1.592577ms
2026/08/21 18:20:41 INFO serve: request method=GET path=/mod/swarm status=200 duration=27.958884ms
2026/08/21 18:20:42 INFO serve: request method=GET path=/mod/status status=200 duration=6.732385ms
2026/08/21 18:20:42 INFO serve: request method=GET path=/mod/app/contract status=200 duration=1.394423ms
2026/08/21 18:20:42 INFO serve: request method=GET path=/mod/live/history status=200 duration=6.021923ms
2026/08/21 18:20:42 INFO serve: request method=GET path=/mod/live/history status=200 duration=6.432577ms
2026/08/21 18:20:42 INFO serve: request method=GET path=/history status=200 duration=1.9605ms
2026/08/21 18:20:43 INFO serve: request method=GET path=/mod/live/history status=200 duration=6.823076ms
2026/08/21 18:20:43 INFO serve: request method=GET path=/history status=200 duration=1.297538ms
2026/08/21 18:20:43 INFO serve: request method=GET path=/mod/swarm status=200 duration=16.634077ms
2026/08/21 18:20:44 INFO serve: request method=GET path=/mod/status status=200 duration=8.75627ms
2026/08/21 18:20:44 INFO serve: request method=GET path=/mod/app/contract status=200 duration=1.351193ms
2026/08/21 18:20:44 INFO serve: request method=GET path=/mod/live/history status=200 duration=6.352962ms
2026/08/21 18:20:44 INFO serve: request method=GET path=/mod/live/history status=200 duration=7.217461ms
2026/08/21 18:20:44 INFO serve: request method=GET path=/history status=200 duration=3.024461ms
2026/08/21 18:20:45 INFO serve: request method=GET path=/mod/live/history status=200 duration=7.683808ms
2026/08/21 18:20:45 INFO serve: request method=GET path=/history status=200 duration=2.157654ms
2026/08/21 18:20:45 INFO serve: request method=GET path=/mod/swarm status=200 duration=34.591ms
2026/08/21 18:20:45 INFO serve: request method=GET path=/mod/live/history status=200 duration=8.332269ms
2026/08/21 18:20:45 INFO serve: request method=GET path=/mod/swarm status=200 duration=17.166576ms
2026/08/21 18:20:46 INFO serve: request method=GET path=/history status=200 duration=2.173077ms
2026/08/21 18:20:46 INFO serve: request method=GET path=/mod/status status=200 duration=5.579846ms
2026/08/21 18:20:46 INFO serve: request method=GET path=/mod/app/contract status=200 duration=1.383808ms
2026/08/21 18:20:46 INFO serve: request method=GET path=/mod/live/history status=200 duration=6.568462ms
2026/08/21 18:20:46 INFO serve: request method=POST path=/tool-approval-mode status=204 duration=283.731µs
2026/08/21 18:20:46 INFO serve: request method=POST path=/mod/app/task/start status=202 duration=5.725077ms
2026/08/21 18:20:46 INFO serve: request method=GET path=/mod/live/history status=200 duration=6.452962ms
2026/08/21 18:20:46 INFO serve: request method=GET path=/history status=200 duration=3.244462ms
2026/08/21 18:20:47 INFO serve: request method=GET path=/mod/live/history status=200 duration=6.1665ms
2026/08/21 18:20:47 INFO serve: request method=GET path=/history status=200 duration=1.787615ms
2026/08/21 18:20:47 INFO serve: request method=GET path=/mod/swarm status=200 duration=15.746654ms
2026/08/21 18:20:48 INFO serve: request method=GET path=/mod/status status=200 duration=6.652423ms
2026/08/21 18:20:48 INFO serve: request method=GET path=/mod/app/contract status=200 duration=3.990423ms
2026/08/21 18:20:48 INFO serve: request method=GET path=/mod/live/history status=200 duration=25.815846ms
2026/08/21 18:20:48 INFO serve: request method=GET path=/mod/live/history status=200 duration=6.318769ms
2026/08/21 18:20:48 INFO serve: request method=GET path=/history status=200 duration=1.542423ms
2026/08/21 18:20:48 INFO serve: request method=GET path=/mod/swarm status=200 duration=35.487923ms
2026/08/21 18:20:48 INFO serve: request method=GET path=/mod/live/history status=200 duration=7.997115ms
2026/08/21 18:20:49 INFO serve: request method=GET path=/history status=200 duration=2.207423ms
2026/08/21 18:20:49 INFO serve: request method=GET path=/mod/swarm status=200 duration=24.857654ms
2026/08/21 18:20:49 INFO serve: request method=GET path=/mod/live/history status=200 duration=6.950077ms
2026/08/21 18:20:49 INFO serve: request method=GET path=/history status=200 duration=1.394961ms
2026/08/21 18:20:49 INFO serve: request method=GET path=/mod/swarm status=200 duration=25.768538ms
2026/08/21 18:20:50 INFO serve: request method=GET path=/mod/status status=200 duration=7.066039ms
2026/08/21 18:20:50 INFO serve: request method=GET path=/mod/app/contract status=200 duration=1.947192ms
2026/08/21 18:20:50 INFO serve: request method=GET path=/mod/live/history status=200 duration=6.008962ms
2026/08/21 18:20:50 INFO serve: request method=GET path=/mod/live/history status=200 duration=8.044847ms
2026/08/21 18:20:50 INFO serve: request method=GET path=/history status=200 duration=1.049539ms
2026/08/21 18:20:50 INFO serve: request method=GET path=/mod/swarm status=200 duration=29.521577ms
2026/08/21 18:20:51 INFO serve: request method=GET path=/mod/live/history status=200 duration=6.138ms
2026/08/21 18:20:51 INFO serve: request method=GET path=/history status=200 duration=1.741923ms
2026/08/21 18:20:52 INFO serve: request method=GET path=/mod/status status=200 duration=8.820654ms
2026/08/21 18:20:52 INFO serve: request method=GET path=/mod/app/contract status=200 duration=1.421769ms
2026/08/21 18:20:52 INFO serve: request method=GET path=/mod/live/history status=200 duration=6.697462ms
2026/08/21 18:20:52 INFO serve: request method=GET path=/mod/live/history status=200 duration=8.06277ms
2026/08/21 18:20:52 INFO serve: request method=GET path=/history status=200 duration=1.875808ms
2026/08/21 18:20:52 INFO serve: request method=GET path=/mod/swarm status=200 duration=17.33273ms
2026/08/21 18:20:53 INFO serve: request method=GET path=/mod/live/history status=200 duration=7.063846ms
2026/08/21 18:20:53 INFO serve: request method=GET path=/history status=200 duration=1.609731ms
2026/08/21 18:20:53 INFO serve: request method=GET path=/mod/swarm status=200 duration=23.751ms
2026/08/21 18:20:54 INFO serve: request method=GET path=/mod/live/history status=200 duration=6.023462ms
2026/08/21 18:20:54 INFO serve: request method=GET path=/history status=200 duration=1.320193ms
2026/08/21 18:20:54 INFO serve: request method=GET path=/mod/swarm status=200 duration=17.7285ms
2026/08/21 18:20:55 INFO serve: request method=GET path=/mod/live/history status=200 duration=7.588924ms
2026/08/21 18:20:55 INFO serve: request method=GET path=/history status=200 duration=1.578384ms
2026/08/21 18:20:55 INFO serve: request method=GET path=/mod/swarm status=200 duration=26.83477ms
2026/08/21 18:21:34 INFO serve: request method=GET path=/mod/status status=200 duration=5.717461ms
2026/08/21 18:21:34 INFO serve: request method=GET path=/mod/app/contract status=200 duration=1.273615ms
2026/08/21 18:21:34 INFO serve: request method=POST path=/tool-approval-mode status=204 duration=431.731µs
2026/08/21 18:21:36 INFO serve: request method=GET path=/mod/status status=200 duration=5.320615ms
2026/08/21 18:21:36 INFO serve: request method=GET path=/mod/app/contract status=200 duration=1.153577ms
2026/08/21 18:21:36 INFO serve: request method=GET path=/mod/live/history status=200 duration=9.865385ms
2026/08/21 18:21:37 INFO serve: request method=GET path=/mod/live/history status=200 duration=12.984885ms
2026/08/21 18:21:37 INFO serve: request method=GET path=/history status=200 duration=1.698808ms
2026/08/21 18:21:38 INFO serve: request method=GET path=/mod/live/history status=200 duration=7.328423ms
2026/08/21 18:21:38 INFO serve: request method=GET path=/history status=200 duration=1.412385ms
2026/08/21 18:21:38 INFO serve: request method=GET path=/mod/swarm status=200 duration=17.405077ms
2026/08/21 18:21:38 INFO serve: request method=GET path=/mod/live/history status=200 duration=6.574116ms
2026/08/21 18:21:38 INFO serve: request method=GET path=/history status=200 duration=2.891962ms
2026/08/21 18:21:39 INFO serve: request method=GET path=/mod/live/history status=200 duration=6.697885ms
2026/08/21 18:21:39 INFO serve: request method=GET path=/history status=200 duration=1.688654ms
2026/08/21 18:21:39 INFO serve: request method=GET path=/mod/swarm status=200 duration=17.770269ms
2026/08/21 18:21:40 INFO serve: request method=GET path=/mod/live/history status=200 duration=6.860846ms
2026/08/21 18:21:40 INFO serve: request method=GET path=/history status=200 duration=1.887577ms
2026/08/21 18:21:40 INFO serve: request method=GET path=/mod/swarm status=200 duration=20.904577ms
2026/08/21 18:21:40 INFO serve: request method=GET path=/mod/live/history status=200 duration=7.135846ms
2026/08/21 18:21:40 INFO serve: request method=GET path=/mod/swarm status=200 duration=17.701962ms
2026/08/21 18:21:40 INFO serve: request method=GET path=/history status=200 duration=1.438346ms
2026/08/21 18:21:41 INFO serve: request method=GET path=/mod/live/history status=200 duration=7.417654ms
2026/08/21 18:21:41 INFO serve: request method=GET path=/mod/swarm status=200 duration=19.418ms
2026/08/21 18:21:41 INFO serve: request method=GET path=/history status=200 duration=4.043538ms
2026/08/21 18:21:42 INFO serve: request method=GET path=/mod/live/history status=200 duration=19.174962ms
2026/08/21 18:21:42 INFO serve: request method=GET path=/history status=200 duration=1.525385ms
2026/08/21 18:21:42 INFO serve: request method=GET path=/mod/swarm status=200 duration=27.041154ms
2026/08/21 18:22:25 INFO serve: request method=GET path=/mod/live/history status=200 duration=6.32377ms
2026/08/21 18:22:25 INFO serve: request method=GET path=/history status=200 duration=1.549961ms
2026/08/21 18:22:26 INFO serve: request method=GET path=/mod/live/history status=200 duration=12.454808ms
2026/08/21 18:22:26 INFO serve: request method=GET path=/mod/swarm status=200 duration=22.84123ms
2026/08/21 18:22:26 INFO serve: request method=GET path=/history status=200 duration=2.126923ms
2026/08/21 18:22:27 INFO serve: request method=POST path=/tool-approval-mode status=204 duration=356.615µs
2026/08/21 18:22:27 INFO serve: request method=POST path=/mod/app/task/start status=202 duration=5.501731ms
2026/08/21 18:22:27 INFO serve: request method=GET path=/mod/live/history status=200 duration=7.416038ms
2026/08/21 18:22:27 INFO serve: request method=GET path=/history status=200 duration=2.241193ms
2026/08/21 18:22:28 INFO serve: request method=GET path=/mod/live/history status=200 duration=6.431961ms
2026/08/21 18:22:28 INFO serve: request method=GET path=/history status=200 duration=2.108884ms
2026/08/21 18:22:28 INFO serve: request method=GET path=/mod/swarm status=200 duration=19.736653ms
2026/08/21 18:22:38 INFO serve: request method=GET path=/mod/status status=200 duration=6.717115ms
2026/08/21 18:22:38 INFO serve: request method=GET path=/mod/app/contract status=200 duration=1.862231ms
2026/08/21 18:22:38 INFO serve: request method=POST path=/tool-approval-mode status=204 duration=856.692µs
2026/08/21 18:22:40 INFO serve: request method=GET path=/mod/status status=200 duration=9.1835ms
2026/08/21 18:22:40 INFO serve: request method=GET path=/mod/app/contract status=200 duration=1.501846ms
2026/08/21 18:22:40 INFO serve: request method=GET path=/mod/live/history status=200 duration=8.6655ms
2026/08/21 18:22:42 INFO serve: request method=GET path=/mod/live/history status=200 duration=6.397885ms
2026/08/21 18:22:42 INFO serve: request method=GET path=/history status=200 duration=1.662231ms
2026/08/21 18:22:43 INFO serve: request method=GET path=/mod/live/history status=200 duration=6.26473ms
2026/08/21 18:22:43 INFO serve: request method=GET path=/mod/swarm status=200 duration=12.758038ms
2026/08/21 18:22:43 INFO serve: request method=GET path=/history status=200 duration=1.27823ms
2026/08/21 18:22:44 INFO serve: request method=GET path=/mod/live/history status=200 duration=8.954462ms
2026/08/21 18:22:44 INFO serve: request method=GET path=/mod/swarm status=200 duration=16.586423ms
2026/08/21 18:22:44 INFO serve: request method=GET path=/history status=200 duration=3.773923ms
2026/08/21 18:22:45 INFO serve: request method=GET path=/mod/live/history status=200 duration=8.184154ms
2026/08/21 18:22:45 INFO serve: request method=GET path=/history status=200 duration=2.554923ms
2026/08/21 18:22:45 INFO serve: request method=GET path=/mod/swarm status=200 duration=36.720462ms
2026/08/21 18:22:46 INFO serve: request method=GET path=/mod/live/history status=200 duration=6.390847ms
2026/08/21 18:22:46 INFO serve: request method=GET path=/history status=200 duration=1.746154ms
2026/08/21 18:22:46 INFO serve: request method=GET path=/mod/swarm status=200 duration=16.118615ms
2026/08/21 18:22:47 INFO serve: request method=GET path=/mod/live/history status=200 duration=6.391115ms
2026/08/21 18:22:47 INFO serve: request method=GET path=/mod/swarm status=200 duration=13.421693ms
2026/08/21 18:22:47 INFO serve: request method=GET path=/history status=200 duration=1.438846ms
2026/08/21 18:23:56 INFO serve: request method=GET path=/mod/live/history status=200 duration=8.670154ms
2026/08/21 18:23:56 INFO serve: request method=GET path=/history status=200 duration=3.507808ms
2026/08/21 18:23:57 INFO serve: request method=GET path=/mod/live/history status=200 duration=6.221116ms
2026/08/21 18:23:57 INFO serve: request method=GET path=/mod/swarm status=200 duration=12.768539ms
2026/08/21 18:23:57 INFO serve: request method=GET path=/history status=200 duration=1.234269ms
2026/08/21 18:23:58 INFO serve: request method=GET path=/mod/live/history status=200 duration=6.246769ms
2026/08/21 18:23:58 INFO serve: request method=GET path=/history status=200 duration=1.550154ms
2026/08/21 18:23:58 INFO serve: request method=GET path=/mod/swarm status=200 duration=14.254192ms
2026/08/21 18:23:59 INFO serve: request method=GET path=/mod/live/history status=200 duration=6.311846ms
2026/08/21 18:23:59 INFO serve: request method=GET path=/mod/swarm status=200 duration=15.155808ms
2026/08/21 18:23:59 INFO serve: request method=GET path=/history status=200 duration=4.043769ms
2026/08/21 18:24:00 INFO serve: request method=GET path=/mod/live/history status=200 duration=10.050038ms
2026/08/21 18:24:00 INFO serve: request method=GET path=/mod/swarm status=200 duration=16.661115ms
2026/08/21 18:24:00 INFO serve: request method=GET path=/history status=200 duration=1.563269ms
2026/08/21 18:24:01 INFO serve: request method=GET path=/mod/live/history status=200 duration=6.517193ms
2026/08/21 18:24:01 INFO serve: request method=GET path=/mod/swarm status=200 duration=14.861654ms
2026/08/21 18:24:01 INFO serve: request method=GET path=/history status=200 duration=1.392154ms
2026/08/21 18:24:02 INFO serve: request method=GET path=/mod/live/history status=200 duration=6.384077ms
2026/08/21 18:24:02 INFO serve: request method=GET path=/mod/swarm status=200 duration=12.826423ms
2026/08/21 18:24:02 INFO serve: request method=GET path=/history status=200 duration=1.366346ms
2026/08/21 18:24:03 INFO serve: request method=GET path=/mod/live/history status=200 duration=6.244808ms
2026/08/21 18:24:03 INFO serve: request method=GET path=/mod/swarm status=200 duration=14.219692ms
2026/08/21 18:24:03 INFO serve: request method=GET path=/history status=200 duration=1.414039ms
2026/08/21 18:24:03 INFO serve: request method=GET path=/mod/live/history status=200 duration=6.1745ms
2026/08/21 18:24:03 INFO serve: request method=GET path=/mod/swarm status=200 duration=14.421462ms
2026/08/21 18:24:03 INFO serve: request method=GET path=/history status=200 duration=1.324538ms
2026/08/21 18:24:04 INFO serve: request method=GET path=/mod/live/history status=200 duration=6.301462ms
2026/08/21 18:24:04 INFO serve: request method=GET path=/mod/swarm status=200 duration=14.7155ms
2026/08/21 18:24:04 INFO serve: request method=GET path=/history status=200 duration=1.418538ms
2026/08/21 18:24:05 INFO serve: request method=GET path=/mod/live/history status=200 duration=6.5335ms
2026/08/21 18:24:05 INFO serve: request method=GET path=/mod/swarm status=200 duration=12.063577ms
2026/08/21 18:24:05 INFO serve: request method=GET path=/history status=200 duration=1.382ms
2026/08/21 18:24:06 INFO serve: request method=GET path=/mod/live/history status=200 duration=6.273808ms
2026/08/21 18:24:06 INFO serve: request method=GET path=/history status=200 duration=1.329577ms
2026/08/21 18:24:06 INFO serve: request method=GET path=/mod/swarm status=200 duration=15.636462ms
2026/08/21 18:24:07 INFO serve: request method=GET path=/mod/live/history status=200 duration=6.856269ms
2026/08/21 18:24:07 INFO serve: request method=GET path=/history status=200 duration=1.343038ms
2026/08/21 18:24:07 INFO serve: request method=GET path=/mod/swarm status=200 duration=17.404923ms
2026/08/21 18:24:08 INFO serve: request method=GET path=/mod/live/history status=200 duration=6.3435ms
2026/08/21 18:24:08 INFO serve: request method=GET path=/history status=200 duration=2.227154ms
2026/08/21 18:24:08 INFO serve: request method=GET path=/mod/swarm status=200 duration=17.707347ms
2026/08/21 18:24:09 INFO serve: request method=GET path=/mod/live/history status=200 duration=6.513231ms
2026/08/21 18:24:09 INFO serve: request method=GET path=/history status=200 duration=1.403346ms
2026/08/21 18:24:09 INFO serve: request method=GET path=/mod/swarm status=200 duration=17.769616ms
2026/08/21 18:24:10 INFO serve: request method=GET path=/mod/live/history status=200 duration=12.431153ms
2026/08/21 18:24:10 INFO serve: request method=GET path=/history status=200 duration=1.732731ms
2026/08/21 18:24:10 INFO serve: request method=GET path=/mod/swarm status=200 duration=50.148923ms
2026/08/21 18:24:31 INFO serve: request method=GET path=/mod/live/history status=200 duration=9.500923ms
2026/08/21 18:24:31 INFO serve: request method=GET path=/history status=200 duration=1.693154ms
2026/08/21 18:24:32 INFO serve: request method=GET path=/mod/live/history status=200 duration=12.178538ms
2026/08/21 18:24:32 INFO serve: request method=GET path=/history status=200 duration=2.549461ms
2026/08/21 18:24:32 INFO serve: request method=GET path=/mod/swarm status=200 duration=62.0505ms
2026/08/21 18:24:47 INFO serve: request method=GET path=/mod/status status=200 duration=5.448423ms
2026/08/21 18:24:47 INFO serve: request method=GET path=/mod/app/contract status=200 duration=1.8615ms
2026/08/21 18:24:47 INFO serve: request method=POST path=/tool-approval-mode status=204 duration=665.808µs
2026/08/21 18:24:49 INFO serve: request method=GET path=/mod/status status=200 duration=5.444423ms
2026/08/21 18:24:49 INFO serve: request method=GET path=/mod/app/contract status=200 duration=1.376077ms
2026/08/21 18:24:49 INFO serve: request method=GET path=/mod/live/history status=200 duration=13.003769ms
2026/08/21 18:24:51 INFO serve: request method=GET path=/mod/live/history status=200 duration=6.600923ms
2026/08/21 18:24:51 INFO serve: request method=GET path=/history status=200 duration=1.500577ms
2026/08/21 18:24:52 INFO serve: request method=GET path=/mod/live/history status=200 duration=10.420808ms
2026/08/21 18:24:52 INFO serve: request method=GET path=/mod/swarm status=200 duration=31.824923ms
2026/08/21 18:24:52 INFO serve: request method=GET path=/history status=200 duration=1.7675ms
2026/08/21 18:24:53 INFO serve: request method=GET path=/mod/live/history status=200 duration=7.166231ms
2026/08/21 18:24:53 INFO serve: request method=GET path=/history status=200 duration=2.213076ms
2026/08/21 18:24:53 INFO serve: request method=GET path=/mod/swarm status=200 duration=26.288423ms
2026/08/21 18:24:54 INFO serve: request method=GET path=/mod/live/history status=200 duration=14.625461ms
2026/08/21 18:24:54 INFO serve: request method=GET path=/mod/swarm status=200 duration=18.854731ms
2026/08/21 18:24:54 INFO serve: request method=GET path=/history status=200 duration=1.697193ms
2026/08/21 18:24:55 INFO serve: request method=GET path=/mod/live/history status=200 duration=7.443154ms
2026/08/21 18:24:55 INFO serve: request method=GET path=/history status=200 duration=1.397962ms
2026/08/21 18:24:55 INFO serve: request method=GET path=/mod/swarm status=200 duration=17.160038ms
2026/08/21 18:24:55 INFO serve: request method=GET path=/mod/live/history status=200 duration=7.501423ms
2026/08/21 18:24:55 INFO serve: request method=GET path=/history status=200 duration=1.570154ms
2026/08/21 18:24:56 INFO serve: request method=GET path=/mod/swarm status=200 duration=19.2945ms
2026/08/21 18:24:56 INFO serve: request method=GET path=/mod/live/history status=200 duration=6.549423ms
2026/08/21 18:24:56 INFO serve: request method=GET path=/mod/swarm status=200 duration=14.787462ms
2026/08/21 18:24:56 INFO serve: request method=GET path=/history status=200 duration=1.36577ms
2026/08/21 18:25:26 INFO serve: request method=GET path=/mod/live/history status=200 duration=6.983808ms
2026/08/21 18:25:26 INFO serve: request method=GET path=/history status=200 duration=2.765577ms
2026/08/21 18:25:27 INFO serve: request method=GET path=/mod/live/history status=200 duration=6.257962ms
2026/08/21 18:25:27 INFO serve: request method=GET path=/mod/swarm status=200 duration=11.708385ms
2026/08/21 18:25:27 INFO serve: request method=GET path=/history status=200 duration=1.265308ms
2026/08/21 18:25:28 INFO serve: request method=GET path=/mod/live/history status=200 duration=6.867384ms
2026/08/21 18:25:28 INFO serve: request method=GET path=/history status=200 duration=2.117115ms
2026/08/21 18:25:28 INFO serve: request method=GET path=/mod/swarm status=200 duration=25.356615ms
2026/08/21 18:25:30 INFO serve: request method=GET path=/mod/live/history status=200 duration=7.958231ms
2026/08/21 18:25:30 INFO serve: request method=GET path=/history status=200 duration=1.655654ms
2026/08/21 18:25:31 INFO serve: request method=GET path=/mod/live/history status=200 duration=6.209846ms
2026/08/21 18:25:31 INFO serve: request method=GET path=/history status=200 duration=1.608116ms
2026/08/21 18:25:31 INFO serve: request method=GET path=/mod/swarm status=200 duration=15.572462ms
2026/08/21 18:25:32 INFO serve: request method=GET path=/mod/live/history status=200 duration=6.215423ms
2026/08/21 18:25:32 INFO serve: request method=GET path=/history status=200 duration=1.443231ms
2026/08/21 18:25:32 INFO serve: request method=GET path=/mod/swarm status=200 duration=16.170577ms
2026/08/21 18:25:33 INFO serve: request method=GET path=/mod/live/history status=200 duration=14.476807ms
2026/08/21 18:25:33 INFO serve: request method=GET path=/mod/swarm status=200 duration=21.967269ms
2026/08/21 18:25:33 INFO serve: request method=GET path=/history status=200 duration=1.774231ms
2026/08/21 18:25:34 INFO serve: request method=GET path=/mod/live/history status=200 duration=6.445077ms
2026/08/21 18:25:34 INFO serve: request method=GET path=/history status=200 duration=1.680693ms
2026/08/21 18:25:34 INFO serve: request method=GET path=/mod/swarm status=200 duration=14.743385ms
2026/08/21 18:25:35 INFO serve: request method=GET path=/mod/status status=200 duration=7.192154ms
2026/08/21 18:25:35 INFO serve: request method=GET path=/mod/app/contract status=200 duration=1.416769ms
2026/08/21 18:25:35 INFO serve: request method=POST path=/tool-approval-mode status=204 duration=1.005769ms
2026/08/21 18:25:37 INFO serve: request method=GET path=/mod/status status=200 duration=8.927923ms
2026/08/21 18:25:37 INFO serve: request method=GET path=/mod/app/contract status=200 duration=1.569ms
2026/08/21 18:25:37 INFO serve: request method=GET path=/mod/live/history status=200 duration=9.621693ms
2026/08/21 18:25:38 INFO serve: request method=GET path=/mod/live/history status=200 duration=6.333923ms
2026/08/21 18:25:38 INFO serve: request method=GET path=/history status=200 duration=1.711384ms
2026/08/21 18:25:39 INFO serve: request method=GET path=/mod/live/history status=200 duration=28.359231ms
2026/08/21 18:25:39 INFO serve: request method=GET path=/history status=200 duration=1.621615ms
2026/08/21 18:25:39 INFO serve: request method=GET path=/mod/swarm status=200 duration=28.114154ms
2026/08/21 18:25:40 INFO serve: request method=GET path=/mod/status status=200 duration=6.315577ms
2026/08/21 18:25:40 INFO serve: request method=GET path=/mod/app/contract status=200 duration=1.429692ms
2026/08/21 18:25:40 INFO serve: request method=POST path=/tool-approval-mode status=204 duration=303.576µs
2026/08/21 18:25:41 INFO serve: request method=GET path=/mod/status status=200 duration=4.877193ms
2026/08/21 18:25:41 INFO serve: request method=GET path=/mod/app/contract status=200 duration=1.228077ms
2026/08/21 18:25:41 INFO serve: request method=GET path=/mod/live/history status=200 duration=6.452269ms
2026/08/21 18:25:43 INFO serve: request method=GET path=/mod/live/history status=200 duration=12.706923ms
2026/08/21 18:25:43 INFO serve: request method=GET path=/history status=200 duration=2.622654ms
2026/08/21 18:26:32 INFO serve: request method=GET path=/mod/live/history status=200 duration=9.011808ms
2026/08/21 18:26:32 INFO serve: request method=GET path=/history status=200 duration=1.795731ms
2026/08/21 18:26:33 INFO serve: request method=GET path=/mod/live/history status=200 duration=6.400885ms
2026/08/21 18:26:33 INFO serve: request method=GET path=/history status=200 duration=1.404616ms
2026/08/21 18:26:33 INFO serve: request method=GET path=/mod/swarm status=200 duration=20.640154ms
2026/08/21 18:26:34 INFO serve: request method=GET path=/mod/live/history status=200 duration=9.842577ms
2026/08/21 18:26:34 INFO serve: request method=GET path=/history status=200 duration=1.979462ms
2026/08/21 18:26:34 INFO serve: request method=GET path=/mod/swarm status=200 duration=23.592346ms
2026/08/21 18:26:35 INFO serve: request method=POST path=/tool-approval-mode status=204 duration=212µs
2026/08/21 18:26:35 INFO serve: request method=POST path=/mod/app/task/start status=202 duration=6.622308ms
2026/08/21 18:26:35 INFO serve: request method=GET path=/mod/live/history status=200 duration=8.341077ms
2026/08/21 18:26:35 INFO serve: request method=GET path=/history status=200 duration=1.655923ms
2026/08/21 18:26:36 INFO serve: request method=GET path=/mod/live/history status=200 duration=6.390462ms
2026/08/21 18:26:36 INFO serve: request method=GET path=/history status=200 duration=2.104192ms
2026/08/21 18:26:36 INFO serve: request method=GET path=/mod/swarm status=200 duration=17.283ms
2026/08/21 18:26:37 INFO serve: request method=GET path=/mod/live/history status=200 duration=10.121077ms
2026/08/21 18:26:37 INFO serve: request method=GET path=/history status=200 duration=10.428193ms
2026/08/21 18:26:37 INFO serve: request method=GET path=/mod/swarm status=200 duration=23.204654ms
2026/08/21 18:26:46 INFO serve: request method=GET path=/mod/live/history status=200 duration=26.787576ms
2026/08/21 18:26:46 INFO serve: request method=GET path=/history status=200 duration=5.658231ms
2026/08/21 18:26:47 INFO serve: request method=GET path=/mod/live/history status=200 duration=8.3445ms
2026/08/21 18:26:47 INFO serve: request method=GET path=/history status=200 duration=2.278307ms
2026/08/21 18:26:47 INFO serve: request method=GET path=/mod/swarm status=200 duration=27.715615ms
2026/08/21 18:26:48 INFO serve: request method=GET path=/mod/live/history status=200 duration=7.871192ms
2026/08/21 18:26:48 INFO serve: request method=GET path=/mod/swarm status=200 duration=21.525846ms
2026/08/21 18:26:48 INFO serve: request method=GET path=/history status=200 duration=6.094192ms
2026/08/21 18:26:49 INFO serve: request method=GET path=/mod/live/history status=200 duration=8.842577ms
2026/08/21 18:26:49 INFO serve: request method=GET path=/mod/swarm status=200 duration=16.061692ms
2026/08/21 18:26:49 INFO serve: request method=GET path=/history status=200 duration=2.724847ms
2026/08/21 18:26:50 INFO serve: request method=GET path=/mod/live/history status=200 duration=10.752731ms
2026/08/21 18:26:50 INFO serve: request method=GET path=/history status=200 duration=2.952077ms
2026/08/21 18:26:50 INFO serve: request method=GET path=/mod/swarm status=200 duration=27.614961ms
2026/08/21 18:26:50 INFO serve: request method=GET path=/mod/live/history status=200 duration=9.181269ms
2026/08/21 18:26:50 INFO serve: request method=GET path=/history status=200 duration=2.775885ms
2026/08/21 18:26:50 INFO serve: request method=GET path=/mod/swarm status=200 duration=27.589846ms
2026/08/21 18:26:51 INFO serve: request method=GET path=/mod/live/history status=200 duration=8.045384ms
2026/08/21 18:26:51 INFO serve: request method=GET path=/mod/swarm status=200 duration=18.153807ms
2026/08/21 18:26:51 INFO serve: request method=GET path=/history status=200 duration=2.028653ms
2026/08/21 18:26:52 INFO serve: request method=GET path=/mod/live/history status=200 duration=11.89077ms
2026/08/21 18:26:52 INFO serve: request method=GET path=/mod/swarm status=200 duration=22.941193ms
2026/08/21 18:26:52 INFO serve: request method=GET path=/history status=200 duration=2.131923ms
2026/08/21 18:26:53 INFO serve: request method=GET path=/mod/live/history status=200 duration=13.691539ms
2026/08/21 18:26:53 INFO serve: request method=GET path=/mod/swarm status=200 duration=23.575615ms
2026/08/21 18:26:53 INFO serve: request method=GET path=/history status=200 duration=2.596077ms
2026/08/21 18:26:54 INFO serve: request method=GET path=/mod/live/history status=200 duration=8.479193ms
2026/08/21 18:26:54 INFO serve: request method=GET path=/mod/swarm status=200 duration=17.719192ms
2026/08/21 18:26:54 INFO serve: request method=GET path=/history status=200 duration=1.9965ms
2026/08/21 18:26:55 INFO serve: request method=GET path=/mod/live/history status=200 duration=13.600115ms
2026/08/21 18:26:55 INFO serve: request method=GET path=/mod/swarm status=200 duration=21.310615ms
2026/08/21 18:26:55 INFO serve: request method=GET path=/history status=200 duration=2.812807ms
2026/08/21 18:26:56 INFO serve: request method=GET path=/mod/live/history status=200 duration=8.207616ms
2026/08/21 18:26:56 INFO serve: request method=GET path=/mod/swarm status=200 duration=17.628346ms
2026/08/21 18:26:56 INFO serve: request method=GET path=/history status=200 duration=2.916577ms
2026/08/21 18:26:57 INFO serve: request method=GET path=/mod/live/history status=200 duration=14.978269ms
2026/08/21 18:26:57 INFO serve: request method=GET path=/mod/swarm status=200 duration=22.241423ms
2026/08/21 18:26:57 INFO serve: request method=GET path=/history status=200 duration=2.967116ms
2026/08/21 18:26:58 INFO serve: request method=GET path=/mod/live/history status=200 duration=12.921346ms
2026/08/21 18:26:58 INFO serve: request method=GET path=/mod/swarm status=200 duration=26.23ms
2026/08/21 18:26:58 INFO serve: request method=GET path=/history status=200 duration=2.528923ms
2026/08/21 18:26:59 INFO serve: request method=GET path=/mod/live/history status=200 duration=17.289116ms
2026/08/21 18:26:59 INFO serve: request method=GET path=/mod/swarm status=200 duration=21.689192ms
2026/08/21 18:26:59 INFO serve: request method=GET path=/history status=200 duration=2.421731ms
2026/08/21 18:26:59 INFO serve: request method=GET path=/mod/live/history status=200 duration=19.469039ms
2026/08/21 18:26:59 INFO serve: request method=GET path=/mod/swarm status=200 duration=27.565885ms
2026/08/21 18:26:59 INFO serve: request method=GET path=/history status=200 duration=2.116461ms
2026/08/21 18:27:00 INFO serve: request method=GET path=/mod/live/history status=200 duration=10.896039ms
2026/08/21 18:27:00 INFO serve: request method=GET path=/mod/swarm status=200 duration=19.267653ms
2026/08/21 18:27:00 INFO serve: request method=GET path=/history status=200 duration=2.7885ms
2026/08/21 18:27:01 INFO serve: request method=GET path=/mod/live/history status=200 duration=9.721847ms
2026/08/21 18:27:01 INFO serve: request method=GET path=/mod/swarm status=200 duration=18.872654ms
2026/08/21 18:27:01 INFO serve: request method=GET path=/history status=200 duration=1.709461ms
2026/08/21 18:27:02 INFO serve: request method=GET path=/mod/live/history status=200 duration=8.037423ms
2026/08/21 18:27:02 INFO serve: request method=GET path=/history status=200 duration=2.720116ms
2026/08/21 18:27:02 INFO serve: request method=GET path=/mod/swarm status=200 duration=20.1075ms
2026/08/21 18:27:03 INFO serve: request method=GET path=/mod/live/history status=200 duration=23.228462ms
2026/08/21 18:27:03 INFO serve: request method=GET path=/mod/swarm status=200 duration=30.156769ms
2026/08/21 18:27:03 INFO serve: request method=GET path=/history status=200 duration=3.228423ms
2026/08/21 18:27:04 INFO serve: request method=GET path=/mod/live/history status=200 duration=6.064269ms
2026/08/21 18:27:04 INFO serve: request method=GET path=/history status=200 duration=2.706346ms
2026/08/21 18:27:04 INFO serve: request method=GET path=/mod/swarm status=200 duration=23.606923ms
2026/08/21 18:27:05 INFO serve: request method=GET path=/mod/live/history status=200 duration=9.171308ms
2026/08/21 18:27:05 INFO serve: request method=GET path=/history status=200 duration=1.516077ms
2026/08/21 18:27:05 INFO serve: request method=GET path=/mod/swarm status=200 duration=20.211923ms
2026/08/21 18:27:06 INFO serve: request method=GET path=/mod/live/history status=200 duration=21.560231ms
2026/08/21 18:27:06 INFO serve: request method=GET path=/mod/swarm status=200 duration=31.101616ms
2026/08/21 18:27:06 INFO serve: request method=GET path=/history status=200 duration=2.73473ms
2026/08/21 18:27:07 INFO serve: request method=GET path=/mod/live/history status=200 duration=8.3475ms
2026/08/21 18:27:07 INFO serve: request method=GET path=/mod/swarm status=200 duration=15.712539ms
2026/08/21 18:27:07 INFO serve: request method=GET path=/history status=200 duration=2.009ms
2026/08/21 18:27:08 INFO serve: request method=GET path=/mod/live/history status=200 duration=10.550961ms
2026/08/21 18:27:08 INFO serve: request method=GET path=/mod/swarm status=200 duration=22.126154ms
2026/08/21 18:27:08 INFO serve: request method=GET path=/history status=200 duration=2.964885ms
2026/08/21 18:27:08 INFO serve: request method=GET path=/mod/live/history status=200 duration=12.843577ms
2026/08/21 18:27:08 INFO serve: request method=GET path=/mod/swarm status=200 duration=21.959616ms
2026/08/21 18:27:08 INFO serve: request method=GET path=/history status=200 duration=2.561231ms
2026/08/21 18:27:09 INFO serve: request method=GET path=/mod/live/history status=200 duration=9.450154ms
2026/08/21 18:27:09 INFO serve: request method=GET path=/history status=200 duration=2.85177ms
2026/08/21 18:27:09 INFO serve: request method=GET path=/mod/swarm status=200 duration=62.633693ms
2026/08/21 19:32:29 INFO serve: shutting down gracefully
reasonix serve — deepseek-v4-flash on http://127.0.0.1:43493
  auth: token
  share: http://127.0.0.1:43493/ (token in /root/.reasonix-mobile-v1/serve.token)
2026/08/21 19:32:39 INFO serve: request method=POST path=/auth/token status=204 duration=245.847µs
2026/08/21 19:32:39 INFO serve: request method=GET path=/mod/status status=200 duration=7.141538ms
  balance: $2.33
2026/08/21 19:39:54 INFO serve: request method=GET path=/mod/live/history status=200 duration=6.965039ms
2026/08/21 19:42:55 INFO serve: request method=GET path=/mod/status status=200 duration=5.39323ms
2026/08/21 19:43:03 INFO serve: request method=GET path=/mod/status status=200 duration=8.736153ms
2026/08/21 19:43:34 INFO serve: request method=GET path=/mod/capabilities status=200 duration=27.054577ms
2026/08/21 19:43:44 INFO serve: request method=GET path=/mod/capabilities status=200 duration=27.623154ms
2026/08/21 19:43:45 INFO serve: request method=GET path=/mod/environment status=200 duration=230.434115ms
2026/08/21 19:44:45 INFO serve: request method=GET path=/mod/recovery status=200 duration=771µs
2026/08/21 19:44:46 INFO serve: request method=GET path=/mod/tasks status=200 duration=124.467615ms
2026/08/21 20:14:07 INFO serve: shutting down gracefully
reasonix serve — deepseek-v4-flash on http://127.0.0.1:42839
  auth: token
  share: http://127.0.0.1:42839/ (token in /root/.reasonix-mobile-v1/serve.token)
2026/08/21 20:14:14 INFO serve: request method=POST path=/auth/token status=204 duration=165.846µs
2026/08/21 20:14:14 INFO serve: request method=GET path=/mod/status status=200 duration=9.794654ms
  balance: $2.02
2026/08/21 20:14:28 INFO serve: request method=POST path=/rewind status=500 duration=8.225307ms
2026/08/21 20:14:28 INFO serve: request method=GET path=/mod/capabilities status=200 duration=22.384692ms
2026/08/21 20:14:28 INFO serve: request method=GET path=/mod/recovery status=200 duration=191.692µs
2026/08/21 20:14:43 INFO serve: shutting down gracefully
reasonix serve — deepseek-v4-flash on http://127.0.0.1:33907
  auth: token
  share: http://127.0.0.1:33907/ (token in /root/.reasonix-mobile-v1/serve.token)
2026/08/21 20:14:47 INFO serve: request method=POST path=/auth/token status=204 duration=303.346µs
2026/08/21 20:14:47 INFO serve: request method=GET path=/mod/status status=200 duration=11.790231ms
2026/08/21 20:14:47 INFO serve: shutting down gracefully
reasonix serve — deepseek-v4-flash on http://127.0.0.1:34669
  auth: token
  share: http://127.0.0.1:34669/ (token in /root/.reasonix-mobile-v1/serve.token)
2026/08/21 20:14:52 INFO serve: request method=POST path=/auth/token status=204 duration=288.462µs
2026/08/21 20:14:52 INFO serve: request method=GET path=/mod/status status=200 duration=19.725077ms
  balance: $2.02
2026/08/21 20:15:08 INFO serve: shutting down gracefully
reasonix serve — deepseek-v4-flash on http://127.0.0.1:36035
  auth: token
  share: http://127.0.0.1:36035/ (token in /root/.reasonix-mobile-v1/serve.token)
2026/08/21 20:15:12 INFO serve: request method=POST path=/auth/token status=204 duration=123.5µs
2026/08/21 20:15:12 INFO serve: request method=GET path=/mod/status status=200 duration=14.103077ms
2026/08/21 20:15:13 INFO serve: shutting down gracefully
reasonix serve — deepseek-v4-flash on http://127.0.0.1:35961
  auth: token
  share: http://127.0.0.1:35961/ (token in /root/.reasonix-mobile-v1/serve.token)
2026/08/21 20:15:17 INFO serve: request method=POST path=/auth/token status=204 duration=287.423µs
2026/08/21 20:15:17 INFO serve: request method=GET path=/mod/status status=200 duration=8.915384ms
  balance: $2.01
2026/08/21 20:15:48 INFO serve: shutting down gracefully
reasonix serve — deepseek-v4-flash on http://127.0.0.1:37055
  auth: token
  share: http://127.0.0.1:37055/ (token in /root/.reasonix-mobile-v1/serve.token)
2026/08/21 20:15:52 INFO serve: request method=POST path=/auth/token status=204 duration=128.423µs
2026/08/21 20:15:52 INFO serve: request method=GET path=/mod/status status=200 duration=13.841193ms
  balance: $2.01
2026/08/21 20:17:36 INFO serve: shutting down gracefully
reasonix serve — deepseek-v4-flash on http://127.0.0.1:36433
  auth: token
  share: http://127.0.0.1:36433/ (token in /root/.reasonix-mobile-v1/serve.token)
2026/08/21 20:17:41 INFO serve: request method=POST path=/auth/token status=204 duration=634.077µs
2026/08/21 20:17:41 INFO serve: request method=GET path=/mod/status status=200 duration=6.717962ms
  balance: $1.99
2026/08/21 20:17:43 INFO serve: shutting down gracefully
reasonix serve — deepseek-v4-flash on http://127.0.0.1:39787
  auth: token
  share: http://127.0.0.1:39787/ (token in /root/.reasonix-mobile-v1/serve.token)
2026/08/21 20:17:46 INFO serve: request method=POST path=/auth/token status=204 duration=122µs
2026/08/21 20:17:46 INFO serve: request method=GET path=/mod/status status=200 duration=5.259731ms
  balance: $1.99
2026/08/21 20:18:00 INFO serve: request method=GET path=/mod/status status=200 duration=5.100385ms
2026/08/21 20:18:26 INFO serve: shutting down gracefully
reasonix serve — deepseek-v4-flash on http://127.0.0.1:44415
  auth: token
  share: http://127.0.0.1:44415/ (token in /root/.reasonix-mobile-v1/serve.token)
2026/08/21 20:18:31 INFO serve: request method=POST path=/auth/token status=204 duration=73.077µs
2026/08/21 20:18:31 INFO serve: request method=GET path=/mod/status status=200 duration=6.991192ms
2026/08/21 20:18:31 INFO serve: shutting down gracefully
reasonix serve — deepseek-v4-flash on http://127.0.0.1:38985
  auth: token
  share: http://127.0.0.1:38985/ (token in /root/.reasonix-mobile-v1/serve.token)
2026/08/21 20:18:36 INFO serve: request method=POST path=/auth/token status=204 duration=231.539µs
2026/08/21 20:18:36 INFO serve: request method=GET path=/mod/status status=200 duration=7.579539ms
  balance: $1.99
2026/08/21 20:18:38 INFO serve: shutting down gracefully
reasonix serve — deepseek-v4-flash on http://127.0.0.1:42313
  auth: token
  share: http://127.0.0.1:42313/ (token in /root/.reasonix-mobile-v1/serve.token)
2026/08/21 20:18:42 INFO serve: request method=POST path=/auth/token status=204 duration=199.769µs
2026/08/21 20:18:42 INFO serve: request method=GET path=/mod/status status=200 duration=3.873385ms
  balance: $1.99
2026/08/21 20:18:43 INFO serve: shutting down gracefully
reasonix serve — deepseek-v4-flash on http://127.0.0.1:37129
  auth: token
  share: http://127.0.0.1:37129/ (token in /root/.reasonix-mobile-v1/serve.token)
2026/08/21 20:18:46 INFO serve: request method=POST path=/auth/token status=204 duration=264.693µs
2026/08/21 20:18:46 INFO serve: request method=GET path=/mod/status status=200 duration=3.614154ms
2026/08/21 20:18:47 INFO serve: request method=GET path=/mod/capabilities status=200 duration=15.077423ms
2026/08/21 20:18:47 INFO serve: request method=POST path=/rewind status=500 duration=28.403577ms
  balance: $1.99
2026/08/21 20:19:07 INFO serve: shutting down gracefully
reasonix serve — deepseek-v4-flash on http://127.0.0.1:44701
  auth: token
  share: http://127.0.0.1:44701/ (token in /root/.reasonix-mobile-v1/serve.token)
2026/08/21 20:19:10 INFO serve: request method=POST path=/auth/token status=204 duration=108.231µs
2026/08/21 20:19:10 INFO serve: request method=GET path=/mod/status status=200 duration=4.162846ms
2026/08/21 20:19:10 INFO serve: shutting down gracefully
reasonix serve — deepseek-v4-flash on http://127.0.0.1:43759
  auth: token
  share: http://127.0.0.1:43759/ (token in /root/.reasonix-mobile-v1/serve.token)
2026/08/21 20:19:13 INFO serve: request method=POST path=/auth/token status=204 duration=204.846µs
2026/08/21 20:19:13 INFO serve: request method=GET path=/mod/status status=200 duration=5.148192ms
  balance: $1.98
2026/08/21 20:19:15 INFO serve: shutting down gracefully
reasonix serve — deepseek-v4-flash on http://127.0.0.1:45433
  auth: token
  share: http://127.0.0.1:45433/ (token in /root/.reasonix-mobile-v1/serve.token)
2026/08/21 20:19:17 INFO serve: request method=POST path=/auth/token status=204 duration=232µs
2026/08/21 20:19:17 INFO serve: request method=GET path=/mod/status status=200 duration=3.819115ms
2026/08/21 20:19:18 INFO serve: shutting down gracefully
reasonix serve — deepseek-v4-flash on http://127.0.0.1:33091
  auth: token
  share: http://127.0.0.1:33091/ (token in /root/.reasonix-mobile-v1/serve.token)
2026/08/21 20:19:21 INFO serve: request method=POST path=/auth/token status=204 duration=106.5µs
2026/08/21 20:19:21 INFO serve: request method=GET path=/mod/status status=200 duration=3.814731ms
2026/08/21 20:19:22 INFO serve: request method=GET path=/mod/capabilities status=200 duration=13.835384ms
2026/08/21 20:19:22 INFO serve: request method=POST path=/rewind status=500 duration=5.841ms
  balance: $1.98
2026/08/21 20:21:36 INFO serve: shutting down gracefully
reasonix serve — deepseek-v4-flash on http://127.0.0.1:41909
  auth: token
  share: http://127.0.0.1:41909/ (token in /root/.reasonix-mobile-v1/serve.token)
2026/08/21 20:21:43 INFO serve: request method=POST path=/auth/token status=204 duration=229.461µs
2026/08/21 20:21:43 INFO serve: request method=GET path=/mod/status status=200 duration=11.388885ms
  balance: $1.96
reasonix serve — deepseek-v4-flash on http://127.0.0.1:44183
  auth: token
  share: http://127.0.0.1:44183/ (token in /root/.reasonix-mobile-v1/serve.token)
2026/08/21 21:24:02 INFO serve: request method=POST path=/auth/token status=204 duration=214.423µs
2026/08/21 21:24:02 INFO serve: request method=GET path=/mod/status status=200 duration=10.697577ms
  balance: $1.66
2026/08/22 10:16:03 INFO serve: request method=GET path=/mod/status status=200 duration=53.885538ms
2026/08/22 10:16:03 INFO serve: request method=GET path=/mod/app/contract status=200 duration=15.446115ms
2026/08/22 10:16:03 INFO serve: request method=POST path=/tool-approval-mode status=204 duration=7.998385ms
2026/08/22 10:16:05 INFO serve: request method=GET path=/mod/status status=200 duration=5.222308ms
2026/08/22 10:16:05 INFO serve: request method=GET path=/mod/app/contract status=200 duration=1.651615ms
2026/08/22 10:16:05 INFO serve: request method=GET path=/mod/live/history status=200 duration=331.885µs
2026/08/22 10:16:07 INFO serve: request method=GET path=/mod/capabilities status=200 duration=30.902116ms
2026/08/22 10:16:07 INFO serve: request method=GET path=/mod/live/history status=200 duration=117.539µs
2026/08/22 10:16:07 INFO serve: request method=GET path=/mod/recovery status=200 duration=247.23µs
2026/08/22 10:16:08 INFO serve: request method=POST path=/tool-approval-mode status=204 duration=502.269µs
2026/08/22 10:16:08 INFO serve: request method=POST path=/mod/app/task/start status=202 duration=20.042769ms
2026/08/22 10:16:08 INFO serve: request method=GET path=/mod/live/history status=200 duration=332.577µs
2026/08/22 10:16:09 INFO serve: request method=GET path=/mod/live/history status=200 duration=382.385µs
2026/08/22 10:16:09 INFO serve: request method=GET path=/mod/swarm status=200 duration=38.089692ms
2026/08/22 10:16:09 INFO serve: request method=GET path=/mod/live/history status=200 duration=492µs
2026/08/22 10:16:09 INFO serve: request method=GET path=/mod/swarm status=200 duration=28.808885ms
2026/08/22 10:16:10 INFO serve: request method=GET path=/mod/live/history status=200 duration=300.461µs
2026/08/22 10:16:10 INFO serve: request method=GET path=/mod/swarm status=200 duration=23.944615ms
2026/08/22 10:16:11 INFO serve: request method=GET path=/mod/live/history status=200 duration=834.693µs
2026/08/22 10:16:11 INFO serve: request method=GET path=/mod/swarm status=200 duration=26.204616ms
2026/08/22 10:16:12 INFO serve: request method=GET path=/mod/live/history status=200 duration=937.769µs
2026/08/22 10:16:12 INFO serve: request method=GET path=/mod/swarm status=200 duration=25.270615ms
2026/08/22 10:16:13 INFO serve: request method=GET path=/mod/live/history status=200 duration=943µs
2026/08/22 10:16:13 INFO serve: request method=GET path=/mod/swarm status=200 duration=29.419961ms
2026/08/22 10:16:14 INFO serve: request method=GET path=/mod/live/history status=200 duration=331.654µs
2026/08/22 10:16:14 INFO serve: request method=GET path=/mod/swarm status=200 duration=24.160346ms
2026/08/22 10:16:15 INFO serve: request method=GET path=/mod/live/history status=200 duration=700.885µs
2026/08/22 10:16:15 INFO serve: request method=GET path=/history status=200 duration=1.635385ms
2026/08/22 10:16:15 INFO serve: request method=GET path=/mod/swarm status=200 duration=19.081923ms
2026/08/22 10:16:15 INFO serve: request method=GET path=/mod/tasks status=200 duration=109.593846ms
2026/08/22 10:16:16 INFO serve: request method=GET path=/mod/live/history status=200 duration=664.346µs
2026/08/22 10:16:16 INFO serve: request method=GET path=/history status=200 duration=1.255231ms
2026/08/22 10:16:16 INFO serve: request method=GET path=/mod/swarm status=200 duration=17.682769ms
2026/08/22 10:16:17 INFO serve: request method=GET path=/mod/live/history status=200 duration=631.73µs
2026/08/22 10:16:17 INFO serve: request method=GET path=/history status=200 duration=1.500462ms
2026/08/22 10:16:17 INFO serve: request method=GET path=/mod/swarm status=200 duration=22.318193ms
2026/08/22 10:16:17 INFO serve: request method=GET path=/mod/live/history status=200 duration=1.025346ms
2026/08/22 10:16:18 INFO serve: request method=GET path=/history status=200 duration=1.787ms
2026/08/22 10:16:18 INFO serve: request method=GET path=/mod/swarm status=200 duration=24.533539ms
2026/08/22 10:16:18 INFO serve: request method=GET path=/mod/live/history status=200 duration=883.23µs
2026/08/22 10:16:18 INFO serve: request method=GET path=/history status=200 duration=1.747693ms
2026/08/22 10:16:18 INFO serve: request method=GET path=/mod/swarm status=200 duration=23.817539ms
2026/08/22 10:16:19 INFO serve: request method=GET path=/mod/live/history status=200 duration=765.5µs
2026/08/22 10:16:19 INFO serve: request method=GET path=/history status=200 duration=1.46027ms
2026/08/22 10:16:19 INFO serve: request method=GET path=/mod/swarm status=200 duration=20.901154ms
2026/08/22 10:16:20 INFO serve: request method=GET path=/mod/live/history status=200 duration=1.263962ms
2026/08/22 10:16:20 INFO serve: request method=GET path=/history status=200 duration=1.591731ms
2026/08/22 10:16:20 INFO serve: request method=GET path=/mod/swarm status=200 duration=22.999ms
2026/08/22 10:16:21 INFO serve: request method=GET path=/mod/live/history status=200 duration=822.577µs
2026/08/22 10:16:21 INFO serve: request method=GET path=/history status=200 duration=1.487962ms
2026/08/22 10:16:21 INFO serve: request method=GET path=/mod/swarm status=200 duration=18.340384ms
2026/08/22 10:16:22 INFO serve: request method=GET path=/mod/live/history status=200 duration=879.654µs
2026/08/22 10:16:22 INFO serve: request method=GET path=/history status=200 duration=1.876538ms
2026/08/22 10:16:22 INFO serve: request method=GET path=/mod/swarm status=200 duration=21.277885ms
2026/08/22 10:16:23 INFO serve: request method=GET path=/mod/live/history status=200 duration=1.932154ms
2026/08/22 10:16:23 INFO serve: request method=GET path=/history status=200 duration=1.202962ms
2026/08/22 10:16:23 INFO serve: request method=GET path=/mod/swarm status=200 duration=25.897653ms
2026/08/22 10:16:24 INFO serve: request method=GET path=/mod/live/history status=200 duration=808.654µs
2026/08/22 10:16:24 INFO serve: request method=GET path=/history status=200 duration=1.783346ms
2026/08/22 10:16:24 INFO serve: request method=GET path=/mod/swarm status=200 duration=23.012154ms
2026/08/22 10:16:25 INFO serve: request method=GET path=/mod/live/history status=200 duration=540.423µs
2026/08/22 10:16:25 INFO serve: request method=GET path=/history status=200 duration=1.394269ms
2026/08/22 10:16:25 INFO serve: request method=GET path=/mod/swarm status=200 duration=17.143154ms
2026/08/22 10:16:26 INFO serve: request method=GET path=/mod/live/history status=200 duration=694.115µs
2026/08/22 10:16:26 INFO serve: request method=GET path=/history status=200 duration=1.276077ms
2026/08/22 10:16:26 INFO serve: request method=GET path=/mod/swarm status=200 duration=22.610115ms
2026/08/22 10:16:26 INFO serve: request method=GET path=/mod/live/history status=200 duration=699.462µs
2026/08/22 10:16:27 INFO serve: request method=GET path=/history status=200 duration=11.80527ms
2026/08/22 10:16:27 INFO serve: request method=GET path=/mod/swarm status=200 duration=28.586308ms
2026/08/22 10:16:27 INFO serve: request method=GET path=/mod/live/history status=200 duration=722.615µs
2026/08/22 10:16:27 INFO serve: request method=GET path=/history status=200 duration=1.935193ms
2026/08/22 10:16:27 INFO serve: request method=GET path=/mod/swarm status=200 duration=28.552ms
2026/08/22 10:16:28 INFO serve: request method=GET path=/mod/live/history status=200 duration=793.5µs
2026/08/22 10:16:28 INFO serve: request method=GET path=/history status=200 duration=1.283615ms
2026/08/22 10:16:28 INFO serve: request method=GET path=/mod/swarm status=200 duration=25.929846ms
2026/08/22 10:16:29 INFO serve: request method=GET path=/mod/live/history status=200 duration=869.961µs
2026/08/22 10:16:29 INFO serve: request method=GET path=/history status=200 duration=1.540538ms
2026/08/22 10:16:29 INFO serve: request method=GET path=/mod/swarm status=200 duration=23.030693ms
2026/08/22 10:16:30 INFO serve: request method=GET path=/mod/live/history status=200 duration=1.08527ms
2026/08/22 10:16:30 INFO serve: request method=GET path=/history status=200 duration=1.421115ms
2026/08/22 10:16:30 INFO serve: request method=GET path=/mod/swarm status=200 duration=18.834654ms
2026/08/22 10:16:31 INFO serve: request method=GET path=/mod/live/history status=200 duration=860.154µs
2026/08/22 10:16:31 INFO serve: request method=GET path=/history status=200 duration=1.517424ms
2026/08/22 10:16:31 INFO serve: request method=GET path=/mod/swarm status=200 duration=19.80223ms
2026/08/22 10:16:32 INFO serve: request method=GET path=/mod/live/history status=200 duration=715.385µs
2026/08/22 10:16:32 INFO serve: request method=GET path=/history status=200 duration=1.437653ms
2026/08/22 10:16:32 INFO serve: request method=GET path=/mod/swarm status=200 duration=19.890192ms
2026/08/22 10:16:33 INFO serve: request method=GET path=/mod/live/history status=200 duration=1.241884ms
2026/08/22 10:16:33 INFO serve: request method=GET path=/history status=200 duration=1.403192ms
2026/08/22 10:16:33 INFO serve: request method=GET path=/mod/swarm status=200 duration=23.248346ms
2026/08/22 10:16:34 INFO serve: request method=GET path=/mod/live/history status=200 duration=768.462µs
2026/08/22 10:16:34 INFO serve: request method=GET path=/history status=200 duration=1.569539ms
2026/08/22 10:16:34 INFO serve: request method=GET path=/mod/swarm status=200 duration=20.123116ms
2026/08/22 10:16:35 INFO serve: request method=GET path=/mod/live/history status=200 duration=660.885µs
2026/08/22 10:16:35 INFO serve: request method=GET path=/history status=200 duration=1.220693ms
2026/08/22 10:16:35 INFO serve: request method=GET path=/mod/swarm status=200 duration=20.544846ms
2026/08/22 10:16:35 INFO serve: request method=GET path=/mod/live/history status=200 duration=719.346µs
2026/08/22 10:16:36 INFO serve: request method=GET path=/history status=200 duration=1.346885ms
2026/08/22 10:16:36 INFO serve: request method=GET path=/mod/swarm status=200 duration=17.257192ms
2026/08/22 10:16:36 INFO serve: request method=GET path=/mod/live/history status=200 duration=587.769µs
2026/08/22 10:16:36 INFO serve: request method=GET path=/history status=200 duration=1.4145ms
2026/08/22 10:16:36 INFO serve: request method=GET path=/mod/swarm status=200 duration=27.236923ms
2026/08/22 10:16:37 INFO serve: request method=GET path=/mod/live/history status=200 duration=754.923µs
2026/08/22 10:16:37 INFO serve: request method=GET path=/history status=200 duration=1.7585ms
2026/08/22 10:16:37 INFO serve: request method=GET path=/mod/swarm status=200 duration=20.107347ms
2026/08/22 10:16:38 INFO serve: request method=GET path=/mod/live/history status=200 duration=680.5µs
2026/08/22 10:16:38 INFO serve: request method=GET path=/history status=200 duration=1.339462ms
2026/08/22 10:16:38 INFO serve: request method=GET path=/mod/swarm status=200 duration=19.54077ms
2026/08/22 10:16:39 INFO serve: request method=GET path=/mod/live/history status=200 duration=730.962µs
2026/08/22 10:16:39 INFO serve: request method=GET path=/history status=200 duration=1.6675ms
2026/08/22 10:16:39 INFO serve: request method=GET path=/mod/swarm status=200 duration=19.438731ms
2026/08/22 10:16:40 INFO serve: request method=GET path=/mod/live/history status=200 duration=714.153µs
2026/08/22 10:16:40 INFO serve: request method=GET path=/history status=200 duration=1.294ms
2026/08/22 10:16:40 INFO serve: request method=GET path=/mod/swarm status=200 duration=20.456885ms
2026/08/22 10:16:41 INFO serve: request method=GET path=/mod/live/history status=200 duration=620.5µs
2026/08/22 10:16:41 INFO serve: request method=GET path=/history status=200 duration=1.462654ms
2026/08/22 10:16:41 INFO serve: request method=GET path=/mod/swarm status=200 duration=19.717384ms
2026/08/22 10:16:42 INFO serve: request method=GET path=/mod/live/history status=200 duration=624.423µs
2026/08/22 10:16:42 INFO serve: request method=GET path=/history status=200 duration=1.793193ms
2026/08/22 10:16:42 INFO serve: request method=GET path=/mod/swarm status=200 duration=30.007576ms
2026/08/22 10:16:43 INFO serve: request method=GET path=/mod/live/history status=200 duration=553.615µs
2026/08/22 10:16:43 INFO serve: request method=GET path=/history status=200 duration=1.940885ms
2026/08/22 10:16:43 INFO serve: request method=GET path=/mod/swarm status=200 duration=21.160154ms
2026/08/22 10:16:44 INFO serve: request method=GET path=/mod/live/history status=200 duration=547.154µs
2026/08/22 10:16:44 INFO serve: request method=GET path=/history status=200 duration=1.009731ms
2026/08/22 10:16:44 INFO serve: request method=GET path=/mod/swarm status=200 duration=19.846731ms
2026/08/22 10:16:45 INFO serve: request method=GET path=/mod/live/history status=200 duration=793.807µs
2026/08/22 10:16:45 INFO serve: request method=GET path=/history status=200 duration=1.200577ms
2026/08/22 10:16:45 INFO serve: request method=GET path=/mod/swarm status=200 duration=20.351346ms
2026/08/22 10:16:45 INFO serve: request method=GET path=/mod/live/history status=200 duration=695.115µs
2026/08/22 10:16:45 INFO serve: request method=GET path=/history status=200 duration=1.7005ms
2026/08/22 10:16:45 INFO serve: request method=GET path=/mod/swarm status=200 duration=24.862807ms
2026/08/22 10:16:46 INFO serve: request method=GET path=/mod/live/history status=200 duration=900.769µs
2026/08/22 10:16:46 INFO serve: request method=GET path=/history status=200 duration=1.462539ms
2026/08/22 10:16:46 INFO serve: request method=GET path=/mod/swarm status=200 duration=22.248154ms
2026/08/22 10:16:47 INFO serve: request method=GET path=/mod/live/history status=200 duration=760.5µs
2026/08/22 10:16:47 INFO serve: request method=GET path=/history status=200 duration=1.399ms
2026/08/22 10:16:47 INFO serve: request method=GET path=/mod/swarm status=200 duration=19.901808ms
2026/08/22 10:16:48 INFO serve: request method=GET path=/mod/live/history status=200 duration=704.846µs
2026/08/22 10:16:48 INFO serve: request method=GET path=/history status=200 duration=1.386385ms
2026/08/22 10:16:48 INFO serve: request method=GET path=/mod/swarm status=200 duration=22.365692ms
2026/08/22 10:16:49 INFO serve: request method=GET path=/mod/live/history status=200 duration=625.923µs
2026/08/22 10:16:49 INFO serve: request method=GET path=/history status=200 duration=1.000038ms
2026/08/22 10:16:49 INFO serve: request method=GET path=/mod/swarm status=200 duration=15.894731ms
2026/08/22 10:16:50 INFO serve: request method=GET path=/mod/live/history status=200 duration=759.038µs
2026/08/22 10:16:50 INFO serve: request method=GET path=/history status=200 duration=1.543116ms
2026/08/22 10:16:50 INFO serve: request method=GET path=/mod/swarm status=200 duration=20.160538ms
2026/08/22 10:16:51 INFO serve: request method=GET path=/mod/live/history status=200 duration=636.423µs
2026/08/22 10:16:51 INFO serve: request method=GET path=/history status=200 duration=1.399615ms
2026/08/22 10:16:51 INFO serve: request method=GET path=/mod/swarm status=200 duration=17.623423ms
2026/08/22 10:16:52 INFO serve: request method=GET path=/mod/live/history status=200 duration=620.884µs
2026/08/22 10:16:52 INFO serve: request method=GET path=/history status=200 duration=1.061038ms
2026/08/22 10:16:52 INFO serve: request method=GET path=/mod/swarm status=200 duration=21.054731ms
2026/08/22 10:16:53 INFO serve: request method=GET path=/mod/live/history status=200 duration=923.153µs
2026/08/22 10:16:53 INFO serve: request method=GET path=/history status=200 duration=1.019154ms
2026/08/22 10:16:53 INFO serve: request method=GET path=/mod/swarm status=200 duration=23.909769ms
2026/08/22 10:16:53 INFO serve: request method=GET path=/mod/live/history status=200 duration=1.10573ms
2026/08/22 10:16:54 INFO serve: request method=GET path=/history status=200 duration=1.583192ms
2026/08/22 10:16:54 INFO serve: request method=GET path=/mod/swarm status=200 duration=22.862769ms
2026/08/22 10:16:54 INFO serve: request method=GET path=/mod/live/history status=200 duration=795.5µs
2026/08/22 10:16:54 INFO serve: request method=GET path=/history status=200 duration=2.418885ms
2026/08/22 10:16:54 INFO serve: request method=GET path=/mod/swarm status=200 duration=28.410923ms
2026/08/22 10:16:55 INFO serve: request method=GET path=/mod/live/history status=200 duration=730.615µs
2026/08/22 10:16:55 INFO serve: request method=GET path=/history status=200 duration=1.726192ms
2026/08/22 10:16:55 INFO serve: request method=GET path=/mod/swarm status=200 duration=28.215769ms
2026/08/22 10:16:55 INFO serve: request method=GET path=/mod/recovery status=200 duration=138.923µs
2026/08/22 10:16:55 INFO serve: request method=POST path=/tool-approval-mode status=204 duration=272.308µs
2026/08/22 10:16:55 INFO serve: request method=POST path=/mod/app/task/start status=202 duration=5.557115ms
2026/08/22 10:16:55 INFO serve: request method=GET path=/mod/live/history status=200 duration=734.885µs
2026/08/22 10:16:55 INFO serve: request method=GET path=/history status=200 duration=1.128962ms
2026/08/22 10:16:56 INFO serve: request method=GET path=/mod/live/history status=200 duration=1.29ms
2026/08/22 10:16:56 INFO serve: request method=GET path=/history status=200 duration=1.542154ms
2026/08/22 10:16:56 INFO serve: request method=GET path=/mod/swarm status=200 duration=31.707077ms
2026/08/22 10:16:57 INFO serve: request method=GET path=/mod/live/history status=200 duration=854.461µs
2026/08/22 10:16:57 INFO serve: request method=GET path=/history status=200 duration=1.240384ms
2026/08/22 10:16:57 INFO serve: request method=GET path=/mod/swarm status=200 duration=27.624385ms
2026/08/22 10:16:58 INFO serve: request method=GET path=/mod/live/history status=200 duration=706.115µs
2026/08/22 10:16:58 INFO serve: request method=GET path=/history status=200 duration=1.48877ms
2026/08/22 10:16:58 INFO serve: request method=GET path=/mod/swarm status=200 duration=19.536461ms
2026/08/22 10:16:59 INFO serve: request method=GET path=/mod/live/history status=200 duration=1.865269ms
2026/08/22 10:16:59 INFO serve: request method=GET path=/history status=200 duration=1.486539ms
2026/08/22 10:16:59 INFO serve: request method=GET path=/mod/swarm status=200 duration=24.590807ms
2026/08/22 10:17:00 INFO serve: request method=GET path=/mod/live/history status=200 duration=859.5µs
2026/08/22 10:17:00 INFO serve: request method=GET path=/history status=200 duration=3.202654ms
2026/08/22 10:17:00 INFO serve: request method=GET path=/mod/swarm status=200 duration=40.034346ms
2026/08/22 10:17:01 INFO serve: request method=GET path=/mod/live/history status=200 duration=1.088384ms
2026/08/22 10:17:01 INFO serve: request method=GET path=/history status=200 duration=1.521654ms
2026/08/22 10:17:01 INFO serve: request method=GET path=/mod/swarm status=200 duration=26.010616ms
2026/08/22 10:17:02 INFO serve: request method=GET path=/mod/live/history status=200 duration=1.134808ms
2026/08/22 10:17:02 INFO serve: request method=GET path=/history status=200 duration=1.816692ms
2026/08/22 10:17:02 INFO serve: request method=GET path=/mod/swarm status=200 duration=27.849077ms
2026/08/22 10:17:03 INFO serve: request method=GET path=/mod/live/history status=200 duration=1.303923ms
2026/08/22 10:17:03 INFO serve: request method=GET path=/history status=200 duration=1.600269ms
2026/08/22 10:17:03 INFO serve: request method=GET path=/mod/swarm status=200 duration=40.250808ms
2026/08/22 10:17:04 INFO serve: request method=GET path=/mod/live/history status=200 duration=2.2825ms
2026/08/22 10:17:04 INFO serve: request method=GET path=/history status=200 duration=1.647116ms
2026/08/22 10:17:04 INFO serve: request method=GET path=/mod/swarm status=200 duration=30.913962ms
2026/08/22 10:17:04 INFO serve: request method=GET path=/mod/live/history status=200 duration=1.326308ms
2026/08/22 10:17:04 INFO serve: request method=GET path=/history status=200 duration=4.361846ms
2026/08/22 10:17:05 INFO serve: request method=GET path=/mod/swarm status=200 duration=21.704384ms
2026/08/22 10:17:05 INFO serve: request method=GET path=/mod/live/history status=200 duration=1.102077ms
2026/08/22 10:17:05 INFO serve: request method=GET path=/history status=200 duration=1.562231ms
2026/08/22 10:17:05 INFO serve: request method=GET path=/mod/swarm status=200 duration=19.158769ms
2026/08/22 10:17:06 INFO serve: request method=GET path=/mod/live/history status=200 duration=1.309846ms
2026/08/22 10:17:06 INFO serve: request method=GET path=/history status=200 duration=2.268884ms
2026/08/22 10:17:06 INFO serve: request method=GET path=/mod/swarm status=200 duration=30.160346ms
2026/08/22 10:17:07 INFO serve: request method=GET path=/mod/live/history status=200 duration=1.044654ms
2026/08/22 10:17:07 INFO serve: request method=GET path=/history status=200 duration=1.839269ms
2026/08/22 10:17:07 INFO serve: request method=GET path=/mod/swarm status=200 duration=22.2845ms
2026/08/22 10:17:08 INFO serve: request method=GET path=/mod/live/history status=200 duration=1.645231ms
2026/08/22 10:17:08 INFO serve: request method=GET path=/history status=200 duration=1.499308ms
2026/08/22 10:17:08 INFO serve: request method=GET path=/mod/swarm status=200 duration=25.062385ms
2026/08/22 10:17:09 INFO serve: request method=GET path=/mod/live/history status=200 duration=1.99377ms
2026/08/22 10:17:09 INFO serve: request method=GET path=/history status=200 duration=1.169616ms
2026/08/22 10:17:09 INFO serve: request method=GET path=/mod/swarm status=200 duration=22.736077ms
2026/08/22 10:17:10 INFO serve: request method=GET path=/mod/live/history status=200 duration=1.211154ms
2026/08/22 10:17:10 INFO serve: request method=GET path=/history status=200 duration=2.803654ms
2026/08/22 10:17:10 INFO serve: request method=GET path=/mod/swarm status=200 duration=35.332039ms
2026/08/22 10:17:11 INFO serve: request method=GET path=/mod/live/history status=200 duration=1.206384ms
2026/08/22 10:17:11 INFO serve: request method=GET path=/history status=200 duration=1.572731ms
2026/08/22 10:17:11 INFO serve: request method=GET path=/mod/swarm status=200 duration=22.002ms
2026/08/22 10:17:12 INFO serve: request method=GET path=/mod/live/history status=200 duration=1.245384ms
2026/08/22 10:17:12 INFO serve: request method=GET path=/history status=200 duration=1.2625ms
2026/08/22 10:17:12 INFO serve: request method=GET path=/mod/swarm status=200 duration=23.879154ms
2026/08/22 10:17:13 INFO serve: request method=GET path=/mod/live/history status=200 duration=1.35ms
2026/08/22 10:17:13 INFO serve: request method=GET path=/history status=200 duration=1.811885ms
2026/08/22 10:17:13 INFO serve: request method=GET path=/mod/swarm status=200 duration=31.533654ms
2026/08/22 10:17:13 INFO serve: request method=GET path=/mod/live/history status=200 duration=1.110847ms
2026/08/22 10:17:13 INFO serve: request method=GET path=/history status=200 duration=1.782616ms
2026/08/22 10:17:14 INFO serve: request method=GET path=/mod/swarm status=200 duration=27.523769ms
2026/08/22 10:17:14 INFO serve: request method=GET path=/mod/live/history status=200 duration=2.045885ms
2026/08/22 10:17:14 INFO serve: request method=GET path=/history status=200 duration=1.672577ms
2026/08/22 10:17:14 INFO serve: request method=GET path=/mod/swarm status=200 duration=28.542769ms
2026/08/22 10:17:15 INFO serve: request method=GET path=/mod/live/history status=200 duration=1.129615ms
2026/08/22 10:17:15 INFO serve: request method=GET path=/history status=200 duration=1.412193ms
2026/08/22 10:17:15 INFO serve: request method=GET path=/mod/swarm status=200 duration=32.203769ms
2026/08/22 10:17:16 INFO serve: request method=GET path=/mod/live/history status=200 duration=759µs
2026/08/22 10:17:16 INFO serve: request method=GET path=/history status=200 duration=1.616153ms
2026/08/22 10:17:16 INFO serve: request method=GET path=/mod/swarm status=200 duration=27.511461ms
2026/08/22 10:17:17 INFO serve: request method=GET path=/mod/live/history status=200 duration=1.440077ms
2026/08/22 10:17:17 INFO serve: request method=GET path=/history status=200 duration=2.496115ms
2026/08/22 10:17:17 INFO serve: request method=GET path=/mod/swarm status=200 duration=36.901385ms
2026/08/22 10:17:18 INFO serve: request method=GET path=/mod/live/history status=200 duration=1.076077ms
2026/08/22 10:17:18 INFO serve: request method=GET path=/history status=200 duration=1.508193ms
2026/08/22 10:17:18 INFO serve: request method=GET path=/mod/swarm status=200 duration=24.398615ms
2026/08/22 10:17:19 INFO serve: request method=GET path=/mod/live/history status=200 duration=1.206461ms
2026/08/22 10:17:19 INFO serve: request method=GET path=/history status=200 duration=1.39723ms
2026/08/22 10:17:19 INFO serve: request method=GET path=/mod/swarm status=200 duration=20.318769ms
2026/08/22 10:17:20 INFO serve: request method=GET path=/mod/live/history status=200 duration=1.178039ms
2026/08/22 10:17:20 INFO serve: request method=GET path=/history status=200 duration=1.65873ms
2026/08/22 10:17:20 INFO serve: request method=GET path=/mod/swarm status=200 duration=24.300385ms
2026/08/22 10:17:21 INFO serve: request method=GET path=/mod/live/history status=200 duration=1.113462ms
2026/08/22 10:17:21 INFO serve: request method=GET path=/history status=200 duration=1.471461ms
2026/08/22 10:17:21 INFO serve: request method=GET path=/mod/swarm status=200 duration=33.599808ms
2026/08/22 10:17:22 INFO serve: request method=GET path=/mod/live/history status=200 duration=1.622846ms
2026/08/22 10:17:22 INFO serve: request method=GET path=/history status=200 duration=1.439731ms
2026/08/22 10:17:22 INFO serve: request method=GET path=/mod/swarm status=200 duration=23.188769ms
2026/08/22 10:17:22 INFO serve: request method=GET path=/mod/live/history status=200 duration=1.803077ms
2026/08/22 10:17:22 INFO serve: request method=GET path=/history status=200 duration=1.329539ms
2026/08/22 10:17:23 INFO serve: request method=GET path=/mod/swarm status=200 duration=33.080346ms
2026/08/22 10:17:23 INFO serve: request method=GET path=/mod/live/history status=200 duration=1.650116ms
2026/08/22 10:17:23 INFO serve: request method=GET path=/history status=200 duration=2.2885ms
2026/08/22 10:17:23 INFO serve: request method=GET path=/mod/swarm status=200 duration=38.230807ms
2026/08/22 10:17:24 INFO serve: request method=GET path=/mod/live/history status=200 duration=1.129ms
2026/08/22 10:17:24 INFO serve: request method=GET path=/history status=200 duration=1.6825ms
2026/08/22 10:17:24 INFO serve: request method=GET path=/mod/swarm status=200 duration=24.254462ms
2026/08/22 10:17:25 INFO serve: request method=GET path=/mod/live/history status=200 duration=1.128308ms
2026/08/22 10:17:25 INFO serve: request method=GET path=/history status=200 duration=1.532ms
2026/08/22 10:17:25 INFO serve: request method=GET path=/mod/swarm status=200 duration=26.145423ms
2026/08/22 10:17:26 INFO serve: request method=GET path=/mod/live/history status=200 duration=1.736462ms
2026/08/22 10:17:26 INFO serve: request method=GET path=/history status=200 duration=1.212616ms
2026/08/22 10:17:26 INFO serve: request method=GET path=/mod/swarm status=200 duration=22.191577ms
2026/08/22 10:17:27 INFO serve: request method=GET path=/mod/live/history status=200 duration=1.314769ms
2026/08/22 10:17:27 INFO serve: request method=GET path=/history status=200 duration=2.358731ms
2026/08/22 10:17:27 INFO serve: request method=GET path=/mod/swarm status=200 duration=28.858269ms
2026/08/22 10:17:28 INFO serve: request method=GET path=/mod/live/history status=200 duration=1.072ms
2026/08/22 10:17:28 INFO serve: request method=GET path=/history status=200 duration=1.75723ms
2026/08/22 10:17:28 INFO serve: request method=GET path=/mod/swarm status=200 duration=33.770462ms
2026/08/22 10:17:29 INFO serve: request method=GET path=/mod/live/history status=200 duration=1.103308ms
2026/08/22 10:17:29 INFO serve: request method=GET path=/history status=200 duration=3.093ms
2026/08/22 10:17:29 INFO serve: request method=GET path=/mod/swarm status=200 duration=25.867347ms
2026/08/22 10:17:30 INFO serve: request method=GET path=/mod/live/history status=200 duration=1.888038ms
2026/08/22 10:17:30 INFO serve: request method=GET path=/history status=200 duration=1.719115ms
2026/08/22 10:17:30 INFO serve: request method=GET path=/mod/swarm status=200 duration=22.928039ms
2026/08/22 10:17:31 INFO serve: request method=GET path=/mod/live/history status=200 duration=1.086308ms
2026/08/22 10:17:31 INFO serve: request method=GET path=/history status=200 duration=1.369961ms
2026/08/22 10:17:31 INFO serve: request method=GET path=/mod/swarm status=200 duration=18.571808ms
2026/08/22 10:17:31 INFO serve: request method=GET path=/mod/live/history status=200 duration=1.554ms
2026/08/22 10:17:31 INFO serve: request method=GET path=/history status=200 duration=1.915616ms
2026/08/22 10:17:32 INFO serve: request method=GET path=/mod/swarm status=200 duration=37.005577ms
2026/08/22 10:17:32 INFO serve: request method=GET path=/mod/live/history status=200 duration=952.538µs
2026/08/22 10:17:32 INFO serve: request method=GET path=/history status=200 duration=1.089153ms
2026/08/22 10:17:32 INFO serve: request method=GET path=/mod/swarm status=200 duration=17.959885ms
2026/08/22 10:17:33 INFO serve: request method=GET path=/mod/live/history status=200 duration=1.374039ms
2026/08/22 10:17:33 INFO serve: request method=GET path=/history status=200 duration=1.482962ms
2026/08/22 10:17:33 INFO serve: request method=GET path=/mod/swarm status=200 duration=24.013923ms
2026/08/22 10:17:34 INFO serve: request method=GET path=/mod/live/history status=200 duration=1.357307ms
2026/08/22 10:17:34 INFO serve: request method=GET path=/history status=200 duration=1.426847ms
2026/08/22 10:17:34 INFO serve: request method=GET path=/mod/swarm status=200 duration=27.14ms
2026/08/22 10:17:35 INFO serve: request method=GET path=/mod/live/history status=200 duration=1.062116ms
2026/08/22 10:17:35 INFO serve: request method=GET path=/history status=200 duration=1.24173ms
2026/08/22 10:17:35 INFO serve: request method=GET path=/mod/swarm status=200 duration=18.628346ms
2026/08/22 10:17:36 INFO serve: request method=GET path=/mod/live/history status=200 duration=1.370847ms
2026/08/22 10:17:36 INFO serve: request method=GET path=/history status=200 duration=2.35673ms
2026/08/22 10:17:36 INFO serve: request method=GET path=/mod/swarm status=200 duration=24.321192ms
2026/08/22 10:17:37 INFO serve: request method=GET path=/mod/live/history status=200 duration=1.445077ms
2026/08/22 10:17:37 INFO serve: request method=GET path=/history status=200 duration=1.276231ms
2026/08/22 10:17:37 INFO serve: request method=GET path=/mod/swarm status=200 duration=21.042192ms
2026/08/22 10:17:38 INFO serve: request method=GET path=/mod/live/history status=200 duration=1.721385ms
2026/08/22 10:17:38 INFO serve: request method=GET path=/history status=200 duration=1.098116ms
2026/08/22 10:17:38 INFO serve: request method=GET path=/mod/swarm status=200 duration=23.580846ms
2026/08/22 10:17:39 INFO serve: request method=GET path=/mod/live/history status=200 duration=1.810462ms
2026/08/22 10:17:39 INFO serve: request method=GET path=/history status=200 duration=1.34023ms
2026/08/22 10:17:39 INFO serve: request method=GET path=/mod/swarm status=200 duration=19.080539ms
2026/08/22 10:17:40 INFO serve: request method=GET path=/mod/live/history status=200 duration=1.150577ms
2026/08/22 10:17:40 INFO serve: request method=GET path=/history status=200 duration=1.383616ms
2026/08/22 10:17:40 INFO serve: request method=GET path=/mod/swarm status=200 duration=28.505962ms
2026/08/22 10:17:40 INFO serve: request method=GET path=/mod/live/history status=200 duration=1.014923ms
2026/08/22 10:17:40 INFO serve: request method=GET path=/history status=200 duration=1.384192ms
2026/08/22 10:17:41 INFO serve: request method=GET path=/mod/swarm status=200 duration=34.066923ms
2026/08/22 10:17:41 INFO serve: request method=GET path=/mod/live/history status=200 duration=1.654769ms
2026/08/22 10:17:41 INFO serve: request method=GET path=/history status=200 duration=1.282692ms
2026/08/22 10:17:41 INFO serve: request method=GET path=/mod/swarm status=200 duration=19.863038ms
2026/08/22 10:17:42 INFO serve: request method=GET path=/mod/live/history status=200 duration=1.15977ms
2026/08/22 10:17:42 INFO serve: request method=GET path=/history status=200 duration=1.156038ms
2026/08/22 10:17:42 INFO serve: request method=GET path=/mod/swarm status=200 duration=24.097269ms
2026/08/22 10:17:43 INFO serve: request method=GET path=/mod/live/history status=200 duration=1.411384ms
2026/08/22 10:17:43 INFO serve: request method=GET path=/history status=200 duration=1.457923ms
2026/08/22 10:17:43 INFO serve: request method=GET path=/mod/swarm status=200 duration=23.235153ms
2026/08/22 10:17:44 INFO serve: request method=GET path=/mod/live/history status=200 duration=1.262615ms
2026/08/22 10:17:44 INFO serve: request method=GET path=/history status=200 duration=1.910346ms
2026/08/22 10:17:44 INFO serve: request method=GET path=/mod/swarm status=200 duration=22.151692ms
2026/08/22 10:17:45 INFO serve: request method=GET path=/mod/live/history status=200 duration=1.278308ms
2026/08/22 10:17:45 INFO serve: request method=GET path=/history status=200 duration=1.915384ms
2026/08/22 10:17:45 INFO serve: request method=GET path=/mod/swarm status=200 duration=17.310307ms
2026/08/22 10:17:46 INFO serve: request method=GET path=/mod/live/history status=200 duration=1.549846ms
2026/08/22 10:17:46 INFO serve: request method=GET path=/history status=200 duration=1.526193ms
2026/08/22 10:17:46 INFO serve: request method=GET path=/mod/swarm status=200 duration=23.789692ms
2026/08/22 10:17:47 INFO serve: request method=GET path=/mod/live/history status=200 duration=3.460423ms
2026/08/22 10:17:47 INFO serve: request method=GET path=/history status=200 duration=1.340846ms
2026/08/22 10:17:47 INFO serve: request method=GET path=/mod/swarm status=200 duration=31.716462ms
2026/08/22 10:17:48 INFO serve: request method=GET path=/mod/live/history status=200 duration=1.18577ms
2026/08/22 10:17:48 INFO serve: request method=GET path=/history status=200 duration=2.441808ms
2026/08/22 10:17:48 INFO serve: request method=GET path=/mod/swarm status=200 duration=23.235346ms
2026/08/22 10:17:49 INFO serve: request method=GET path=/mod/live/history status=200 duration=1.079538ms
2026/08/22 10:17:49 INFO serve: request method=GET path=/history status=200 duration=1.139462ms
2026/08/22 10:17:49 INFO serve: request method=GET path=/mod/swarm status=200 duration=17.4345ms
2026/08/22 10:17:49 INFO serve: request method=GET path=/mod/live/history status=200 duration=1.2045ms
2026/08/22 10:17:49 INFO serve: request method=GET path=/history status=200 duration=1.537808ms
2026/08/22 10:17:49 INFO serve: request method=GET path=/mod/swarm status=200 duration=23.123308ms
2026/08/22 10:17:50 INFO serve: request method=GET path=/mod/live/history status=200 duration=1.058577ms
2026/08/22 10:17:50 INFO serve: request method=GET path=/history status=200 duration=1.713269ms
2026/08/22 10:17:50 INFO serve: request method=GET path=/mod/swarm status=200 duration=23.178269ms
2026/08/22 10:17:51 INFO serve: request method=GET path=/mod/live/history status=200 duration=1.427231ms
2026/08/22 10:17:51 INFO serve: request method=GET path=/history status=200 duration=1.363692ms
2026/08/22 10:17:51 INFO serve: request method=GET path=/mod/swarm status=200 duration=23.882538ms
2026/08/22 10:17:52 INFO serve: request method=GET path=/mod/live/history status=200 duration=1.592385ms
2026/08/22 10:17:52 INFO serve: request method=GET path=/history status=200 duration=1.505846ms
2026/08/22 10:17:52 INFO serve: request method=GET path=/mod/swarm status=200 duration=28.058077ms
2026/08/22 10:17:53 INFO serve: request method=GET path=/mod/live/history status=200 duration=1.211269ms
2026/08/22 10:17:53 INFO serve: request method=GET path=/history status=200 duration=1.350116ms
2026/08/22 10:17:53 INFO serve: request method=GET path=/mod/swarm status=200 duration=25.24373ms
2026/08/22 10:17:54 INFO serve: request method=GET path=/mod/live/history status=200 duration=1.483692ms
2026/08/22 10:17:54 INFO serve: request method=GET path=/history status=200 duration=1.283193ms
2026/08/22 10:17:54 INFO serve: request method=GET path=/mod/swarm status=200 duration=18.608615ms
2026/08/22 10:17:54 INFO serve: request method=POST path=/mod/app/task/stop status=204 duration=2.262885ms
2026/08/22 10:17:55 INFO serve: request method=GET path=/mod/live/history status=200 duration=1.328116ms
2026/08/22 10:17:55 INFO serve: request method=GET path=/history status=200 duration=1.142884ms
2026/08/22 10:17:55 INFO serve: request method=GET path=/mod/swarm status=200 duration=19.673615ms
2026/08/22 10:17:55 INFO serve: request method=GET path=/mod/tasks status=200 duration=70.591ms
2026/08/22 10:17:56 INFO serve: request method=GET path=/mod/live/history status=200 duration=1.503692ms
2026/08/22 10:17:56 INFO serve: request method=GET path=/history status=200 duration=1.710115ms
2026/08/22 10:17:56 INFO serve: request method=GET path=/mod/swarm status=200 duration=23.030308ms
2026/08/22 10:17:57 INFO serve: request method=GET path=/mod/live/history status=200 duration=1.759693ms
2026/08/22 10:17:57 INFO serve: request method=GET path=/history status=200 duration=1.474885ms
2026/08/22 10:17:57 INFO serve: request method=GET path=/mod/swarm status=200 duration=20.538424ms
2026/08/22 10:17:58 INFO serve: request method=GET path=/mod/live/history status=200 duration=1.134923ms
2026/08/22 10:17:58 INFO serve: request method=GET path=/history status=200 duration=1.205539ms
2026/08/22 10:17:58 INFO serve: request method=GET path=/mod/swarm status=200 duration=16.468808ms
2026/08/22 10:17:58 INFO serve: request method=GET path=/mod/recovery status=200 duration=211.038µs
2026/08/22 10:17:58 INFO serve: request method=POST path=/tool-approval-mode status=204 duration=674.231µs
2026/08/22 10:17:58 INFO serve: request method=POST path=/mod/app/task/start status=202 duration=8.440308ms
2026/08/22 10:17:58 INFO serve: request method=GET path=/mod/live/history status=200 duration=1.477038ms
2026/08/22 10:17:58 INFO serve: request method=GET path=/history status=200 duration=1.230461ms
2026/08/22 10:17:59 INFO serve: request method=GET path=/mod/live/history status=200 duration=1.933731ms
2026/08/22 10:17:59 INFO serve: request method=GET path=/history status=200 duration=1.665116ms
2026/08/22 10:17:59 INFO serve: request method=GET path=/mod/swarm status=200 duration=23.884423ms
2026/08/22 10:18:00 INFO serve: request method=GET path=/mod/live/history status=200 duration=1.380885ms
2026/08/22 10:18:00 INFO serve: request method=GET path=/history status=200 duration=1.260923ms
2026/08/22 10:18:00 INFO serve: request method=GET path=/mod/swarm status=200 duration=20.768038ms
2026/08/22 10:18:01 INFO serve: request method=GET path=/mod/live/history status=200 duration=3.667693ms
2026/08/22 10:18:01 INFO serve: request method=GET path=/history status=200 duration=10.408308ms
2026/08/22 10:18:01 INFO serve: request method=GET path=/mod/swarm status=200 duration=45.783346ms
2026/08/22 10:18:02 INFO serve: request method=GET path=/mod/live/history status=200 duration=2.915ms
2026/08/22 10:18:02 INFO serve: request method=GET path=/history status=200 duration=1.468616ms
2026/08/22 10:18:02 INFO serve: request method=GET path=/mod/swarm status=200 duration=22.494038ms
2026/08/22 10:18:03 INFO serve: request method=GET path=/mod/live/history status=200 duration=1.275462ms
2026/08/22 10:18:03 INFO serve: request method=GET path=/history status=200 duration=1.394423ms
2026/08/22 10:18:03 INFO serve: request method=GET path=/mod/swarm status=200 duration=22.13473ms
2026/08/22 10:18:04 INFO serve: request method=GET path=/mod/live/history status=200 duration=1.584154ms
2026/08/22 10:18:04 INFO serve: request method=GET path=/history status=200 duration=1.259462ms
2026/08/22 10:18:04 INFO serve: request method=GET path=/mod/swarm status=200 duration=22.239192ms
2026/08/22 10:18:04 INFO serve: request method=GET path=/mod/live/history status=200 duration=1.631961ms
2026/08/22 10:18:04 INFO serve: request method=GET path=/history status=200 duration=1.334885ms
2026/08/22 10:18:04 INFO serve: request method=GET path=/mod/swarm status=200 duration=22.361846ms
2026/08/22 10:18:05 INFO serve: request method=GET path=/mod/live/history status=200 duration=2.451307ms
2026/08/22 10:18:05 INFO serve: request method=GET path=/history status=200 duration=1.675269ms
2026/08/22 10:18:05 INFO serve: request method=GET path=/mod/swarm status=200 duration=22.139423ms
2026/08/22 10:18:06 INFO serve: request method=GET path=/mod/live/history status=200 duration=2.985307ms
2026/08/22 10:18:06 INFO serve: request method=GET path=/history status=200 duration=1.380346ms
2026/08/22 10:18:06 INFO serve: request method=GET path=/mod/swarm status=200 duration=18.933654ms
2026/08/22 10:18:06 INFO serve: request method=GET path=/mod/tasks status=200 duration=71.452961ms
2026/08/22 10:18:07 INFO serve: request method=GET path=/mod/live/history status=200 duration=2.050346ms
2026/08/22 10:18:07 INFO serve: request method=GET path=/history status=200 duration=1.578154ms
2026/08/22 10:18:07 INFO serve: request method=GET path=/mod/swarm status=200 duration=21.061616ms
2026/08/22 10:18:08 INFO serve: request method=GET path=/mod/live/history status=200 duration=2.799616ms
2026/08/22 10:18:08 INFO serve: request method=GET path=/history status=200 duration=1.5135ms
2026/08/22 10:18:08 INFO serve: request method=GET path=/mod/swarm status=200 duration=21.529154ms
2026/08/22 10:18:09 INFO serve: request method=GET path=/mod/live/history status=200 duration=4.706423ms
2026/08/22 10:18:09 INFO serve: request method=GET path=/history status=200 duration=1.802539ms
2026/08/22 10:18:09 INFO serve: request method=GET path=/mod/swarm status=200 duration=27.797462ms
2026/08/22 10:18:10 INFO serve: request method=GET path=/mod/live/history status=200 duration=1.91123ms
2026/08/22 10:18:10 INFO serve: request method=GET path=/history status=200 duration=1.507077ms
2026/08/22 10:18:10 INFO serve: request method=GET path=/mod/swarm status=200 duration=21.715115ms
2026/08/22 10:18:11 INFO serve: request method=GET path=/mod/live/history status=200 duration=2.086577ms
2026/08/22 10:18:11 INFO serve: request method=GET path=/history status=200 duration=1.354884ms
2026/08/22 10:18:11 INFO serve: request method=GET path=/mod/swarm status=200 duration=21.697423ms
2026/08/22 10:18:12 INFO serve: request method=GET path=/mod/live/history status=200 duration=2.309115ms
2026/08/22 10:18:12 INFO serve: request method=GET path=/history status=200 duration=1.39073ms
2026/08/22 10:18:12 INFO serve: request method=GET path=/mod/swarm status=200 duration=18.190192ms
2026/08/22 10:18:13 INFO serve: request method=GET path=/mod/live/history status=200 duration=2.047385ms
2026/08/22 10:18:13 INFO serve: request method=GET path=/history status=200 duration=1.842077ms
2026/08/22 10:18:13 INFO serve: request method=GET path=/mod/swarm status=200 duration=21.940615ms
2026/08/22 10:18:13 INFO serve: request method=GET path=/mod/live/history status=200 duration=2.043ms
2026/08/22 10:18:13 INFO serve: request method=GET path=/history status=200 duration=1.685923ms
2026/08/22 10:18:14 INFO serve: request method=GET path=/mod/swarm status=200 duration=21.777692ms
2026/08/22 10:18:14 INFO serve: request method=GET path=/mod/live/history status=200 duration=2.055654ms
2026/08/22 10:18:14 INFO serve: request method=GET path=/history status=200 duration=1.379692ms
2026/08/22 10:18:14 INFO serve: request method=GET path=/mod/swarm status=200 duration=22.615462ms
2026/08/22 10:18:15 INFO serve: request method=GET path=/mod/live/history status=200 duration=1.844ms
2026/08/22 10:18:15 INFO serve: request method=GET path=/history status=200 duration=1.35673ms
2026/08/22 10:18:15 INFO serve: request method=GET path=/mod/swarm status=200 duration=17.5275ms
2026/08/22 10:18:16 INFO serve: request method=GET path=/mod/live/history status=200 duration=1.896193ms
2026/08/22 10:18:16 INFO serve: request method=GET path=/history status=200 duration=1.431423ms
2026/08/22 10:18:16 INFO serve: request method=GET path=/mod/swarm status=200 duration=21.060308ms
2026/08/22 10:18:17 INFO serve: request method=GET path=/mod/live/history status=200 duration=3.335615ms
2026/08/22 10:18:17 INFO serve: request method=GET path=/history status=200 duration=1.474808ms
2026/08/22 10:18:17 INFO serve: request method=GET path=/mod/swarm status=200 duration=20.070115ms
2026/08/22 10:18:18 INFO serve: request method=GET path=/mod/live/history status=200 duration=1.634423ms
2026/08/22 10:18:18 INFO serve: request method=GET path=/history status=200 duration=1.045807ms
2026/08/22 10:18:18 INFO serve: request method=GET path=/mod/swarm status=200 duration=12.254731ms
2026/08/22 10:18:19 INFO serve: request method=GET path=/mod/live/history status=200 duration=1.731962ms
2026/08/22 10:18:19 INFO serve: request method=GET path=/history status=200 duration=1.144346ms
2026/08/22 10:18:19 INFO serve: request method=GET path=/mod/swarm status=200 duration=15.816538ms
2026/08/22 10:18:20 INFO serve: request method=GET path=/mod/live/history status=200 duration=2.4265ms
2026/08/22 10:18:20 INFO serve: request method=GET path=/history status=200 duration=2.552577ms
2026/08/22 10:18:20 INFO serve: request method=GET path=/mod/swarm status=200 duration=30.227346ms
2026/08/22 10:18:21 INFO serve: request method=GET path=/mod/live/history status=200 duration=1.571577ms
2026/08/22 10:18:21 INFO serve: request method=GET path=/history status=200 duration=1.114731ms
2026/08/22 10:18:21 INFO serve: request method=GET path=/mod/swarm status=200 duration=17.075923ms
2026/08/22 10:18:22 INFO serve: request method=GET path=/mod/live/history status=200 duration=2.678731ms
2026/08/22 10:18:22 INFO serve: request method=GET path=/history status=200 duration=1.775269ms
2026/08/22 10:18:22 INFO serve: request method=GET path=/mod/swarm status=200 duration=23.903961ms
2026/08/22 10:18:22 INFO serve: request method=GET path=/mod/live/history status=200 duration=2.9925ms
2026/08/22 10:18:22 INFO serve: request method=GET path=/history status=200 duration=1.3435ms
2026/08/22 10:18:22 INFO serve: request method=GET path=/mod/swarm status=200 duration=21.638461ms
2026/08/22 10:18:23 INFO serve: request method=GET path=/mod/live/history status=200 duration=1.864038ms
2026/08/22 10:18:23 INFO serve: request method=GET path=/history status=200 duration=2.041808ms
2026/08/22 10:18:23 INFO serve: request method=GET path=/mod/swarm status=200 duration=22.797462ms
2026/08/22 10:18:24 INFO serve: request method=GET path=/mod/live/history status=200 duration=1.631577ms
2026/08/22 10:18:24 INFO serve: request method=GET path=/history status=200 duration=1.204385ms
2026/08/22 10:18:24 INFO serve: request method=GET path=/mod/swarm status=200 duration=14.921269ms
2026/08/22 10:18:25 INFO serve: request method=GET path=/mod/live/history status=200 duration=1.670462ms
2026/08/22 10:18:25 INFO serve: request method=GET path=/history status=200 duration=1.153347ms
2026/08/22 10:18:25 INFO serve: request method=GET path=/mod/swarm status=200 duration=13.311039ms
2026/08/22 10:18:26 INFO serve: request method=GET path=/mod/live/history status=200 duration=1.679ms
2026/08/22 10:18:26 INFO serve: request method=GET path=/history status=200 duration=1.069539ms
2026/08/22 10:18:26 INFO serve: request method=GET path=/mod/swarm status=200 duration=15.791731ms
2026/08/22 10:18:27 INFO serve: request method=GET path=/mod/live/history status=200 duration=1.834423ms
2026/08/22 10:18:27 INFO serve: request method=GET path=/history status=200 duration=1.201615ms
2026/08/22 10:18:27 INFO serve: request method=GET path=/mod/swarm status=200 duration=15.318192ms
2026/08/22 10:18:28 INFO serve: request method=GET path=/mod/live/history status=200 duration=2.272923ms
2026/08/22 10:18:28 INFO serve: request method=GET path=/history status=200 duration=1.631539ms
2026/08/22 10:18:28 INFO serve: request method=GET path=/mod/swarm status=200 duration=23.522808ms
2026/08/22 10:18:28 INFO serve: request method=GET path=/mod/recovery status=200 duration=230.693µs
2026/08/22 10:18:28 INFO serve: request method=POST path=/tool-approval-mode status=204 duration=166.769µs
2026/08/22 10:18:28 INFO serve: request method=POST path=/mod/app/task/start status=202 duration=14.694461ms
2026/08/22 10:18:28 INFO serve: request method=GET path=/mod/live/history status=200 duration=2.102346ms
2026/08/22 10:18:28 INFO serve: request method=GET path=/history status=200 duration=1.330692ms
2026/08/22 10:18:29 INFO serve: request method=GET path=/mod/live/history status=200 duration=2.067039ms
2026/08/22 10:18:29 INFO serve: request method=GET path=/history status=200 duration=1.706347ms
2026/08/22 10:18:29 INFO serve: request method=GET path=/mod/swarm status=200 duration=19.657769ms
2026/08/22 10:18:30 INFO serve: request method=GET path=/mod/live/history status=200 duration=1.517846ms
2026/08/22 10:18:30 INFO serve: request method=GET path=/history status=200 duration=1.184538ms
2026/08/22 10:18:30 INFO serve: request method=GET path=/mod/swarm status=200 duration=17.604462ms
2026/08/22 10:18:31 INFO serve: request method=GET path=/mod/live/history status=200 duration=2.955577ms
2026/08/22 10:18:31 INFO serve: request method=GET path=/history status=200 duration=1.965193ms
2026/08/22 10:18:31 INFO serve: request method=GET path=/mod/swarm status=200 duration=18.438577ms
2026/08/22 10:18:32 INFO serve: request method=GET path=/mod/live/history status=200 duration=2.972616ms
2026/08/22 10:18:32 INFO serve: request method=GET path=/history status=200 duration=3.296ms
2026/08/22 10:18:32 INFO serve: request method=GET path=/mod/swarm status=200 duration=26.44473ms
2026/08/22 10:18:33 INFO serve: request method=GET path=/mod/live/history status=200 duration=2.0675ms
2026/08/22 10:18:33 INFO serve: request method=GET path=/history status=200 duration=1.675385ms
2026/08/22 10:18:33 INFO serve: request method=GET path=/mod/swarm status=200 duration=17.437962ms
2026/08/22 10:18:34 INFO serve: request method=GET path=/mod/live/history status=200 duration=3.465538ms
2026/08/22 10:18:34 INFO serve: request method=GET path=/history status=200 duration=2.033577ms
2026/08/22 10:18:34 INFO serve: request method=GET path=/mod/swarm status=200 duration=30.595116ms
2026/08/22 10:18:35 INFO serve: request method=GET path=/mod/live/history status=200 duration=1.829ms
2026/08/22 10:18:35 INFO serve: request method=GET path=/history status=200 duration=1.157038ms
2026/08/22 10:18:35 INFO serve: request method=GET path=/mod/swarm status=200 duration=39.669039ms
2026/08/22 10:18:36 INFO serve: request method=GET path=/mod/live/history status=200 duration=4.319346ms
2026/08/22 10:18:36 INFO serve: request method=GET path=/history status=200 duration=1.913653ms
2026/08/22 10:18:36 INFO serve: request method=GET path=/mod/swarm status=200 duration=23.019ms
2026/08/22 10:18:36 INFO serve: request method=GET path=/mod/live/history status=200 duration=4.243192ms
2026/08/22 10:18:36 INFO serve: request method=GET path=/history status=200 duration=1.605616ms
2026/08/22 10:18:36 INFO serve: request method=GET path=/mod/swarm status=200 duration=26.335654ms
2026/08/22 10:18:37 INFO serve: request method=GET path=/mod/live/history status=200 duration=2.866616ms
2026/08/22 10:18:37 INFO serve: request method=GET path=/history status=200 duration=1.166923ms
2026/08/22 10:18:37 INFO serve: request method=GET path=/mod/swarm status=200 duration=18.628193ms
2026/08/22 10:18:38 INFO serve: request method=GET path=/mod/live/history status=200 duration=2.063692ms
2026/08/22 10:18:38 INFO serve: request method=GET path=/history status=200 duration=1.165308ms
2026/08/22 10:18:38 INFO serve: request method=GET path=/mod/swarm status=200 duration=19.517308ms
2026/08/22 10:18:39 INFO serve: request method=GET path=/mod/live/history status=200 duration=2.337769ms
2026/08/22 10:18:39 INFO serve: request method=GET path=/history status=200 duration=1.873885ms
2026/08/22 10:18:39 INFO serve: request method=GET path=/mod/swarm status=200 duration=16.212846ms
2026/08/22 10:18:40 INFO serve: request method=GET path=/mod/live/history status=200 duration=2.42473ms
2026/08/22 10:18:40 INFO serve: request method=GET path=/history status=200 duration=1.427192ms
2026/08/22 10:18:40 INFO serve: request method=GET path=/mod/swarm status=200 duration=25.8835ms
2026/08/22 10:18:41 INFO serve: request method=GET path=/mod/live/history status=200 duration=4.045924ms
2026/08/22 10:18:41 INFO serve: request method=GET path=/history status=200 duration=1.661615ms
2026/08/22 10:18:41 INFO serve: request method=GET path=/mod/swarm status=200 duration=26.959654ms
2026/08/22 10:18:42 INFO serve: request method=GET path=/mod/live/history status=200 duration=2.506576ms
2026/08/22 10:18:42 INFO serve: request method=GET path=/history status=200 duration=1.38173ms
2026/08/22 10:18:42 INFO serve: request method=GET path=/mod/swarm status=200 duration=29.833846ms
2026/08/22 10:18:43 INFO serve: request method=GET path=/mod/live/history status=200 duration=2.692462ms
2026/08/22 10:18:43 INFO serve: request method=GET path=/history status=200 duration=1.578116ms
2026/08/22 10:18:43 INFO serve: request method=GET path=/mod/swarm status=200 duration=18.891846ms
2026/08/22 10:18:43 INFO serve: request method=GET path=/mod/tasks status=200 duration=74.124961ms
2026/08/22 10:18:44 INFO serve: request method=GET path=/mod/live/history status=200 duration=2.996269ms
2026/08/22 10:18:44 INFO serve: request method=GET path=/history status=200 duration=2.032961ms
2026/08/22 10:18:44 INFO serve: request method=GET path=/mod/swarm status=200 duration=18.154847ms
2026/08/22 10:18:45 INFO serve: request method=GET path=/mod/live/history status=200 duration=2.646462ms
2026/08/22 10:18:45 INFO serve: request method=GET path=/history status=200 duration=1.492538ms
2026/08/22 10:18:45 INFO serve: request method=GET path=/mod/swarm status=200 duration=18.311116ms
2026/08/22 10:18:45 INFO serve: request method=GET path=/mod/live/history status=200 duration=3.125923ms
2026/08/22 10:18:45 INFO serve: request method=GET path=/history status=200 duration=1.507269ms
2026/08/22 10:18:45 INFO serve: request method=GET path=/mod/swarm status=200 duration=18.995423ms
2026/08/22 10:18:46 INFO serve: request method=GET path=/mod/live/history status=200 duration=3.024077ms
2026/08/22 10:18:46 INFO serve: request method=GET path=/history status=200 duration=4.919884ms
2026/08/22 10:18:46 INFO serve: request method=GET path=/mod/swarm status=200 duration=28.558038ms
2026/08/22 10:18:47 INFO serve: request method=GET path=/mod/live/history status=200 duration=3.0805ms
2026/08/22 10:18:47 INFO serve: request method=GET path=/history status=200 duration=1.773192ms
2026/08/22 10:18:47 INFO serve: request method=GET path=/mod/swarm status=200 duration=18.846961ms
2026/08/22 10:18:48 INFO serve: request method=GET path=/mod/live/history status=200 duration=2.718423ms
2026/08/22 10:18:48 INFO serve: request method=GET path=/history status=200 duration=1.934577ms
2026/08/22 10:18:48 INFO serve: request method=GET path=/mod/swarm status=200 duration=28.123231ms
2026/08/22 10:18:49 INFO serve: request method=GET path=/mod/live/history status=200 duration=2.788577ms
2026/08/22 10:18:49 INFO serve: request method=GET path=/history status=200 duration=2.101577ms
2026/08/22 10:18:49 INFO serve: request method=GET path=/mod/swarm status=200 duration=21.479693ms
2026/08/22 10:18:50 INFO serve: request method=GET path=/mod/live/history status=200 duration=2.916077ms
2026/08/22 10:18:50 INFO serve: request method=GET path=/history status=200 duration=1.889462ms
2026/08/22 10:18:50 INFO serve: request method=GET path=/mod/swarm status=200 duration=19.271346ms
2026/08/22 10:18:51 INFO serve: request method=GET path=/mod/live/history status=200 duration=3.230038ms
2026/08/22 10:18:51 INFO serve: request method=GET path=/history status=200 duration=1.420654ms
2026/08/22 10:18:51 INFO serve: request method=GET path=/mod/swarm status=200 duration=31.008885ms
2026/08/22 10:18:52 INFO serve: request method=GET path=/mod/live/history status=200 duration=3.505616ms
2026/08/22 10:18:52 INFO serve: request method=GET path=/history status=200 duration=1.749461ms
2026/08/22 10:18:52 INFO serve: request method=GET path=/mod/swarm status=200 duration=24.751577ms
2026/08/22 10:18:53 INFO serve: request method=GET path=/mod/live/history status=200 duration=3.122231ms
2026/08/22 10:18:53 INFO serve: request method=GET path=/history status=200 duration=1.610539ms
2026/08/22 10:18:53 INFO serve: request method=GET path=/mod/swarm status=200 duration=24.905231ms
2026/08/22 10:18:54 INFO serve: request method=GET path=/mod/live/history status=200 duration=3.171ms
2026/08/22 10:18:54 INFO serve: request method=GET path=/history status=200 duration=1.897846ms
2026/08/22 10:18:54 INFO serve: request method=GET path=/mod/swarm status=200 duration=19.9455ms
2026/08/22 10:18:54 INFO serve: request method=GET path=/mod/live/history status=200 duration=2.602731ms
2026/08/22 10:18:54 INFO serve: request method=GET path=/history status=200 duration=1.610846ms
2026/08/22 10:18:54 INFO serve: request method=GET path=/mod/swarm status=200 duration=24.568231ms
2026/08/22 10:18:55 INFO serve: request method=GET path=/mod/live/history status=200 duration=3.092307ms
2026/08/22 10:18:55 INFO serve: request method=GET path=/history status=200 duration=2.324308ms
2026/08/22 10:18:55 INFO serve: request method=GET path=/mod/swarm status=200 duration=22.038885ms
2026/08/22 10:18:56 INFO serve: request method=GET path=/mod/live/history status=200 duration=3.187423ms
2026/08/22 10:18:56 INFO serve: request method=GET path=/history status=200 duration=1.607692ms
2026/08/22 10:18:56 INFO serve: request method=GET path=/mod/swarm status=200 duration=22.718846ms
2026/08/22 10:18:57 INFO serve: request method=GET path=/mod/live/history status=200 duration=3.204461ms
2026/08/22 10:18:57 INFO serve: request method=GET path=/history status=200 duration=1.691807ms
2026/08/22 10:18:57 INFO serve: request method=GET path=/mod/swarm status=200 duration=24.226961ms
2026/08/22 10:18:58 INFO serve: request method=GET path=/mod/live/history status=200 duration=3.4855ms
2026/08/22 10:18:58 INFO serve: request method=GET path=/history status=200 duration=1.893038ms
2026/08/22 10:18:58 INFO serve: request method=GET path=/mod/swarm status=200 duration=21.291807ms
2026/08/22 10:18:59 INFO serve: request method=GET path=/mod/live/history status=200 duration=3.846962ms
2026/08/22 10:18:59 INFO serve: request method=GET path=/history status=200 duration=1.467423ms
2026/08/22 10:18:59 INFO serve: request method=GET path=/mod/swarm status=200 duration=19.786423ms
2026/08/22 10:19:00 INFO serve: request method=GET path=/mod/live/history status=200 duration=3.005347ms
2026/08/22 10:19:00 INFO serve: request method=GET path=/history status=200 duration=1.676731ms
2026/08/22 10:19:00 INFO serve: request method=GET path=/mod/swarm status=200 duration=18.418039ms
2026/08/22 10:19:01 INFO serve: request method=GET path=/mod/live/history status=200 duration=2.852269ms
2026/08/22 10:19:01 INFO serve: request method=GET path=/history status=200 duration=1.74ms
2026/08/22 10:19:01 INFO serve: request method=GET path=/mod/swarm status=200 duration=21.134153ms
2026/08/22 10:19:02 INFO serve: request method=GET path=/mod/live/history status=200 duration=2.976269ms
2026/08/22 10:19:02 INFO serve: request method=GET path=/history status=200 duration=1.371846ms
2026/08/22 10:19:02 INFO serve: request method=GET path=/mod/swarm status=200 duration=19.03723ms
2026/08/22 10:19:03 INFO serve: request method=GET path=/mod/live/history status=200 duration=3.157731ms
2026/08/22 10:19:03 INFO serve: request method=GET path=/history status=200 duration=1.978346ms
2026/08/22 10:19:03 INFO serve: request method=GET path=/mod/swarm status=200 duration=28.401923ms
2026/08/22 10:19:03 INFO serve: request method=GET path=/mod/live/history status=200 duration=2.453539ms
2026/08/22 10:19:03 INFO serve: request method=GET path=/history status=200 duration=1.750154ms
2026/08/22 10:19:03 INFO serve: request method=GET path=/mod/swarm status=200 duration=32.295654ms
2026/08/22 10:19:04 INFO serve: request method=GET path=/mod/live/history status=200 duration=3.050923ms
2026/08/22 10:19:04 INFO serve: request method=GET path=/history status=200 duration=1.319077ms
2026/08/22 10:19:04 INFO serve: request method=GET path=/mod/swarm status=200 duration=20.686923ms
2026/08/22 10:19:05 INFO serve: request method=GET path=/mod/live/history status=200 duration=2.29ms
2026/08/22 10:19:05 INFO serve: request method=GET path=/history status=200 duration=1.391231ms
2026/08/22 10:19:05 INFO serve: request method=GET path=/mod/swarm status=200 duration=17.316385ms
2026/08/22 10:19:06 INFO serve: request method=GET path=/mod/live/history status=200 duration=2.108269ms
2026/08/22 10:19:06 INFO serve: request method=GET path=/history status=200 duration=1.140116ms
2026/08/22 10:19:06 INFO serve: request method=GET path=/mod/swarm status=200 duration=14.656308ms
2026/08/22 10:19:07 INFO serve: request method=GET path=/mod/live/history status=200 duration=3.313577ms
2026/08/22 10:19:07 INFO serve: request method=GET path=/history status=200 duration=1.748961ms
2026/08/22 10:19:07 INFO serve: request method=GET path=/mod/swarm status=200 duration=17.112115ms
2026/08/22 10:19:08 INFO serve: request method=GET path=/mod/recovery status=200 duration=246.807µs
2026/08/22 10:19:08 INFO serve: request method=POST path=/tool-approval-mode status=204 duration=463.154µs
2026/08/22 10:19:08 INFO serve: request method=POST path=/mod/app/task/start status=202 duration=8.220308ms
2026/08/22 10:19:08 INFO serve: request method=GET path=/mod/live/history status=200 duration=4.244692ms
2026/08/22 10:19:08 INFO serve: request method=GET path=/history status=200 duration=1.377423ms
2026/08/22 10:19:09 INFO serve: request method=GET path=/mod/live/history status=200 duration=2.740615ms
2026/08/22 10:19:09 INFO serve: request method=GET path=/history status=200 duration=1.384731ms
2026/08/22 10:19:09 INFO serve: request method=GET path=/mod/swarm status=200 duration=21.507807ms
2026/08/22 10:19:10 INFO serve: request method=GET path=/mod/live/history status=200 duration=3.125961ms
2026/08/22 10:19:10 INFO serve: request method=GET path=/history status=200 duration=1.341423ms
2026/08/22 10:19:10 INFO serve: request method=GET path=/mod/swarm status=200 duration=22.355846ms
2026/08/22 10:19:11 INFO serve: request method=GET path=/mod/live/history status=200 duration=3.896923ms
2026/08/22 10:19:11 INFO serve: request method=GET path=/history status=200 duration=1.823769ms
2026/08/22 10:19:11 INFO serve: request method=GET path=/mod/swarm status=200 duration=28.249615ms
2026/08/22 10:19:11 INFO serve: request method=GET path=/mod/live/history status=200 duration=4.145231ms
2026/08/22 10:19:11 INFO serve: request method=GET path=/history status=200 duration=4.438846ms
2026/08/22 10:19:11 INFO serve: request method=GET path=/mod/swarm status=200 duration=31.327385ms
2026/08/22 10:19:12 INFO serve: request method=GET path=/mod/live/history status=200 duration=4.892038ms
2026/08/22 10:19:12 INFO serve: request method=GET path=/history status=200 duration=1.705ms
2026/08/22 10:19:12 INFO serve: request method=GET path=/mod/swarm status=200 duration=22.770308ms
2026/08/22 10:19:13 INFO serve: request method=GET path=/mod/live/history status=200 duration=4.918423ms
2026/08/22 10:19:13 INFO serve: request method=GET path=/history status=200 duration=2.129307ms
2026/08/22 10:19:13 INFO serve: request method=GET path=/mod/swarm status=200 duration=26.825231ms
2026/08/22 10:19:14 INFO serve: request method=GET path=/mod/live/history status=200 duration=2.755153ms
2026/08/22 10:19:14 INFO serve: request method=GET path=/history status=200 duration=1.941461ms
2026/08/22 10:19:14 INFO serve: request method=GET path=/mod/swarm status=200 duration=25.315807ms
2026/08/22 10:19:15 INFO serve: request method=GET path=/mod/live/history status=200 duration=5.140962ms
2026/08/22 10:19:15 INFO serve: request method=GET path=/history status=200 duration=1.413193ms
2026/08/22 10:19:15 INFO serve: request method=GET path=/mod/swarm status=200 duration=22.774231ms
2026/08/22 10:19:16 INFO serve: request method=GET path=/mod/live/history status=200 duration=3.014154ms
2026/08/22 10:19:16 INFO serve: request method=GET path=/history status=200 duration=1.478923ms
2026/08/22 10:19:16 INFO serve: request method=GET path=/mod/swarm status=200 duration=22.623115ms
2026/08/22 10:19:17 INFO serve: request method=GET path=/mod/live/history status=200 duration=3.671307ms
2026/08/22 10:19:17 INFO serve: request method=GET path=/history status=200 duration=1.789231ms
2026/08/22 10:19:17 INFO serve: request method=GET path=/mod/swarm status=200 duration=26.237115ms
2026/08/22 10:19:18 INFO serve: request method=GET path=/mod/live/history status=200 duration=2.4305ms
2026/08/22 10:19:18 INFO serve: request method=GET path=/history status=200 duration=1.273077ms
2026/08/22 10:19:18 INFO serve: request method=GET path=/mod/swarm status=200 duration=19.256962ms
2026/08/22 10:19:19 INFO serve: request method=GET path=/mod/live/history status=200 duration=4.988423ms
2026/08/22 10:19:19 INFO serve: request method=GET path=/history status=200 duration=2.643ms
2026/08/22 10:19:19 INFO serve: request method=GET path=/mod/swarm status=200 duration=24.654538ms
2026/08/22 10:19:20 INFO serve: request method=GET path=/mod/live/history status=200 duration=3.280385ms
2026/08/22 10:19:20 INFO serve: request method=GET path=/history status=200 duration=2.092423ms
2026/08/22 10:19:20 INFO serve: request method=GET path=/mod/swarm status=200 duration=27.377615ms
2026/08/22 10:19:20 INFO serve: request method=GET path=/mod/live/history status=200 duration=2.694538ms
2026/08/22 10:19:20 INFO serve: request method=GET path=/history status=200 duration=2.030077ms
2026/08/22 10:19:20 INFO serve: request method=GET path=/mod/swarm status=200 duration=18.5465ms
2026/08/22 10:19:21 INFO serve: request method=GET path=/mod/live/history status=200 duration=3.832269ms
2026/08/22 10:19:21 INFO serve: request method=GET path=/history status=200 duration=2.507307ms
2026/08/22 10:19:21 INFO serve: request method=GET path=/mod/swarm status=200 duration=32.888731ms
2026/08/22 10:19:22 INFO serve: request method=GET path=/mod/live/history status=200 duration=4.320423ms
2026/08/22 10:19:22 INFO serve: request method=GET path=/history status=200 duration=2.027923ms
2026/08/22 10:19:22 INFO serve: request method=GET path=/mod/swarm status=200 duration=21.995193ms
2026/08/22 10:19:23 INFO serve: request method=GET path=/mod/live/history status=200 duration=5.264885ms
2026/08/22 10:19:23 INFO serve: request method=GET path=/history status=200 duration=2.121346ms
2026/08/22 10:19:23 INFO serve: request method=GET path=/mod/swarm status=200 duration=21.818846ms
2026/08/22 10:19:24 INFO serve: request method=GET path=/mod/live/history status=200 duration=3.051077ms
2026/08/22 10:19:24 INFO serve: request method=GET path=/history status=200 duration=1.529846ms
2026/08/22 10:19:24 INFO serve: request method=GET path=/mod/swarm status=200 duration=39.174769ms
2026/08/22 10:19:25 INFO serve: request method=GET path=/mod/live/history status=200 duration=3.529307ms
2026/08/22 10:19:25 INFO serve: request method=GET path=/history status=200 duration=1.680846ms
2026/08/22 10:19:25 INFO serve: request method=GET path=/mod/swarm status=200 duration=19.228384ms
2026/08/22 10:19:26 INFO serve: request method=GET path=/mod/live/history status=200 duration=3.562462ms
2026/08/22 10:19:26 INFO serve: request method=GET path=/history status=200 duration=2.574962ms
2026/08/22 10:19:26 INFO serve: request method=GET path=/mod/swarm status=200 duration=27.974807ms
2026/08/22 10:19:27 INFO serve: request method=GET path=/mod/live/history status=200 duration=2.885ms
2026/08/22 10:19:27 INFO serve: request method=GET path=/history status=200 duration=1.938269ms
2026/08/22 10:19:27 INFO serve: request method=GET path=/mod/swarm status=200 duration=21.195808ms
2026/08/22 10:19:28 INFO serve: request method=GET path=/mod/live/history status=200 duration=3.47423ms
2026/08/22 10:19:28 INFO serve: request method=GET path=/history status=200 duration=1.435615ms
2026/08/22 10:19:28 INFO serve: request method=GET path=/mod/swarm status=200 duration=28.538923ms
2026/08/22 10:19:29 INFO serve: request method=GET path=/mod/live/history status=200 duration=4.455077ms
2026/08/22 10:19:29 INFO serve: request method=GET path=/history status=200 duration=2.166923ms
2026/08/22 10:19:29 INFO serve: request method=GET path=/mod/swarm status=200 duration=33.954961ms
2026/08/22 10:19:29 INFO serve: request method=GET path=/mod/live/history status=200 duration=4.158539ms
2026/08/22 10:19:29 INFO serve: request method=GET path=/history status=200 duration=1.35773ms
2026/08/22 10:19:29 INFO serve: request method=GET path=/mod/swarm status=200 duration=22.181846ms
2026/08/22 10:19:30 INFO serve: request method=GET path=/mod/live/history status=200 duration=2.841847ms
2026/08/22 10:19:30 INFO serve: request method=GET path=/history status=200 duration=1.615154ms
2026/08/22 10:19:30 INFO serve: request method=GET path=/mod/swarm status=200 duration=21.878384ms
2026/08/22 10:19:31 INFO serve: request method=GET path=/mod/live/history status=200 duration=5.865269ms
2026/08/22 10:19:31 INFO serve: request method=GET path=/history status=200 duration=1.850731ms
2026/08/22 10:19:31 INFO serve: request method=GET path=/mod/swarm status=200 duration=28.322884ms
2026/08/22 10:19:32 INFO serve: request method=GET path=/mod/live/history status=200 duration=4.625307ms
2026/08/22 10:19:32 INFO serve: request method=GET path=/history status=200 duration=1.983ms
2026/08/22 10:19:32 INFO serve: request method=GET path=/mod/swarm status=200 duration=36.295347ms
2026/08/22 10:19:33 INFO serve: request method=GET path=/mod/live/history status=200 duration=3.685193ms
2026/08/22 10:19:33 INFO serve: request method=GET path=/history status=200 duration=1.465269ms
2026/08/22 10:19:33 INFO serve: request method=GET path=/mod/swarm status=200 duration=25.230385ms
2026/08/22 10:19:34 INFO serve: request method=GET path=/mod/live/history status=200 duration=3.780077ms
2026/08/22 10:19:34 INFO serve: request method=GET path=/history status=200 duration=1.807846ms
2026/08/22 10:19:34 INFO serve: request method=GET path=/mod/swarm status=200 duration=20.197ms
2026/08/22 10:19:34 INFO serve: request method=GET path=/mod/tasks status=200 duration=57.598192ms
2026/08/22 10:19:35 INFO serve: request method=GET path=/mod/live/history status=200 duration=3.648116ms
2026/08/22 10:19:35 INFO serve: request method=GET path=/history status=200 duration=2.354462ms
2026/08/22 10:19:35 INFO serve: request method=GET path=/mod/swarm status=200 duration=21.692462ms
2026/08/22 10:19:36 INFO serve: request method=GET path=/mod/live/history status=200 duration=3.672308ms
2026/08/22 10:19:36 INFO serve: request method=GET path=/history status=200 duration=1.657885ms
2026/08/22 10:19:36 INFO serve: request method=GET path=/mod/swarm status=200 duration=19.768423ms
2026/08/22 10:19:37 INFO serve: request method=GET path=/mod/live/history status=200 duration=3.724384ms
2026/08/22 10:19:37 INFO serve: request method=GET path=/history status=200 duration=3.077038ms
2026/08/22 10:19:37 INFO serve: request method=GET path=/mod/swarm status=200 duration=20.784193ms
2026/08/22 10:19:38 INFO serve: request method=GET path=/mod/live/history status=200 duration=3.272538ms
2026/08/22 10:19:38 INFO serve: request method=GET path=/history status=200 duration=2.353423ms
2026/08/22 10:19:38 INFO serve: request method=GET path=/mod/swarm status=200 duration=29.244154ms
2026/08/22 10:19:38 INFO serve: request method=GET path=/mod/live/history status=200 duration=4.240923ms
2026/08/22 10:19:38 INFO serve: request method=GET path=/history status=200 duration=1.882577ms
2026/08/22 10:19:38 INFO serve: request method=GET path=/mod/swarm status=200 duration=22.923346ms
2026/08/22 10:19:39 INFO serve: request method=GET path=/mod/live/history status=200 duration=3.897462ms
2026/08/22 10:19:39 INFO serve: request method=GET path=/history status=200 duration=2.197077ms
2026/08/22 10:19:39 INFO serve: request method=GET path=/mod/swarm status=200 duration=27.247962ms
2026/08/22 10:19:40 INFO serve: request method=GET path=/mod/live/history status=200 duration=4.972038ms
2026/08/22 10:19:40 INFO serve: request method=GET path=/history status=200 duration=1.922923ms
2026/08/22 10:19:40 INFO serve: request method=GET path=/mod/swarm status=200 duration=21.561616ms
2026/08/22 10:19:41 INFO serve: request method=GET path=/mod/live/history status=200 duration=4.590884ms
2026/08/22 10:19:41 INFO serve: request method=GET path=/history status=200 duration=2.95223ms
2026/08/22 10:19:41 INFO serve: request method=GET path=/mod/swarm status=200 duration=27.214923ms
2026/08/22 10:19:42 INFO serve: request method=GET path=/mod/live/history status=200 duration=4.715231ms
2026/08/22 10:19:42 INFO serve: request method=GET path=/history status=200 duration=2.6ms
2026/08/22 10:19:42 INFO serve: request method=GET path=/mod/swarm status=200 duration=23.713769ms
2026/08/22 10:19:43 INFO serve: request method=GET path=/mod/live/history status=200 duration=4.781231ms
2026/08/22 10:19:43 INFO serve: request method=GET path=/history status=200 duration=2.532ms
2026/08/22 10:19:43 INFO serve: request method=GET path=/mod/swarm status=200 duration=21.486808ms
2026/08/22 10:19:44 INFO serve: request method=GET path=/mod/live/history status=200 duration=4.05527ms
2026/08/22 10:19:44 INFO serve: request method=GET path=/history status=200 duration=2.155923ms
2026/08/22 10:19:44 INFO serve: request method=GET path=/mod/swarm status=200 duration=18.253ms
2026/08/22 10:19:45 INFO serve: request method=GET path=/mod/live/history status=200 duration=3.810347ms
2026/08/22 10:19:45 INFO serve: request method=GET path=/history status=200 duration=2.618154ms
2026/08/22 10:19:45 INFO serve: request method=GET path=/mod/swarm status=200 duration=21.92423ms
2026/08/22 10:19:46 INFO serve: request method=GET path=/mod/live/history status=200 duration=4.865423ms
2026/08/22 10:19:46 INFO serve: request method=GET path=/history status=200 duration=1.760308ms
2026/08/22 10:19:46 INFO serve: request method=GET path=/mod/swarm status=200 duration=22.953615ms
2026/08/22 10:19:47 INFO serve: request method=GET path=/mod/live/history status=200 duration=4.526308ms
2026/08/22 10:19:47 INFO serve: request method=GET path=/history status=200 duration=1.793346ms
2026/08/22 10:19:47 INFO serve: request method=GET path=/mod/swarm status=200 duration=25.089539ms
2026/08/22 10:19:47 INFO serve: request method=GET path=/mod/live/history status=200 duration=3.788154ms
2026/08/22 10:19:47 INFO serve: request method=GET path=/history status=200 duration=2.262077ms
2026/08/22 10:19:47 INFO serve: request method=GET path=/mod/swarm status=200 duration=24.814808ms
2026/08/22 10:19:48 INFO serve: request method=GET path=/mod/live/history status=200 duration=4.285847ms
2026/08/22 10:19:48 INFO serve: request method=GET path=/history status=200 duration=2.763808ms
2026/08/22 10:19:48 INFO serve: request method=GET path=/mod/swarm status=200 duration=28.614384ms
2026/08/22 10:19:49 INFO serve: request method=GET path=/mod/live/history status=200 duration=5.150384ms
2026/08/22 10:19:49 INFO serve: request method=GET path=/history status=200 duration=2.203192ms
2026/08/22 10:19:49 INFO serve: request method=GET path=/mod/swarm status=200 duration=26.829923ms
2026/08/22 10:19:50 INFO serve: request method=GET path=/mod/live/history status=200 duration=4.421ms
2026/08/22 10:19:50 INFO serve: request method=GET path=/history status=200 duration=1.917577ms
2026/08/22 10:19:50 INFO serve: request method=GET path=/mod/swarm status=200 duration=19.552269ms
2026/08/22 10:19:51 INFO serve: request method=GET path=/mod/live/history status=200 duration=3.538154ms
2026/08/22 10:19:51 INFO serve: request method=GET path=/history status=200 duration=1.577731ms
2026/08/22 10:19:51 INFO serve: request method=GET path=/mod/swarm status=200 duration=21.164961ms
2026/08/22 10:19:52 INFO serve: request method=GET path=/mod/live/history status=200 duration=4.818115ms
2026/08/22 10:19:52 INFO serve: request method=GET path=/history status=200 duration=2.321539ms
2026/08/22 10:19:52 INFO serve: request method=GET path=/mod/swarm status=200 duration=25.467423ms
2026/08/22 10:19:53 INFO serve: request method=GET path=/mod/live/history status=200 duration=4.144923ms
2026/08/22 10:19:53 INFO serve: request method=GET path=/history status=200 duration=2.286577ms
2026/08/22 10:19:53 INFO serve: request method=GET path=/mod/swarm status=200 duration=21.893692ms
2026/08/22 10:19:54 INFO serve: request method=GET path=/mod/live/history status=200 duration=3.43477ms
2026/08/22 10:19:54 INFO serve: request method=GET path=/history status=200 duration=2.031808ms
2026/08/22 10:19:54 INFO serve: request method=GET path=/mod/swarm status=200 duration=19.52923ms
2026/08/22 10:19:55 INFO serve: request method=GET path=/mod/live/history status=200 duration=4.57173ms
2026/08/22 10:19:55 INFO serve: request method=GET path=/history status=200 duration=2.021346ms
2026/08/22 10:19:55 INFO serve: request method=GET path=/mod/swarm status=200 duration=18.8695ms
2026/08/22 10:19:56 INFO serve: request method=GET path=/mod/live/history status=200 duration=3.913423ms
2026/08/22 10:19:56 INFO serve: request method=GET path=/history status=200 duration=1.798231ms
2026/08/22 10:19:56 INFO serve: request method=GET path=/mod/swarm status=200 duration=21.377653ms
2026/08/22 10:19:56 INFO serve: request method=GET path=/mod/live/history status=200 duration=3.540769ms
2026/08/22 10:19:56 INFO serve: request method=GET path=/history status=200 duration=1.805962ms
2026/08/22 10:19:56 INFO serve: request method=GET path=/mod/swarm status=200 duration=17.02573ms
2026/08/22 10:19:57 INFO serve: request method=GET path=/mod/live/history status=200 duration=2.635885ms
2026/08/22 10:19:57 INFO serve: request method=GET path=/history status=200 duration=1.329924ms
2026/08/22 10:19:57 INFO serve: request method=GET path=/mod/swarm status=200 duration=17.4495ms
2026/08/22 10:19:58 INFO serve: request method=GET path=/mod/live/history status=200 duration=4.598885ms
2026/08/22 10:19:58 INFO serve: request method=GET path=/history status=200 duration=1.600769ms
2026/08/22 10:19:58 INFO serve: request method=GET path=/mod/swarm status=200 duration=26.197962ms
2026/08/22 10:19:59 INFO serve: request method=GET path=/mod/live/history status=200 duration=3.566731ms
2026/08/22 10:19:59 INFO serve: request method=GET path=/history status=200 duration=2.016ms
2026/08/22 10:19:59 INFO serve: request method=GET path=/mod/swarm status=200 duration=23.951269ms
2026/08/22 10:20:00 INFO serve: request method=GET path=/mod/live/history status=200 duration=3.574884ms
2026/08/22 10:20:00 INFO serve: request method=GET path=/history status=200 duration=1.883615ms
2026/08/22 10:20:00 INFO serve: request method=GET path=/mod/swarm status=200 duration=26.462538ms
2026/08/22 10:20:01 INFO serve: request method=GET path=/mod/live/history status=200 duration=3.161116ms
2026/08/22 10:20:01 INFO serve: request method=GET path=/history status=200 duration=1.232192ms
2026/08/22 10:20:01 INFO serve: request method=GET path=/mod/swarm status=200 duration=14.438077ms
2026/08/22 10:20:02 INFO serve: request method=GET path=/mod/live/history status=200 duration=5.3925ms
2026/08/22 10:20:02 INFO serve: request method=GET path=/history status=200 duration=1.888577ms
2026/08/22 10:20:02 INFO serve: request method=GET path=/mod/swarm status=200 duration=22.950961ms
2026/08/22 10:20:03 INFO serve: request method=GET path=/mod/live/history status=200 duration=2.634154ms
2026/08/22 10:20:03 INFO serve: request method=GET path=/history status=200 duration=1.427346ms
2026/08/22 10:20:03 INFO serve: request method=GET path=/mod/swarm status=200 duration=16.181846ms
2026/08/22 10:20:04 INFO serve: request method=GET path=/mod/live/history status=200 duration=2.650962ms
2026/08/22 10:20:04 INFO serve: request method=GET path=/history status=200 duration=1.586577ms
2026/08/22 10:20:04 INFO serve: request method=GET path=/mod/swarm status=200 duration=13.533308ms
2026/08/22 10:20:05 INFO serve: request method=GET path=/mod/live/history status=200 duration=2.696ms
2026/08/22 10:20:05 INFO serve: request method=GET path=/history status=200 duration=1.392654ms
2026/08/22 10:20:05 INFO serve: request method=GET path=/mod/swarm status=200 duration=16.911538ms
2026/08/22 10:20:05 INFO serve: request method=GET path=/mod/live/history status=200 duration=3.628923ms
2026/08/22 10:20:05 INFO serve: request method=GET path=/history status=200 duration=1.649577ms
2026/08/22 10:20:05 INFO serve: request method=GET path=/mod/swarm status=200 duration=20.481769ms
2026/08/22 10:20:06 INFO serve: request method=GET path=/mod/live/history status=200 duration=3.858846ms
2026/08/22 10:20:06 INFO serve: request method=GET path=/history status=200 duration=1.695769ms
2026/08/22 10:20:06 INFO serve: request method=GET path=/mod/swarm status=200 duration=19.206116ms
2026/08/22 10:20:07 INFO serve: request method=GET path=/mod/live/history status=200 duration=2.741731ms
2026/08/22 10:20:07 INFO serve: request method=GET path=/history status=200 duration=1.479115ms
2026/08/22 10:20:07 INFO serve: request method=GET path=/mod/swarm status=200 duration=21.194154ms
2026/08/22 10:20:08 INFO serve: request method=GET path=/mod/live/history status=200 duration=3.679077ms
2026/08/22 10:20:08 INFO serve: request method=GET path=/history status=200 duration=1.682577ms
2026/08/22 10:20:08 INFO serve: request method=GET path=/mod/swarm status=200 duration=21.913116ms
2026/08/22 10:20:09 INFO serve: request method=GET path=/mod/live/history status=200 duration=2.716538ms
2026/08/22 10:20:09 INFO serve: request method=GET path=/history status=200 duration=1.259654ms
2026/08/22 10:20:09 INFO serve: request method=GET path=/mod/swarm status=200 duration=13.595615ms
2026/08/22 10:20:10 INFO serve: request method=GET path=/mod/live/history status=200 duration=2.699269ms
2026/08/22 10:20:10 INFO serve: request method=GET path=/history status=200 duration=1.450346ms
2026/08/22 10:20:10 INFO serve: request method=GET path=/mod/swarm status=200 duration=15.759193ms
2026/08/22 10:20:11 INFO serve: request method=GET path=/mod/live/history status=200 duration=3.738346ms
2026/08/22 10:20:11 INFO serve: request method=GET path=/history status=200 duration=2.055769ms
2026/08/22 10:20:11 INFO serve: request method=GET path=/mod/swarm status=200 duration=16.355616ms
2026/08/22 10:20:12 INFO serve: request method=GET path=/mod/live/history status=200 duration=2.676154ms
2026/08/22 10:20:12 INFO serve: request method=GET path=/history status=200 duration=1.257462ms
2026/08/22 10:20:12 INFO serve: request method=GET path=/mod/swarm status=200 duration=14.479692ms
2026/08/22 10:20:13 INFO serve: request method=GET path=/mod/live/history status=200 duration=2.65523ms
2026/08/22 10:20:13 INFO serve: request method=GET path=/history status=200 duration=1.291346ms
2026/08/22 10:20:13 INFO serve: request method=GET path=/mod/swarm status=200 duration=15.120385ms
2026/08/22 10:20:14 INFO serve: request method=GET path=/mod/live/history status=200 duration=3.0405ms
2026/08/22 10:20:14 INFO serve: request method=GET path=/history status=200 duration=1.432269ms
2026/08/22 10:20:14 INFO serve: request method=GET path=/mod/swarm status=200 duration=15.792ms
2026/08/22 10:20:14 INFO serve: request method=GET path=/mod/live/history status=200 duration=3.869654ms
2026/08/22 10:20:14 INFO serve: request method=GET path=/history status=200 duration=1.745193ms
2026/08/22 10:20:14 INFO serve: request method=GET path=/mod/swarm status=200 duration=20.269807ms
2026/08/22 10:20:15 INFO serve: request method=GET path=/mod/live/history status=200 duration=4.005231ms
2026/08/22 10:20:15 INFO serve: request method=GET path=/history status=200 duration=2.190269ms
2026/08/22 10:20:15 INFO serve: request method=GET path=/mod/swarm status=200 duration=21.882308ms
2026/08/22 10:20:16 INFO serve: request method=GET path=/mod/live/history status=200 duration=2.781923ms
2026/08/22 10:20:16 INFO serve: request method=GET path=/history status=200 duration=1.4925ms
2026/08/22 10:20:16 INFO serve: request method=GET path=/mod/swarm status=200 duration=16.784424ms
2026/08/22 10:20:17 INFO serve: request method=GET path=/mod/live/history status=200 duration=3.431153ms
2026/08/22 10:20:17 INFO serve: request method=GET path=/history status=200 duration=1.876154ms
2026/08/22 10:20:17 INFO serve: request method=GET path=/mod/swarm status=200 duration=17.875962ms
2026/08/22 10:20:18 INFO serve: request method=GET path=/mod/live/history status=200 duration=2.753538ms
2026/08/22 10:20:18 INFO serve: request method=GET path=/history status=200 duration=1.764923ms
2026/08/22 10:20:18 INFO serve: request method=GET path=/mod/swarm status=200 duration=20.458461ms
2026/08/22 10:20:19 INFO serve: request method=GET path=/mod/live/history status=200 duration=3.291423ms
2026/08/22 10:20:19 INFO serve: request method=GET path=/history status=200 duration=1.840346ms
2026/08/22 10:20:19 INFO serve: request method=GET path=/mod/swarm status=200 duration=16.077385ms
2026/08/22 10:20:20 INFO serve: request method=GET path=/mod/live/history status=200 duration=2.729154ms
2026/08/22 10:20:20 INFO serve: request method=GET path=/history status=200 duration=1.601038ms
2026/08/22 10:20:20 INFO serve: request method=GET path=/mod/swarm status=200 duration=13.6045ms
2026/08/22 10:20:21 INFO serve: request method=GET path=/mod/live/history status=200 duration=2.775423ms
2026/08/22 10:20:21 INFO serve: request method=GET path=/history status=200 duration=1.421115ms
2026/08/22 10:20:21 INFO serve: request method=GET path=/mod/swarm status=200 duration=13.267847ms
2026/08/22 10:20:22 INFO serve: request method=GET path=/mod/live/history status=200 duration=3.208885ms
2026/08/22 10:20:22 INFO serve: request method=GET path=/history status=200 duration=2.058154ms
2026/08/22 10:20:22 INFO serve: request method=GET path=/mod/swarm status=200 duration=21.436077ms
2026/08/22 10:20:23 INFO serve: request method=GET path=/mod/live/history status=200 duration=2.595693ms
2026/08/22 10:20:23 INFO serve: request method=GET path=/history status=200 duration=1.449885ms
2026/08/22 10:20:23 INFO serve: request method=GET path=/mod/swarm status=200 duration=14.918384ms
2026/08/22 10:20:23 INFO serve: request method=GET path=/mod/live/history status=200 duration=3.480885ms
2026/08/22 10:20:23 INFO serve: request method=GET path=/history status=200 duration=1.925384ms
2026/08/22 10:20:23 INFO serve: request method=GET path=/mod/swarm status=200 duration=21.976961ms
2026/08/22 10:20:24 INFO serve: request method=GET path=/mod/live/history status=200 duration=4.151307ms
2026/08/22 10:20:24 INFO serve: request method=GET path=/history status=200 duration=2.218231ms
2026/08/22 10:20:24 INFO serve: request method=GET path=/mod/swarm status=200 duration=18.002961ms
2026/08/22 10:20:25 INFO serve: request method=GET path=/mod/live/history status=200 duration=2.705654ms
2026/08/22 10:20:25 INFO serve: request method=GET path=/history status=200 duration=1.3ms
2026/08/22 10:20:25 INFO serve: request method=GET path=/mod/swarm status=200 duration=14.804692ms
2026/08/22 10:20:26 INFO serve: request method=GET path=/mod/live/history status=200 duration=3.569231ms
2026/08/22 10:20:26 INFO serve: request method=GET path=/history status=200 duration=2.018154ms
2026/08/22 10:20:26 INFO serve: request method=GET path=/mod/swarm status=200 duration=18.308808ms
2026/08/22 10:20:27 INFO serve: request method=GET path=/mod/live/history status=200 duration=2.654923ms
2026/08/22 10:20:27 INFO serve: request method=GET path=/history status=200 duration=2.294577ms
2026/08/22 10:20:27 INFO serve: request method=GET path=/mod/swarm status=200 duration=20.910923ms
2026/08/22 10:20:28 INFO serve: request method=GET path=/mod/live/history status=200 duration=2.754116ms
2026/08/22 10:20:28 INFO serve: request method=GET path=/history status=200 duration=1.219923ms
2026/08/22 10:20:28 INFO serve: request method=GET path=/mod/swarm status=200 duration=12.913308ms
2026/08/22 10:20:29 INFO serve: request method=GET path=/mod/live/history status=200 duration=3.070192ms
2026/08/22 10:20:29 INFO serve: request method=GET path=/history status=200 duration=2.934346ms
2026/08/22 10:20:29 INFO serve: request method=GET path=/mod/swarm status=200 duration=19.389154ms
2026/08/22 10:20:30 INFO serve: request method=GET path=/mod/live/history status=200 duration=2.628039ms
2026/08/22 10:20:30 INFO serve: request method=GET path=/mod/swarm status=200 duration=11.945038ms
2026/08/22 10:20:30 INFO serve: request method=GET path=/history status=200 duration=1.397308ms
2026/08/22 10:20:31 INFO serve: request method=GET path=/mod/live/history status=200 duration=2.6345ms
2026/08/22 10:20:31 INFO serve: request method=GET path=/history status=200 duration=1.317692ms
2026/08/22 10:20:31 INFO serve: request method=GET path=/mod/swarm status=200 duration=14.922423ms
2026/08/22 10:20:32 INFO serve: request method=GET path=/mod/live/history status=200 duration=2.677192ms
2026/08/22 10:20:32 INFO serve: request method=GET path=/history status=200 duration=1.364846ms
2026/08/22 10:20:32 INFO serve: request method=GET path=/mod/swarm status=200 duration=15.200538ms
2026/08/22 10:20:32 INFO serve: request method=GET path=/mod/live/history status=200 duration=2.638077ms
2026/08/22 10:20:32 INFO serve: request method=GET path=/history status=200 duration=1.31173ms
2026/08/22 10:20:32 INFO serve: request method=GET path=/mod/swarm status=200 duration=13.283038ms
2026/08/22 10:20:33 INFO serve: request method=GET path=/mod/live/history status=200 duration=2.747154ms
2026/08/22 10:20:33 INFO serve: request method=GET path=/history status=200 duration=1.317346ms
2026/08/22 10:20:33 INFO serve: request method=GET path=/mod/swarm status=200 duration=15.454885ms
2026/08/22 10:20:34 INFO serve: request method=GET path=/mod/live/history status=200 duration=1.521769ms
2026/08/22 10:20:34 INFO serve: request method=GET path=/history status=200 duration=1.511461ms
2026/08/22 10:20:34 INFO serve: request method=GET path=/mod/swarm status=200 duration=17.534846ms
2026/08/22 10:20:35 INFO serve: request method=GET path=/mod/live/history status=200 duration=3.930538ms
2026/08/22 10:20:35 INFO serve: request method=GET path=/history status=200 duration=2.020846ms
2026/08/22 10:20:35 INFO serve: request method=GET path=/mod/swarm status=200 duration=18.67773ms
2026/08/22 10:20:36 INFO serve: request method=GET path=/mod/live/history status=200 duration=4.509461ms
2026/08/22 10:20:36 INFO serve: request method=GET path=/history status=200 duration=2.628731ms
2026/08/22 10:20:36 INFO serve: request method=GET path=/mod/swarm status=200 duration=18.013385ms
2026/08/22 10:20:37 INFO serve: request method=GET path=/mod/live/history status=200 duration=4.298731ms
2026/08/22 10:20:37 INFO serve: request method=GET path=/history status=200 duration=1.345654ms
2026/08/22 10:20:37 INFO serve: request method=GET path=/mod/swarm status=200 duration=45.007269ms
2026/08/22 10:20:38 INFO serve: request method=GET path=/mod/live/history status=200 duration=2.716693ms
2026/08/22 10:20:38 INFO serve: request method=GET path=/history status=200 duration=1.375461ms
2026/08/22 10:20:38 INFO serve: request method=GET path=/mod/swarm status=200 duration=16.328654ms
2026/08/22 10:20:39 INFO serve: request method=GET path=/mod/live/history status=200 duration=3.312077ms
2026/08/22 10:20:39 INFO serve: request method=GET path=/history status=200 duration=1.836846ms
2026/08/22 10:20:39 INFO serve: request method=GET path=/mod/swarm status=200 duration=19.094154ms
2026/08/22 10:20:40 INFO serve: request method=GET path=/mod/live/history status=200 duration=4.025346ms
2026/08/22 10:20:40 INFO serve: request method=GET path=/history status=200 duration=2.150462ms
2026/08/22 10:20:40 INFO serve: request method=GET path=/mod/swarm status=200 duration=23.067884ms
2026/08/22 10:20:41 INFO serve: request method=GET path=/mod/live/history status=200 duration=2.767731ms
2026/08/22 10:20:41 INFO serve: request method=GET path=/history status=200 duration=1.353385ms
2026/08/22 10:20:41 INFO serve: request method=GET path=/mod/swarm status=200 duration=15.082616ms
2026/08/22 10:20:41 INFO serve: request method=GET path=/mod/live/history status=200 duration=2.555076ms
2026/08/22 10:20:41 INFO serve: request method=GET path=/history status=200 duration=1.541116ms
2026/08/22 10:20:41 INFO serve: request method=GET path=/mod/swarm status=200 duration=15.619693ms
2026/08/22 10:20:42 INFO serve: request method=GET path=/mod/live/history status=200 duration=3.088615ms
2026/08/22 10:20:42 INFO serve: request method=GET path=/history status=200 duration=1.329615ms
2026/08/22 10:20:42 INFO serve: request method=GET path=/mod/swarm status=200 duration=13.8615ms
2026/08/22 10:20:43 INFO serve: request method=GET path=/mod/live/history status=200 duration=2.666731ms
2026/08/22 10:20:43 INFO serve: request method=GET path=/history status=200 duration=1.263153ms
2026/08/22 10:20:43 INFO serve: request method=GET path=/mod/swarm status=200 duration=13.031ms
2026/08/22 10:20:44 INFO serve: request method=GET path=/mod/live/history status=200 duration=2.623423ms
2026/08/22 10:20:44 INFO serve: request method=GET path=/history status=200 duration=1.370231ms
2026/08/22 10:20:44 INFO serve: request method=GET path=/mod/swarm status=200 duration=17.969615ms
2026/08/22 10:20:45 INFO serve: request method=GET path=/mod/live/history status=200 duration=6.441731ms
2026/08/22 10:20:45 INFO serve: request method=GET path=/history status=200 duration=1.306192ms
2026/08/22 10:20:45 INFO serve: request method=GET path=/mod/swarm status=200 duration=17.922616ms
2026/08/22 10:20:46 INFO serve: request method=GET path=/mod/live/history status=200 duration=2.598731ms
2026/08/22 10:20:46 INFO serve: request method=GET path=/history status=200 duration=1.280653ms
2026/08/22 10:20:46 INFO serve: request method=GET path=/mod/swarm status=200 duration=10.9525ms
2026/08/22 10:20:47 INFO serve: request method=GET path=/mod/live/history status=200 duration=2.616ms
2026/08/22 10:20:47 INFO serve: request method=GET path=/history status=200 duration=1.306539ms
2026/08/22 10:20:47 INFO serve: request method=GET path=/mod/swarm status=200 duration=14.0845ms
2026/08/22 10:20:48 INFO serve: request method=GET path=/mod/live/history status=200 duration=2.917884ms
2026/08/22 10:20:48 INFO serve: request method=GET path=/history status=200 duration=1.415846ms
2026/08/22 10:20:48 INFO serve: request method=GET path=/mod/swarm status=200 duration=15.101923ms
2026/08/22 10:20:49 INFO serve: request method=GET path=/mod/live/history status=200 duration=4.179347ms
2026/08/22 10:20:49 INFO serve: request method=GET path=/history status=200 duration=1.631116ms
2026/08/22 10:20:49 INFO serve: request method=GET path=/mod/swarm status=200 duration=16.146269ms
2026/08/22 10:20:50 INFO serve: request method=GET path=/mod/live/history status=200 duration=3.817192ms
2026/08/22 10:20:50 INFO serve: request method=GET path=/history status=200 duration=1.697192ms
2026/08/22 10:20:50 INFO serve: request method=GET path=/mod/swarm status=200 duration=19.525884ms
2026/08/22 10:20:50 INFO serve: request method=GET path=/mod/live/history status=200 duration=3.643538ms
2026/08/22 10:20:50 INFO serve: request method=GET path=/history status=200 duration=1.683692ms
2026/08/22 10:20:50 INFO serve: request method=GET path=/mod/swarm status=200 duration=19.410962ms
2026/08/22 10:20:51 INFO serve: request method=GET path=/mod/live/history status=200 duration=2.676846ms
2026/08/22 10:20:51 INFO serve: request method=GET path=/history status=200 duration=1.299731ms
2026/08/22 10:20:51 INFO serve: request method=GET path=/mod/swarm status=200 duration=14.478308ms
2026/08/22 10:20:52 INFO serve: request method=GET path=/mod/live/history status=200 duration=2.803384ms
2026/08/22 10:20:52 INFO serve: request method=GET path=/history status=200 duration=1.325884ms
2026/08/22 10:20:52 INFO serve: request method=GET path=/mod/swarm status=200 duration=12.815653ms
2026/08/22 10:20:53 INFO serve: request method=GET path=/mod/live/history status=200 duration=2.693154ms
2026/08/22 10:20:53 INFO serve: request method=GET path=/history status=200 duration=1.522192ms
2026/08/22 10:20:53 INFO serve: request method=GET path=/mod/swarm status=200 duration=17.049231ms
2026/08/22 10:20:54 INFO serve: request method=GET path=/mod/live/history status=200 duration=3.269577ms
2026/08/22 10:20:54 INFO serve: request method=GET path=/history status=200 duration=1.885539ms
2026/08/22 10:20:54 INFO serve: request method=GET path=/mod/swarm status=200 duration=18.492577ms
2026/08/22 10:20:54 INFO serve: request method=GET path=/mod/recovery status=200 duration=235.077µs
2026/08/22 10:20:54 INFO serve: request method=POST path=/tool-approval-mode status=204 duration=547.616µs
2026/08/22 10:20:54 INFO serve: request method=POST path=/mod/app/task/start status=202 duration=7.7445ms
2026/08/22 10:20:55 INFO serve: request method=GET path=/mod/live/history status=200 duration=2.914154ms
2026/08/22 10:20:55 INFO serve: request method=GET path=/history status=200 duration=919.962µs
2026/08/22 10:20:55 INFO serve: request method=GET path=/mod/live/history status=200 duration=4.040808ms
2026/08/22 10:20:55 INFO serve: request method=GET path=/history status=200 duration=1.993038ms
2026/08/22 10:20:55 INFO serve: request method=GET path=/mod/swarm status=200 duration=18.067461ms
2026/08/22 10:20:56 INFO serve: request method=GET path=/mod/live/history status=200 duration=3.053346ms
2026/08/22 10:20:56 INFO serve: request method=GET path=/history status=200 duration=4.721423ms
2026/08/22 10:20:56 INFO serve: request method=GET path=/mod/swarm status=200 duration=28.479731ms
2026/08/22 10:20:57 INFO serve: request method=GET path=/mod/live/history status=200 duration=5.027808ms
2026/08/22 10:20:57 INFO serve: request method=GET path=/history status=200 duration=1.795885ms
2026/08/22 10:20:57 INFO serve: request method=GET path=/mod/swarm status=200 duration=19.164192ms
2026/08/22 10:20:58 INFO serve: request method=GET path=/mod/live/history status=200 duration=4.274693ms
2026/08/22 10:20:58 INFO serve: request method=GET path=/history status=200 duration=1.753654ms
2026/08/22 10:20:58 INFO serve: request method=GET path=/mod/swarm status=200 duration=19.816308ms
2026/08/22 10:20:59 INFO serve: request method=GET path=/mod/live/history status=200 duration=4.23577ms
2026/08/22 10:20:59 INFO serve: request method=GET path=/history status=200 duration=3.304192ms
2026/08/22 10:20:59 INFO serve: request method=GET path=/mod/swarm status=200 duration=28.679961ms
2026/08/22 10:21:00 INFO serve: request method=GET path=/mod/live/history status=200 duration=4.327231ms
2026/08/22 10:21:00 INFO serve: request method=GET path=/history status=200 duration=2.435423ms
2026/08/22 10:21:00 INFO serve: request method=GET path=/mod/swarm status=200 duration=18.598385ms
2026/08/22 10:21:01 INFO serve: request method=GET path=/mod/status status=200 duration=8.975461ms
2026/08/22 10:21:01 INFO serve: request method=GET path=/mod/app/contract status=200 duration=4.494038ms
2026/08/22 10:21:01 INFO serve: request method=GET path=/mod/live/history status=200 duration=2.830038ms
2026/08/22 10:21:01 INFO serve: request method=GET path=/mod/live/history status=200 duration=3.401038ms
2026/08/22 10:21:01 INFO serve: request method=GET path=/history status=200 duration=2.095231ms
2026/08/22 10:21:01 INFO serve: request method=GET path=/mod/swarm status=200 duration=37.344999ms
2026/08/22 10:21:02 INFO serve: request method=GET path=/mod/live/history status=200 duration=4.347231ms
2026/08/22 10:21:02 INFO serve: request method=GET path=/history status=200 duration=1.559423ms
2026/08/22 10:21:02 INFO serve: request method=GET path=/mod/swarm status=200 duration=27.221346ms
2026/08/22 10:21:03 INFO serve: request method=GET path=/mod/status status=200 duration=6.296077ms
2026/08/22 10:21:03 INFO serve: request method=GET path=/mod/app/contract status=200 duration=1.511654ms
2026/08/22 10:21:03 INFO serve: request method=GET path=/mod/live/history status=200 duration=3.225692ms
2026/08/22 10:21:03 INFO serve: request method=GET path=/mod/live/history status=200 duration=3.031924ms
2026/08/22 10:21:03 INFO serve: request method=GET path=/history status=200 duration=1.986346ms
2026/08/22 10:21:03 INFO serve: request method=GET path=/mod/swarm status=200 duration=26.080923ms
2026/08/22 10:21:04 INFO serve: request method=GET path=/mod/live/history status=200 duration=2.996154ms
2026/08/22 10:21:04 INFO serve: request method=GET path=/history status=200 duration=2.136461ms
2026/08/22 10:21:04 INFO serve: request method=GET path=/mod/swarm status=200 duration=24.99773ms
2026/08/22 10:21:04 INFO serve: request method=GET path=/mod/live/history status=200 duration=3.727539ms
2026/08/22 10:21:04 INFO serve: request method=GET path=/history status=200 duration=1.451693ms
2026/08/22 10:21:04 INFO serve: request method=GET path=/mod/swarm status=200 duration=20.006539ms
2026/08/22 10:21:05 INFO serve: request method=GET path=/mod/live/history status=200 duration=4.257346ms
2026/08/22 10:21:05 INFO serve: request method=GET path=/history status=200 duration=2.165ms
2026/08/22 10:21:05 INFO serve: request method=GET path=/mod/swarm status=200 duration=22.7515ms
2026/08/22 10:21:05 INFO serve: request method=GET path=/mod/tasks status=200 duration=61.906385ms
2026/08/22 10:21:06 INFO serve: request method=GET path=/mod/live/history status=200 duration=3.743346ms
2026/08/22 10:21:06 INFO serve: request method=GET path=/history status=200 duration=1.626616ms
2026/08/22 10:21:06 INFO serve: request method=GET path=/mod/swarm status=200 duration=17.165269ms
2026/08/22 10:21:07 INFO serve: request method=GET path=/mod/live/history status=200 duration=5.656846ms
2026/08/22 10:21:07 INFO serve: request method=GET path=/history status=200 duration=1.798653ms
2026/08/22 10:21:07 INFO serve: request method=GET path=/mod/swarm status=200 duration=21.551808ms
2026/08/22 10:21:08 INFO serve: request method=GET path=/mod/live/history status=200 duration=4.243807ms
2026/08/22 10:21:08 INFO serve: request method=GET path=/history status=200 duration=1.744769ms
2026/08/22 10:21:08 INFO serve: request method=GET path=/mod/swarm status=200 duration=19.766115ms
2026/08/22 10:21:09 INFO serve: request method=GET path=/mod/live/history status=200 duration=4.669192ms
2026/08/22 10:21:09 INFO serve: request method=GET path=/history status=200 duration=2.217154ms
2026/08/22 10:21:09 INFO serve: request method=GET path=/mod/swarm status=200 duration=28.166884ms
2026/08/22 10:21:10 INFO serve: request method=GET path=/mod/live/history status=200 duration=4.379269ms
2026/08/22 10:21:10 INFO serve: request method=GET path=/history status=200 duration=1.946692ms
2026/08/22 10:21:10 INFO serve: request method=GET path=/mod/swarm status=200 duration=20.005692ms
2026/08/22 10:21:11 INFO serve: request method=GET path=/mod/live/history status=200 duration=3.752269ms
2026/08/22 10:21:11 INFO serve: request method=GET path=/history status=200 duration=2.084846ms
2026/08/22 10:21:11 INFO serve: request method=GET path=/mod/swarm status=200 duration=18.545654ms
2026/08/22 10:21:12 INFO serve: request method=GET path=/mod/live/history status=200 duration=4.348577ms
2026/08/22 10:21:12 INFO serve: request method=GET path=/history status=200 duration=2.092462ms
2026/08/22 10:21:12 INFO serve: request method=GET path=/mod/swarm status=200 duration=20.632115ms
2026/08/22 10:21:13 INFO serve: request method=GET path=/mod/live/history status=200 duration=3.880615ms
2026/08/22 10:21:13 INFO serve: request method=GET path=/history status=200 duration=1.837769ms
2026/08/22 10:21:13 INFO serve: request method=GET path=/mod/swarm status=200 duration=20.068846ms
2026/08/22 10:21:13 INFO serve: request method=GET path=/mod/live/history status=200 duration=8.373192ms
2026/08/22 10:21:13 INFO serve: request method=GET path=/history status=200 duration=2.156538ms
2026/08/22 10:21:13 INFO serve: request method=GET path=/mod/swarm status=200 duration=33.080539ms
2026/08/22 10:21:14 INFO serve: request method=GET path=/mod/live/history status=200 duration=4.631231ms
2026/08/22 10:21:14 INFO serve: request method=GET path=/history status=200 duration=2.116038ms
2026/08/22 10:21:14 INFO serve: request method=GET path=/mod/swarm status=200 duration=17.676231ms
2026/08/22 10:21:15 INFO serve: request method=GET path=/mod/live/history status=200 duration=4.807346ms
2026/08/22 10:21:15 INFO serve: request method=GET path=/history status=200 duration=1.713ms
2026/08/22 10:21:15 INFO serve: request method=GET path=/mod/swarm status=200 duration=17.803807ms
2026/08/22 10:21:16 INFO serve: request method=GET path=/mod/live/history status=200 duration=4.450307ms
2026/08/22 10:21:16 INFO serve: request method=GET path=/history status=200 duration=2.1685ms
2026/08/22 10:21:16 INFO serve: request method=GET path=/mod/swarm status=200 duration=23.981038ms
2026/08/22 10:21:17 INFO serve: request method=GET path=/mod/live/history status=200 duration=4.335923ms
2026/08/22 10:21:17 INFO serve: request method=GET path=/history status=200 duration=1.864962ms
2026/08/22 10:21:17 INFO serve: request method=GET path=/mod/swarm status=200 duration=26.752769ms
2026/08/22 10:21:18 INFO serve: request method=GET path=/mod/live/history status=200 duration=4.980769ms
2026/08/22 10:21:18 INFO serve: request method=GET path=/history status=200 duration=2.633846ms
2026/08/22 10:21:18 INFO serve: request method=GET path=/mod/swarm status=200 duration=22.581154ms
2026/08/22 10:21:19 INFO serve: request method=GET path=/mod/live/history status=200 duration=4.793423ms
2026/08/22 10:21:19 INFO serve: request method=GET path=/history status=200 duration=2.137308ms
2026/08/22 10:21:19 INFO serve: request method=GET path=/mod/swarm status=200 duration=23.809577ms
2026/08/22 10:21:20 INFO serve: request method=GET path=/mod/live/history status=200 duration=4.873385ms
2026/08/22 10:21:20 INFO serve: request method=GET path=/history status=200 duration=1.943615ms
2026/08/22 10:21:20 INFO serve: request method=GET path=/mod/swarm status=200 duration=22.533231ms
2026/08/22 10:21:21 INFO serve: request method=GET path=/mod/live/history status=200 duration=4.436769ms
2026/08/22 10:21:21 INFO serve: request method=GET path=/history status=200 duration=2.527116ms
2026/08/22 10:21:21 INFO serve: request method=GET path=/mod/swarm status=200 duration=25.413307ms
2026/08/22 10:21:22 INFO serve: request method=GET path=/mod/live/history status=200 duration=5.929231ms
2026/08/22 10:21:22 INFO serve: request method=GET path=/history status=200 duration=2.042808ms
2026/08/22 10:21:22 INFO serve: request method=GET path=/mod/swarm status=200 duration=23.0045ms
2026/08/22 10:21:22 INFO serve: request method=GET path=/mod/live/history status=200 duration=3.982423ms
2026/08/22 10:21:22 INFO serve: request method=GET path=/history status=200 duration=1.997192ms
2026/08/22 10:21:22 INFO serve: request method=GET path=/mod/swarm status=200 duration=22.45323ms
2026/08/22 10:21:23 INFO serve: request method=GET path=/mod/live/history status=200 duration=3.984577ms
2026/08/22 10:21:23 INFO serve: request method=GET path=/history status=200 duration=1.733808ms
2026/08/22 10:21:23 INFO serve: request method=GET path=/mod/swarm status=200 duration=19.962385ms
2026/08/22 10:21:24 INFO serve: request method=GET path=/mod/live/history status=200 duration=4.979115ms
2026/08/22 10:21:24 INFO serve: request method=GET path=/history status=200 duration=3.113039ms
2026/08/22 10:21:24 INFO serve: request method=GET path=/mod/swarm status=200 duration=28.296462ms
2026/08/22 10:21:25 INFO serve: request method=GET path=/mod/live/history status=200 duration=4.353962ms
2026/08/22 10:21:25 INFO serve: request method=GET path=/history status=200 duration=1.756115ms
2026/08/22 10:21:25 INFO serve: request method=GET path=/mod/swarm status=200 duration=18.155923ms
2026/08/22 10:21:26 INFO serve: request method=GET path=/mod/live/history status=200 duration=4.660884ms
2026/08/22 10:21:26 INFO serve: request method=GET path=/history status=200 duration=2.112154ms
2026/08/22 10:21:26 INFO serve: request method=GET path=/mod/swarm status=200 duration=23.201654ms
2026/08/22 10:21:27 INFO serve: request method=GET path=/mod/live/history status=200 duration=4.442077ms
2026/08/22 10:21:27 INFO serve: request method=GET path=/history status=200 duration=2.967654ms
2026/08/22 10:21:27 INFO serve: request method=GET path=/mod/swarm status=200 duration=31.016039ms
2026/08/22 10:21:28 INFO serve: request method=GET path=/mod/live/history status=200 duration=6.975577ms
2026/08/22 10:21:28 INFO serve: request method=GET path=/history status=200 duration=2.813577ms
2026/08/22 10:21:28 INFO serve: request method=GET path=/mod/swarm status=200 duration=29.661346ms
2026/08/22 10:21:29 INFO serve: request method=GET path=/mod/live/history status=200 duration=5.45977ms
2026/08/22 10:21:29 INFO serve: request method=GET path=/history status=200 duration=1.882961ms
2026/08/22 10:21:29 INFO serve: request method=GET path=/mod/swarm status=200 duration=22.095ms
2026/08/22 10:21:30 INFO serve: request method=GET path=/mod/live/history status=200 duration=4.00873ms
2026/08/22 10:21:30 INFO serve: request method=GET path=/history status=200 duration=1.529115ms
2026/08/22 10:21:30 INFO serve: request method=GET path=/mod/swarm status=200 duration=17.049385ms
2026/08/22 10:21:31 INFO serve: request method=GET path=/mod/live/history status=200 duration=3.142808ms
2026/08/22 10:21:31 INFO serve: request method=GET path=/history status=200 duration=1.523307ms
2026/08/22 10:21:31 INFO serve: request method=GET path=/mod/swarm status=200 duration=15.569923ms
2026/08/22 10:21:31 INFO serve: request method=GET path=/mod/live/history status=200 duration=3.143846ms
2026/08/22 10:21:31 INFO serve: request method=GET path=/history status=200 duration=1.427346ms
2026/08/22 10:21:31 INFO serve: request method=GET path=/mod/swarm status=200 duration=15.257269ms
2026/08/22 10:21:32 INFO serve: request method=GET path=/mod/live/history status=200 duration=4.501962ms
2026/08/22 10:21:32 INFO serve: request method=GET path=/history status=200 duration=1.881115ms
2026/08/22 10:21:32 INFO serve: request method=GET path=/mod/swarm status=200 duration=26.157423ms
2026/08/22 10:21:33 INFO serve: request method=GET path=/mod/live/history status=200 duration=3.206ms
2026/08/22 10:21:33 INFO serve: request method=GET path=/history status=200 duration=1.433653ms
2026/08/22 10:21:33 INFO serve: request method=GET path=/mod/swarm status=200 duration=14.134961ms
2026/08/22 10:21:34 INFO serve: request method=GET path=/mod/live/history status=200 duration=3.212192ms
2026/08/22 10:21:34 INFO serve: request method=GET path=/history status=200 duration=1.4345ms
2026/08/22 10:21:34 INFO serve: request method=GET path=/mod/swarm status=200 duration=14.857693ms
2026/08/22 10:21:35 INFO serve: request method=GET path=/mod/live/history status=200 duration=4.751346ms
2026/08/22 10:21:35 INFO serve: request method=GET path=/history status=200 duration=1.697577ms
2026/08/22 10:21:35 INFO serve: request method=GET path=/mod/swarm status=200 duration=17.416693ms
2026/08/22 10:21:36 INFO serve: request method=GET path=/mod/live/history status=200 duration=3.207115ms
2026/08/22 10:21:36 INFO serve: request method=GET path=/history status=200 duration=1.501731ms
2026/08/22 10:21:36 INFO serve: request method=GET path=/mod/swarm status=200 duration=19.842ms
2026/08/22 10:21:37 INFO serve: request method=GET path=/mod/live/history status=200 duration=9.6075ms
2026/08/22 10:21:37 INFO serve: request method=GET path=/history status=200 duration=2.043269ms
2026/08/22 10:21:37 INFO serve: request method=GET path=/mod/swarm status=200 duration=22.475538ms
2026/08/22 10:21:37 INFO serve: request method=GET path=/mod/recovery status=200 duration=278.077µs
2026/08/22 10:21:37 INFO serve: request method=POST path=/tool-approval-mode status=204 duration=799.847µs
2026/08/22 10:21:37 INFO serve: request method=POST path=/mod/app/task/start status=202 duration=11.7735ms
2026/08/22 10:21:37 INFO serve: request method=GET path=/mod/live/history status=200 duration=3.560192ms
2026/08/22 10:21:37 INFO serve: request method=GET path=/history status=200 duration=2.411962ms
2026/08/22 10:21:38 INFO serve: request method=GET path=/mod/live/history status=200 duration=7.171231ms
2026/08/22 10:21:38 INFO serve: request method=GET path=/history status=200 duration=3.384961ms
2026/08/22 10:21:38 INFO serve: request method=GET path=/mod/swarm status=200 duration=69.346539ms
2026/08/22 10:21:58 INFO serve: request method=GET path=/mod/live/history status=200 duration=11.381153ms
2026/08/22 10:21:58 INFO serve: request method=GET path=/history status=200 duration=1.642038ms
2026/08/22 10:21:59 INFO serve: request method=GET path=/mod/live/history status=200 duration=3.346654ms
2026/08/22 10:21:59 INFO serve: request method=GET path=/history status=200 duration=1.635308ms
2026/08/22 10:21:59 INFO serve: request method=GET path=/mod/swarm status=200 duration=21.920807ms
2026/08/22 10:22:00 INFO serve: request method=GET path=/mod/live/history status=200 duration=3.773153ms
2026/08/22 10:22:00 INFO serve: request method=GET path=/history status=200 duration=2.157576ms
2026/08/22 10:22:00 INFO serve: request method=GET path=/mod/swarm status=200 duration=33.998346ms
2026/08/22 10:22:01 INFO serve: request method=GET path=/mod/live/history status=200 duration=3.529462ms
2026/08/22 10:22:01 INFO serve: request method=GET path=/history status=200 duration=2.679692ms
2026/08/22 10:22:01 INFO serve: request method=GET path=/mod/swarm status=200 duration=27.322576ms
2026/08/22 10:22:02 INFO serve: request method=GET path=/mod/live/history status=200 duration=4.065ms
2026/08/22 10:22:02 INFO serve: request method=GET path=/history status=200 duration=2.054923ms
2026/08/22 10:22:02 INFO serve: request method=GET path=/mod/swarm status=200 duration=17.107461ms
2026/08/22 10:22:02 INFO serve: request method=GET path=/mod/tasks status=200 duration=60.573154ms
2026/08/22 10:22:03 INFO serve: request method=GET path=/mod/live/history status=200 duration=4.764231ms
2026/08/22 10:22:03 INFO serve: request method=GET path=/history status=200 duration=2.257731ms
2026/08/22 10:22:03 INFO serve: request method=GET path=/mod/swarm status=200 duration=18.027961ms
2026/08/22 10:22:04 INFO serve: request method=GET path=/mod/live/history status=200 duration=2.968654ms
2026/08/22 10:22:04 INFO serve: request method=GET path=/history status=200 duration=1.734923ms
2026/08/22 10:22:04 INFO serve: request method=GET path=/mod/swarm status=200 duration=15.150846ms
2026/08/22 10:22:06 INFO serve: request method=GET path=/mod/live/history status=200 duration=16.677615ms
2026/08/22 10:22:06 INFO serve: request method=GET path=/history status=200 duration=2.453808ms
2026/08/22 10:22:07 INFO serve: request method=GET path=/mod/live/history status=200 duration=4.547961ms
2026/08/22 10:22:07 INFO serve: request method=GET path=/history status=200 duration=2.330384ms
2026/08/22 10:22:07 INFO serve: request method=GET path=/mod/swarm status=200 duration=17.470346ms
2026/08/22 10:22:08 INFO serve: request method=GET path=/mod/live/history status=200 duration=5.6875ms
2026/08/22 10:22:08 INFO serve: request method=GET path=/history status=200 duration=2.398ms
2026/08/22 10:22:08 INFO serve: request method=GET path=/mod/swarm status=200 duration=21.568346ms
2026/08/22 10:22:08 INFO serve: request method=GET path=/mod/live/history status=200 duration=4.926115ms
2026/08/22 10:22:08 INFO serve: request method=GET path=/history status=200 duration=2.449077ms
2026/08/22 10:22:08 INFO serve: request method=GET path=/mod/swarm status=200 duration=20.609423ms
2026/08/22 10:22:09 INFO serve: request method=GET path=/mod/live/history status=200 duration=5.790346ms
2026/08/22 10:22:09 INFO serve: request method=GET path=/history status=200 duration=1.9985ms
2026/08/22 10:22:09 INFO serve: request method=GET path=/mod/swarm status=200 duration=19.607577ms
2026/08/22 10:22:10 INFO serve: request method=GET path=/mod/live/history status=200 duration=4.40227ms
2026/08/22 10:22:10 INFO serve: request method=GET path=/history status=200 duration=2.4365ms
2026/08/22 10:22:10 INFO serve: request method=GET path=/mod/swarm status=200 duration=16.577961ms
2026/08/22 10:22:11 INFO serve: request method=GET path=/mod/live/history status=200 duration=5.504462ms
2026/08/22 10:22:11 INFO serve: request method=GET path=/history status=200 duration=2.627115ms
2026/08/22 10:22:11 INFO serve: request method=GET path=/mod/swarm status=200 duration=29.884808ms
2026/08/22 10:22:12 INFO serve: request method=GET path=/mod/live/history status=200 duration=6.688308ms
2026/08/22 10:22:12 INFO serve: request method=GET path=/history status=200 duration=2.506346ms
2026/08/22 10:22:12 INFO serve: request method=GET path=/mod/swarm status=200 duration=22.558269ms
2026/08/22 10:22:13 INFO serve: request method=GET path=/mod/live/history status=200 duration=6.757808ms
2026/08/22 10:22:13 INFO serve: request method=GET path=/history status=200 duration=3.582885ms
2026/08/22 10:22:13 INFO serve: request method=GET path=/mod/swarm status=200 duration=20.733347ms
2026/08/22 10:22:14 INFO serve: request method=GET path=/mod/live/history status=200 duration=4.284039ms
2026/08/22 10:22:14 INFO serve: request method=GET path=/history status=200 duration=2.833077ms
2026/08/22 10:22:14 INFO serve: request method=GET path=/mod/swarm status=200 duration=20.412308ms
2026/08/22 10:22:15 INFO serve: request method=GET path=/mod/live/history status=200 duration=3.531384ms
2026/08/22 10:22:15 INFO serve: request method=GET path=/history status=200 duration=1.991462ms
2026/08/22 10:22:15 INFO serve: request method=GET path=/mod/swarm status=200 duration=16.874269ms
2026/08/22 10:22:16 INFO serve: request method=GET path=/mod/live/history status=200 duration=4.841731ms
2026/08/22 10:22:16 INFO serve: request method=GET path=/history status=200 duration=2.215346ms
2026/08/22 10:22:16 INFO serve: request method=GET path=/mod/swarm status=200 duration=21.836038ms
2026/08/22 10:22:17 INFO serve: request method=GET path=/mod/live/history status=200 duration=8.11323ms
2026/08/22 10:22:17 INFO serve: request method=GET path=/history status=200 duration=1.818616ms
2026/08/22 10:22:17 INFO serve: request method=GET path=/mod/swarm status=200 duration=18.513154ms
2026/08/22 10:22:17 INFO serve: request method=GET path=/mod/live/history status=200 duration=5.4465ms
2026/08/22 10:22:17 INFO serve: request method=GET path=/history status=200 duration=2.371692ms
2026/08/22 10:22:17 INFO serve: request method=GET path=/mod/swarm status=200 duration=22.427961ms
2026/08/22 10:22:18 INFO serve: request method=GET path=/mod/recovery status=200 duration=316.538µs
2026/08/22 10:22:18 INFO serve: request method=POST path=/tool-approval-mode status=204 duration=134.462µs
2026/08/22 10:22:18 INFO serve: request method=GET path=/mod/live/history status=200 duration=3.536885ms
2026/08/22 10:22:18 INFO serve: request method=GET path=/history status=200 duration=1.984923ms
2026/08/22 10:22:18 INFO serve: request method=GET path=/mod/swarm status=200 duration=25.336077ms
2026/08/22 10:22:18 INFO serve: request method=POST path=/mod/app/task/start status=202 duration=10.420423ms
2026/08/22 10:22:18 INFO serve: request method=GET path=/mod/live/history status=200 duration=3.9555ms
2026/08/22 10:22:18 INFO serve: request method=GET path=/history status=200 duration=4.773192ms
2026/08/22 10:22:19 INFO serve: request method=GET path=/mod/live/history status=200 duration=3.988615ms
2026/08/22 10:22:19 INFO serve: request method=GET path=/history status=200 duration=2.615154ms
2026/08/22 10:22:19 INFO serve: request method=GET path=/mod/swarm status=200 duration=19.455577ms
2026/08/22 10:22:20 INFO serve: request method=GET path=/mod/live/history status=200 duration=3.968693ms
2026/08/22 10:22:20 INFO serve: request method=GET path=/history status=200 duration=2.581115ms
2026/08/22 10:22:20 INFO serve: request method=GET path=/mod/swarm status=200 duration=17.867116ms
2026/08/22 10:22:21 INFO serve: request method=GET path=/mod/live/history status=200 duration=4.351885ms
2026/08/22 10:22:21 INFO serve: request method=GET path=/history status=200 duration=2.642115ms
2026/08/22 10:22:21 INFO serve: request method=GET path=/mod/swarm status=200 duration=20.221269ms
2026/08/22 10:22:22 INFO serve: request method=GET path=/mod/live/history status=200 duration=3.911731ms
2026/08/22 10:22:22 INFO serve: request method=GET path=/history status=200 duration=2.45573ms
2026/08/22 10:22:22 INFO serve: request method=GET path=/mod/swarm status=200 duration=20.840385ms
2026/08/22 10:22:23 INFO serve: request method=GET path=/mod/live/history status=200 duration=4.813923ms
2026/08/22 10:22:23 INFO serve: request method=GET path=/history status=200 duration=2.900039ms
2026/08/22 10:22:23 INFO serve: request method=GET path=/mod/swarm status=200 duration=18.628231ms
2026/08/22 10:22:24 INFO serve: request method=GET path=/mod/live/history status=200 duration=4.609269ms
2026/08/22 10:22:24 INFO serve: request method=GET path=/history status=200 duration=2.492269ms
2026/08/22 10:22:24 INFO serve: request method=GET path=/mod/swarm status=200 duration=25.085962ms
2026/08/22 10:22:25 INFO serve: request method=GET path=/mod/live/history status=200 duration=4.741807ms
2026/08/22 10:22:25 INFO serve: request method=GET path=/history status=200 duration=7.926077ms
2026/08/22 10:22:25 INFO serve: request method=GET path=/mod/swarm status=200 duration=35.190846ms
2026/08/22 10:22:26 INFO serve: request method=GET path=/mod/live/history status=200 duration=5.464269ms
2026/08/22 10:22:26 INFO serve: request method=GET path=/history status=200 duration=2.465384ms
2026/08/22 10:22:26 INFO serve: request method=GET path=/mod/swarm status=200 duration=20.026654ms
2026/08/22 10:22:27 INFO serve: request method=GET path=/mod/live/history status=200 duration=4.979577ms
2026/08/22 10:22:27 INFO serve: request method=GET path=/history status=200 duration=2.525923ms
2026/08/22 10:22:27 INFO serve: request method=GET path=/mod/swarm status=200 duration=25.089961ms
2026/08/22 10:22:27 INFO serve: request method=GET path=/mod/live/history status=200 duration=5.311077ms
2026/08/22 10:22:27 INFO serve: request method=GET path=/history status=200 duration=2.776731ms
2026/08/22 10:22:27 INFO serve: request method=GET path=/mod/swarm status=200 duration=22.565269ms
2026/08/22 10:22:28 INFO serve: request method=GET path=/mod/live/history status=200 duration=3.947884ms
2026/08/22 10:22:28 INFO serve: request method=GET path=/history status=200 duration=2.525577ms
2026/08/22 10:22:28 INFO serve: request method=GET path=/mod/swarm status=200 duration=17.827847ms
2026/08/22 10:22:29 INFO serve: request method=GET path=/mod/live/history status=200 duration=6.509039ms
2026/08/22 10:22:29 INFO serve: request method=GET path=/history status=200 duration=2.425654ms
2026/08/22 10:22:29 INFO serve: request method=GET path=/mod/swarm status=200 duration=21.459115ms
2026/08/22 10:22:30 INFO serve: request method=GET path=/mod/live/history status=200 duration=6.050961ms
2026/08/22 10:22:30 INFO serve: request method=GET path=/history status=200 duration=2.423616ms
2026/08/22 10:22:30 INFO serve: request method=GET path=/mod/swarm status=200 duration=20.675654ms
2026/08/22 10:22:31 INFO serve: request method=GET path=/mod/live/history status=200 duration=12.062077ms
2026/08/22 10:22:31 INFO serve: request method=GET path=/history status=200 duration=1.588462ms
2026/08/22 10:22:31 INFO serve: request method=GET path=/mod/swarm status=200 duration=27.687384ms
2026/08/22 10:22:32 INFO serve: request method=GET path=/mod/live/history status=200 duration=5.578423ms
2026/08/22 10:22:32 INFO serve: request method=GET path=/history status=200 duration=2.341346ms
2026/08/22 10:22:32 INFO serve: request method=GET path=/mod/swarm status=200 duration=20.503308ms
2026/08/22 10:22:33 INFO serve: request method=GET path=/mod/live/history status=200 duration=6.706538ms
2026/08/22 10:22:33 INFO serve: request method=GET path=/history status=200 duration=3.282076ms
2026/08/22 10:22:33 INFO serve: request method=GET path=/mod/swarm status=200 duration=24.394808ms
2026/08/22 10:22:34 INFO serve: request method=GET path=/mod/live/history status=200 duration=4.453962ms
2026/08/22 10:22:34 INFO serve: request method=GET path=/history status=200 duration=2.359346ms
2026/08/22 10:22:34 INFO serve: request method=GET path=/mod/swarm status=200 duration=17.558615ms
2026/08/22 10:22:35 INFO serve: request method=GET path=/mod/live/history status=200 duration=4.941884ms
2026/08/22 10:22:35 INFO serve: request method=GET path=/history status=200 duration=4.490615ms
2026/08/22 10:22:35 INFO serve: request method=GET path=/mod/swarm status=200 duration=22.768961ms
2026/08/22 10:22:36 INFO serve: request method=GET path=/mod/live/history status=200 duration=8.069539ms
2026/08/22 10:22:36 INFO serve: request method=GET path=/history status=200 duration=2.592616ms
2026/08/22 10:22:36 INFO serve: request method=GET path=/mod/swarm status=200 duration=33.329039ms
2026/08/22 10:22:36 INFO serve: request method=GET path=/mod/live/history status=200 duration=5.891846ms
2026/08/22 10:22:36 INFO serve: request method=GET path=/history status=200 duration=2.45877ms
2026/08/22 10:22:36 INFO serve: request method=GET path=/mod/swarm status=200 duration=18.491269ms
2026/08/22 10:22:37 INFO serve: request method=GET path=/mod/live/history status=200 duration=4.583385ms
2026/08/22 10:22:37 INFO serve: request method=GET path=/history status=200 duration=2.46727ms
2026/08/22 10:22:37 INFO serve: request method=GET path=/mod/swarm status=200 duration=21.223616ms
2026/08/22 10:22:38 INFO serve: request method=GET path=/mod/live/history status=200 duration=3.818461ms
2026/08/22 10:22:38 INFO serve: request method=GET path=/history status=200 duration=2.104384ms
2026/08/22 10:22:38 INFO serve: request method=GET path=/mod/swarm status=200 duration=18.847654ms
2026/08/22 10:22:39 INFO serve: request method=GET path=/mod/live/history status=200 duration=6.58ms
2026/08/22 10:22:39 INFO serve: request method=GET path=/history status=200 duration=2.367154ms
2026/08/22 10:22:39 INFO serve: request method=GET path=/mod/swarm status=200 duration=21.709077ms
2026/08/22 10:22:40 INFO serve: request method=GET path=/mod/live/history status=200 duration=14.380654ms
2026/08/22 10:22:40 INFO serve: request method=GET path=/history status=200 duration=2.808731ms
2026/08/22 10:22:40 INFO serve: request method=GET path=/mod/swarm status=200 duration=32.612808ms
2026/08/22 10:22:41 INFO serve: request method=GET path=/mod/live/history status=200 duration=4.959731ms
2026/08/22 10:22:41 INFO serve: request method=GET path=/history status=200 duration=2.381769ms
2026/08/22 10:22:41 INFO serve: request method=GET path=/mod/swarm status=200 duration=17.164077ms
2026/08/22 10:22:42 INFO serve: request method=GET path=/mod/live/history status=200 duration=6.881884ms
2026/08/22 10:22:42 INFO serve: request method=GET path=/history status=200 duration=2.322654ms
2026/08/22 10:22:42 INFO serve: request method=GET path=/mod/swarm status=200 duration=21.301577ms
2026/08/22 10:22:43 INFO serve: request method=GET path=/mod/live/history status=200 duration=7.726616ms
2026/08/22 10:22:43 INFO serve: request method=GET path=/history status=200 duration=2.73673ms
2026/08/22 10:22:43 INFO serve: request method=GET path=/mod/swarm status=200 duration=22.647462ms
2026/08/22 10:22:44 INFO serve: request method=GET path=/mod/live/history status=200 duration=7.262769ms
2026/08/22 10:22:44 INFO serve: request method=GET path=/history status=200 duration=3.110154ms
2026/08/22 10:22:44 INFO serve: request method=GET path=/mod/swarm status=200 duration=32.713731ms
2026/08/22 10:22:45 INFO serve: request method=GET path=/mod/live/history status=200 duration=3.718577ms
2026/08/22 10:22:45 INFO serve: request method=GET path=/history status=200 duration=2.074847ms
2026/08/22 10:22:45 INFO serve: request method=GET path=/mod/swarm status=200 duration=25.298884ms
2026/08/22 10:22:45 INFO serve: request method=GET path=/mod/live/history status=200 duration=4.113269ms
2026/08/22 10:22:45 INFO serve: request method=GET path=/history status=200 duration=2.032731ms
2026/08/22 10:22:45 INFO serve: request method=GET path=/mod/swarm status=200 duration=16.435962ms
2026/08/22 10:22:46 INFO serve: request method=GET path=/mod/live/history status=200 duration=4.131307ms
2026/08/22 10:22:46 INFO serve: request method=GET path=/history status=200 duration=2.301116ms
2026/08/22 10:22:46 INFO serve: request method=GET path=/mod/swarm status=200 duration=20.422731ms
2026/08/22 10:22:47 INFO serve: request method=GET path=/mod/live/history status=200 duration=3.446077ms
2026/08/22 10:22:47 INFO serve: request method=GET path=/history status=200 duration=2.304654ms
2026/08/22 10:22:47 INFO serve: request method=GET path=/mod/swarm status=200 duration=19.959538ms
2026/08/22 10:22:48 INFO serve: request method=GET path=/mod/live/history status=200 duration=6.042192ms
2026/08/22 10:22:48 INFO serve: request method=GET path=/history status=200 duration=2.4495ms
2026/08/22 10:22:48 INFO serve: request method=GET path=/mod/swarm status=200 duration=17.276077ms
2026/08/22 10:22:49 INFO serve: request method=GET path=/mod/live/history status=200 duration=4.274423ms
2026/08/22 10:22:49 INFO serve: request method=GET path=/history status=200 duration=2.525808ms
2026/08/22 10:22:49 INFO serve: request method=GET path=/mod/swarm status=200 duration=21.896577ms
2026/08/22 10:22:49 INFO serve: request method=GET path=/mod/tasks status=200 duration=67.362153ms
2026/08/22 10:22:50 INFO serve: request method=GET path=/mod/live/history status=200 duration=5.096847ms
2026/08/22 10:22:50 INFO serve: request method=GET path=/history status=200 duration=7.024077ms
2026/08/22 10:22:50 INFO serve: request method=GET path=/mod/swarm status=200 duration=29.188231ms
2026/08/22 10:22:51 INFO serve: request method=GET path=/mod/live/history status=200 duration=5.680461ms
2026/08/22 10:22:51 INFO serve: request method=GET path=/history status=200 duration=2.537769ms
2026/08/22 10:22:51 INFO serve: request method=GET path=/mod/swarm status=200 duration=16.856923ms
2026/08/22 10:22:52 INFO serve: request method=GET path=/mod/live/history status=200 duration=5.373692ms
2026/08/22 10:22:52 INFO serve: request method=GET path=/history status=200 duration=2.712461ms
2026/08/22 10:22:52 INFO serve: request method=GET path=/mod/swarm status=200 duration=24.859538ms
2026/08/22 10:22:53 INFO serve: request method=GET path=/mod/live/history status=200 duration=5.462769ms
2026/08/22 10:22:53 INFO serve: request method=GET path=/history status=200 duration=2.531846ms
2026/08/22 10:22:53 INFO serve: request method=GET path=/mod/swarm status=200 duration=19.409231ms
2026/08/22 10:22:54 INFO serve: request method=GET path=/mod/live/history status=200 duration=6.066885ms
2026/08/22 10:22:54 INFO serve: request method=GET path=/history status=200 duration=4.003616ms
2026/08/22 10:22:54 INFO serve: request method=GET path=/mod/swarm status=200 duration=22.227731ms
2026/08/22 10:22:54 INFO serve: request method=GET path=/mod/live/history status=200 duration=6.230308ms
2026/08/22 10:22:54 INFO serve: request method=GET path=/history status=200 duration=3.018385ms
2026/08/22 10:22:54 INFO serve: request method=GET path=/mod/swarm status=200 duration=23.858808ms
2026/08/22 10:22:55 INFO serve: request method=GET path=/mod/live/history status=200 duration=6.492039ms
2026/08/22 10:22:55 INFO serve: request method=GET path=/history status=200 duration=3.2865ms
2026/08/22 10:22:55 INFO serve: request method=GET path=/mod/swarm status=200 duration=23.644846ms
2026/08/22 10:22:56 INFO serve: request method=GET path=/mod/live/history status=200 duration=5.040193ms
2026/08/22 10:22:56 INFO serve: request method=GET path=/history status=200 duration=3.1935ms
2026/08/22 10:22:56 INFO serve: request method=GET path=/mod/swarm status=200 duration=20.055693ms
2026/08/22 10:22:57 INFO serve: request method=GET path=/mod/live/history status=200 duration=4.964615ms
2026/08/22 10:22:57 INFO serve: request method=GET path=/history status=200 duration=3.310731ms
2026/08/22 10:22:57 INFO serve: request method=GET path=/mod/swarm status=200 duration=23.151961ms
2026/08/22 10:22:58 INFO serve: request method=GET path=/mod/live/history status=200 duration=6.23ms
2026/08/22 10:22:58 INFO serve: request method=GET path=/history status=200 duration=2.599307ms
2026/08/22 10:22:58 INFO serve: request method=GET path=/mod/swarm status=200 duration=20.096384ms
2026/08/22 10:22:59 INFO serve: request method=GET path=/mod/live/history status=200 duration=6.382038ms
2026/08/22 10:22:59 INFO serve: request method=GET path=/history status=200 duration=2.982231ms
2026/08/22 10:22:59 INFO serve: request method=GET path=/mod/swarm status=200 duration=24.470692ms
2026/08/22 10:23:00 INFO serve: request method=GET path=/mod/live/history status=200 duration=6.690539ms
2026/08/22 10:23:00 INFO serve: request method=GET path=/history status=200 duration=4.628769ms
2026/08/22 10:23:00 INFO serve: request method=GET path=/mod/swarm status=200 duration=27.811731ms
2026/08/22 10:23:01 INFO serve: request method=GET path=/mod/live/history status=200 duration=5.923154ms
2026/08/22 10:23:01 INFO serve: request method=GET path=/history status=200 duration=3.674346ms
2026/08/22 10:23:01 INFO serve: request method=GET path=/mod/swarm status=200 duration=23.937269ms
2026/08/22 10:23:02 INFO serve: request method=GET path=/mod/live/history status=200 duration=5.229577ms
2026/08/22 10:23:02 INFO serve: request method=GET path=/history status=200 duration=2.853308ms
2026/08/22 10:23:02 INFO serve: request method=GET path=/mod/swarm status=200 duration=16.376654ms
2026/08/22 10:23:03 INFO serve: request method=GET path=/mod/live/history status=200 duration=5.200577ms
2026/08/22 10:23:03 INFO serve: request method=GET path=/history status=200 duration=2.685961ms
2026/08/22 10:23:03 INFO serve: request method=GET path=/mod/swarm status=200 duration=20.787731ms
2026/08/22 10:23:03 INFO serve: request method=GET path=/mod/live/history status=200 duration=6.121961ms
2026/08/22 10:23:03 INFO serve: request method=GET path=/history status=200 duration=3.6385ms
2026/08/22 10:23:03 INFO serve: request method=GET path=/mod/swarm status=200 duration=20.287346ms
2026/08/22 10:23:04 INFO serve: request method=GET path=/mod/live/history status=200 duration=6.668692ms
2026/08/22 10:23:04 INFO serve: request method=GET path=/history status=200 duration=3.321192ms
2026/08/22 10:23:04 INFO serve: request method=GET path=/mod/swarm status=200 duration=19.626192ms
2026/08/22 10:23:05 INFO serve: request method=GET path=/mod/live/history status=200 duration=5.166346ms
2026/08/22 10:23:05 INFO serve: request method=GET path=/history status=200 duration=2.607846ms
2026/08/22 10:23:05 INFO serve: request method=GET path=/mod/swarm status=200 duration=18.966884ms
2026/08/22 10:23:06 INFO serve: request method=GET path=/mod/live/history status=200 duration=5.930269ms
2026/08/22 10:23:06 INFO serve: request method=GET path=/history status=200 duration=2.673577ms
2026/08/22 10:23:06 INFO serve: request method=GET path=/mod/swarm status=200 duration=18.301192ms
2026/08/22 10:23:07 INFO serve: request method=GET path=/mod/live/history status=200 duration=5.266038ms
2026/08/22 10:23:07 INFO serve: request method=GET path=/history status=200 duration=2.916654ms
2026/08/22 10:23:07 INFO serve: request method=GET path=/mod/swarm status=200 duration=25.626808ms
2026/08/22 10:23:08 INFO serve: request method=GET path=/mod/live/history status=200 duration=6.123346ms
2026/08/22 10:23:08 INFO serve: request method=GET path=/history status=200 duration=2.991346ms
2026/08/22 10:23:08 INFO serve: request method=GET path=/mod/swarm status=200 duration=17.215654ms
2026/08/22 10:23:09 INFO serve: request method=GET path=/mod/live/history status=200 duration=6.721154ms
2026/08/22 10:23:09 INFO serve: request method=GET path=/history status=200 duration=2.461039ms
2026/08/22 10:23:09 INFO serve: request method=GET path=/mod/swarm status=200 duration=20.060154ms
2026/08/22 10:23:10 INFO serve: request method=GET path=/mod/live/history status=200 duration=5.0935ms
2026/08/22 10:23:10 INFO serve: request method=GET path=/history status=200 duration=2.626885ms
2026/08/22 10:23:10 INFO serve: request method=GET path=/mod/swarm status=200 duration=23.138807ms
2026/08/22 10:23:11 INFO serve: request method=GET path=/mod/live/history status=200 duration=5.464116ms
2026/08/22 10:23:11 INFO serve: request method=GET path=/history status=200 duration=7.969884ms
2026/08/22 10:23:11 INFO serve: request method=GET path=/mod/swarm status=200 duration=25.610885ms
2026/08/22 10:23:12 INFO serve: request method=GET path=/mod/live/history status=200 duration=5.478116ms
2026/08/22 10:23:12 INFO serve: request method=GET path=/history status=200 duration=3.392538ms
2026/08/22 10:23:12 INFO serve: request method=GET path=/mod/swarm status=200 duration=20.845847ms
2026/08/22 10:23:12 INFO serve: request method=GET path=/mod/live/history status=200 duration=5.921577ms
2026/08/22 10:23:12 INFO serve: request method=GET path=/history status=200 duration=2.927154ms
2026/08/22 10:23:12 INFO serve: request method=GET path=/mod/swarm status=200 duration=22.815115ms
2026/08/22 10:23:13 INFO serve: request method=GET path=/mod/live/history status=200 duration=5.0035ms
2026/08/22 10:23:13 INFO serve: request method=GET path=/history status=200 duration=2.731731ms
2026/08/22 10:23:13 INFO serve: request method=GET path=/mod/swarm status=200 duration=22.407923ms
2026/08/22 10:23:14 INFO serve: request method=GET path=/mod/live/history status=200 duration=5.189231ms
2026/08/22 10:23:14 INFO serve: request method=GET path=/history status=200 duration=2.885269ms
2026/08/22 10:23:14 INFO serve: request method=GET path=/mod/swarm status=200 duration=17.5925ms
2026/08/22 10:23:15 INFO serve: request method=GET path=/mod/live/history status=200 duration=5.895308ms
2026/08/22 10:23:15 INFO serve: request method=GET path=/history status=200 duration=2.413654ms
2026/08/22 10:23:15 INFO serve: request method=GET path=/mod/swarm status=200 duration=16.906ms
2026/08/22 10:23:16 INFO serve: request method=GET path=/mod/live/history status=200 duration=5.648653ms
2026/08/22 10:23:16 INFO serve: request method=GET path=/history status=200 duration=2.765769ms
2026/08/22 10:23:16 INFO serve: request method=GET path=/mod/swarm status=200 duration=19.440077ms
2026/08/22 10:23:17 INFO serve: request method=GET path=/mod/live/history status=200 duration=6.186577ms
2026/08/22 10:23:17 INFO serve: request method=GET path=/history status=200 duration=3.126576ms
2026/08/22 10:23:17 INFO serve: request method=GET path=/mod/swarm status=200 duration=21.965615ms
2026/08/22 10:23:18 INFO serve: request method=GET path=/mod/live/history status=200 duration=7.15ms
2026/08/22 10:23:18 INFO serve: request method=GET path=/history status=200 duration=3.762807ms
2026/08/22 10:23:18 INFO serve: request method=GET path=/mod/swarm status=200 duration=23.393ms
2026/08/22 10:23:19 INFO serve: request method=GET path=/mod/live/history status=200 duration=5.839538ms
2026/08/22 10:23:19 INFO serve: request method=GET path=/history status=200 duration=3.260231ms
2026/08/22 10:23:19 INFO serve: request method=GET path=/mod/swarm status=200 duration=22.762077ms
2026/08/22 10:23:20 INFO serve: request method=GET path=/mod/live/history status=200 duration=5.327731ms
2026/08/22 10:23:20 INFO serve: request method=GET path=/history status=200 duration=3.240769ms
2026/08/22 10:23:20 INFO serve: request method=GET path=/mod/swarm status=200 duration=22.2175ms
2026/08/22 10:23:21 INFO serve: request method=GET path=/mod/live/history status=200 duration=5.601423ms
2026/08/22 10:23:21 INFO serve: request method=GET path=/history status=200 duration=3.669461ms
2026/08/22 10:23:21 INFO serve: request method=GET path=/mod/swarm status=200 duration=20.441769ms
2026/08/22 10:23:21 INFO serve: request method=GET path=/mod/live/history status=200 duration=4.10923ms
2026/08/22 10:23:21 INFO serve: request method=GET path=/history status=200 duration=3.568731ms
2026/08/22 10:23:21 INFO serve: request method=GET path=/mod/swarm status=200 duration=21.325385ms
2026/08/22 10:23:22 INFO serve: request method=GET path=/mod/live/history status=200 duration=5.052885ms
2026/08/22 10:23:22 INFO serve: request method=GET path=/history status=200 duration=3.074154ms
2026/08/22 10:23:22 INFO serve: request method=GET path=/mod/swarm status=200 duration=19.373423ms
2026/08/22 10:23:23 INFO serve: request method=GET path=/mod/live/history status=200 duration=6.173346ms
2026/08/22 10:23:23 INFO serve: request method=GET path=/history status=200 duration=2.749346ms
2026/08/22 10:23:23 INFO serve: request method=GET path=/mod/swarm status=200 duration=23.288192ms
2026/08/22 10:23:24 INFO serve: request method=GET path=/mod/live/history status=200 duration=5.271577ms
2026/08/22 10:23:24 INFO serve: request method=GET path=/history status=200 duration=3.394ms
2026/08/22 10:23:24 INFO serve: request method=GET path=/mod/swarm status=200 duration=18.330731ms
2026/08/22 10:23:25 INFO serve: request method=GET path=/mod/live/history status=200 duration=6.953923ms
2026/08/22 10:23:25 INFO serve: request method=GET path=/history status=200 duration=2.876424ms
2026/08/22 10:23:25 INFO serve: request method=GET path=/mod/swarm status=200 duration=24.565731ms
2026/08/22 10:23:26 INFO serve: request method=GET path=/mod/live/history status=200 duration=5.3245ms
2026/08/22 10:23:26 INFO serve: request method=GET path=/history status=200 duration=2.758346ms
2026/08/22 10:23:26 INFO serve: request method=GET path=/mod/swarm status=200 duration=17.682462ms
2026/08/22 10:23:27 INFO serve: request method=GET path=/mod/live/history status=200 duration=6.147231ms
2026/08/22 10:23:27 INFO serve: request method=GET path=/mod/swarm status=200 duration=17.822654ms
2026/08/22 10:23:27 INFO serve: request method=GET path=/history status=200 duration=2.212153ms
2026/08/22 10:23:28 INFO serve: request method=GET path=/mod/live/history status=200 duration=5.901884ms
2026/08/22 10:23:28 INFO serve: request method=GET path=/history status=200 duration=2.775153ms
2026/08/22 10:23:28 INFO serve: request method=GET path=/mod/swarm status=200 duration=22.401962ms
2026/08/22 10:23:29 INFO serve: request method=GET path=/mod/live/history status=200 duration=6.965615ms
2026/08/22 10:23:29 INFO serve: request method=GET path=/history status=200 duration=3.140269ms
2026/08/22 10:23:29 INFO serve: request method=GET path=/mod/swarm status=200 duration=24.392231ms
2026/08/22 10:23:30 INFO serve: request method=GET path=/mod/live/history status=200 duration=5.992731ms
2026/08/22 10:23:30 INFO serve: request method=GET path=/history status=200 duration=3.296692ms
2026/08/22 10:23:30 INFO serve: request method=GET path=/mod/swarm status=200 duration=20.427884ms
2026/08/22 10:23:30 INFO serve: request method=GET path=/mod/live/history status=200 duration=3.07323ms
2026/08/22 10:23:30 INFO serve: request method=GET path=/history status=200 duration=2.375423ms
2026/08/22 10:23:30 INFO serve: request method=GET path=/mod/swarm status=200 duration=23.670385ms
2026/08/22 10:23:31 INFO serve: request method=GET path=/mod/live/history status=200 duration=6.743461ms
2026/08/22 10:23:31 INFO serve: request method=GET path=/history status=200 duration=4.182538ms
2026/08/22 10:23:31 INFO serve: request method=GET path=/mod/swarm status=200 duration=21.756038ms
2026/08/22 10:23:32 INFO serve: request method=GET path=/mod/live/history status=200 duration=5.288808ms
2026/08/22 10:23:32 INFO serve: request method=GET path=/history status=200 duration=3.353961ms
2026/08/22 10:23:32 INFO serve: request method=GET path=/mod/swarm status=200 duration=21.012462ms
2026/08/22 10:23:33 INFO serve: request method=GET path=/mod/live/history status=200 duration=4.889038ms
2026/08/22 10:23:33 INFO serve: request method=GET path=/history status=200 duration=10.444654ms
2026/08/22 10:23:33 INFO serve: request method=GET path=/mod/swarm status=200 duration=21.737769ms
2026/08/22 10:23:34 INFO serve: request method=GET path=/mod/live/history status=200 duration=5.872654ms
2026/08/22 10:23:34 INFO serve: request method=GET path=/history status=200 duration=2.535884ms
2026/08/22 10:23:34 INFO serve: request method=GET path=/mod/swarm status=200 duration=22.626423ms
2026/08/22 10:23:35 INFO serve: request method=GET path=/mod/live/history status=200 duration=5.507ms
2026/08/22 10:23:35 INFO serve: request method=GET path=/history status=200 duration=2.860346ms
2026/08/22 10:23:35 INFO serve: request method=GET path=/mod/swarm status=200 duration=19.484577ms
2026/08/22 10:23:36 INFO serve: request method=GET path=/mod/live/history status=200 duration=5.372346ms
2026/08/22 10:23:36 INFO serve: request method=GET path=/history status=200 duration=3.318731ms
2026/08/22 10:23:36 INFO serve: request method=GET path=/mod/swarm status=200 duration=18.018731ms
2026/08/22 10:23:37 INFO serve: request method=GET path=/mod/live/history status=200 duration=5.77327ms
2026/08/22 10:23:37 INFO serve: request method=GET path=/history status=200 duration=3.009269ms
2026/08/22 10:23:37 INFO serve: request method=GET path=/mod/swarm status=200 duration=22.659115ms
2026/08/22 10:23:38 INFO serve: request method=GET path=/mod/live/history status=200 duration=6.508423ms
2026/08/22 10:23:38 INFO serve: request method=GET path=/history status=200 duration=3.160384ms
2026/08/22 10:23:38 INFO serve: request method=GET path=/mod/swarm status=200 duration=22.070308ms
2026/08/22 10:23:39 INFO serve: request method=GET path=/mod/live/history status=200 duration=5.648231ms
2026/08/22 10:23:39 INFO serve: request method=GET path=/history status=200 duration=2.493731ms
2026/08/22 10:23:39 INFO serve: request method=GET path=/mod/swarm status=200 duration=21.065808ms
2026/08/22 10:23:39 INFO serve: request method=GET path=/mod/live/history status=200 duration=5.585154ms
2026/08/22 10:23:39 INFO serve: request method=GET path=/history status=200 duration=2.910807ms
2026/08/22 10:23:39 INFO serve: request method=GET path=/mod/swarm status=200 duration=24.421884ms
2026/08/22 10:23:40 INFO serve: request method=GET path=/mod/live/history status=200 duration=5.195192ms
2026/08/22 10:23:40 INFO serve: request method=GET path=/history status=200 duration=2.755731ms
2026/08/22 10:23:40 INFO serve: request method=GET path=/mod/swarm status=200 duration=21.353923ms
2026/08/22 10:23:41 INFO serve: request method=GET path=/mod/live/history status=200 duration=5.285115ms
2026/08/22 10:23:41 INFO serve: request method=GET path=/history status=200 duration=6.437692ms
2026/08/22 10:23:41 INFO serve: request method=GET path=/mod/swarm status=200 duration=20.878884ms
2026/08/22 10:23:42 INFO serve: request method=GET path=/mod/live/history status=200 duration=5.275769ms
2026/08/22 10:23:42 INFO serve: request method=GET path=/history status=200 duration=3.109692ms
2026/08/22 10:23:42 INFO serve: request method=GET path=/mod/swarm status=200 duration=17.514231ms
2026/08/22 10:23:43 INFO serve: request method=GET path=/mod/live/history status=200 duration=4.669961ms
2026/08/22 10:23:43 INFO serve: request method=GET path=/history status=200 duration=2.473115ms
2026/08/22 10:23:43 INFO serve: request method=GET path=/mod/swarm status=200 duration=15.908115ms
2026/08/22 10:23:44 INFO serve: request method=GET path=/mod/live/history status=200 duration=5.9965ms
2026/08/22 10:23:44 INFO serve: request method=GET path=/history status=200 duration=3.002885ms
2026/08/22 10:23:44 INFO serve: request method=GET path=/mod/swarm status=200 duration=20.088346ms
2026/08/22 10:23:45 INFO serve: request method=GET path=/mod/live/history status=200 duration=4.192384ms
2026/08/22 10:23:45 INFO serve: request method=GET path=/history status=200 duration=2.644269ms
2026/08/22 10:23:45 INFO serve: request method=GET path=/mod/swarm status=200 duration=12.943731ms
2026/08/22 10:23:46 INFO serve: request method=GET path=/mod/live/history status=200 duration=5.470693ms
2026/08/22 10:23:46 INFO serve: request method=GET path=/history status=200 duration=3.156769ms
2026/08/22 10:23:46 INFO serve: request method=GET path=/mod/swarm status=200 duration=27.112269ms
2026/08/22 10:23:47 INFO serve: request method=GET path=/mod/live/history status=200 duration=4.109076ms
2026/08/22 10:23:47 INFO serve: request method=GET path=/history status=200 duration=2.732539ms
2026/08/22 10:23:47 INFO serve: request method=GET path=/mod/swarm status=200 duration=17.133692ms
2026/08/22 10:23:48 INFO serve: request method=GET path=/mod/live/history status=200 duration=5.734038ms
2026/08/22 10:23:48 INFO serve: request method=GET path=/history status=200 duration=3.729154ms
2026/08/22 10:23:48 INFO serve: request method=GET path=/mod/swarm status=200 duration=19.054423ms
2026/08/22 10:23:48 INFO serve: request method=GET path=/mod/live/history status=200 duration=5.384385ms
2026/08/22 10:23:48 INFO serve: request method=GET path=/history status=200 duration=2.777269ms
2026/08/22 10:23:48 INFO serve: request method=GET path=/mod/swarm status=200 duration=21.050077ms
2026/08/22 10:23:49 INFO serve: request method=GET path=/mod/live/history status=200 duration=7.336616ms
2026/08/22 10:23:49 INFO serve: request method=GET path=/history status=200 duration=7.612385ms
2026/08/22 10:23:49 INFO serve: request method=GET path=/mod/swarm status=200 duration=34.212885ms
2026/08/22 10:23:50 INFO serve: request method=GET path=/mod/live/history status=200 duration=6.080962ms
2026/08/22 10:23:50 INFO serve: request method=GET path=/history status=200 duration=3.110577ms
2026/08/22 10:23:50 INFO serve: request method=GET path=/mod/swarm status=200 duration=20.7235ms
2026/08/22 10:23:51 INFO serve: request method=GET path=/mod/live/history status=200 duration=5.977885ms
2026/08/22 10:23:51 INFO serve: request method=GET path=/history status=200 duration=3.568346ms
2026/08/22 10:23:51 INFO serve: request method=GET path=/mod/swarm status=200 duration=20.317847ms
2026/08/22 10:23:52 INFO serve: request method=GET path=/mod/live/history status=200 duration=5.926115ms
2026/08/22 10:23:52 INFO serve: request method=GET path=/history status=200 duration=3.460538ms
2026/08/22 10:23:52 INFO serve: request method=GET path=/mod/swarm status=200 duration=23.398385ms
2026/08/22 10:23:53 INFO serve: request method=GET path=/mod/live/history status=200 duration=5.664423ms
2026/08/22 10:23:53 INFO serve: request method=GET path=/history status=200 duration=2.616193ms
2026/08/22 10:23:53 INFO serve: request method=GET path=/mod/swarm status=200 duration=22.78123ms
2026/08/22 10:23:54 INFO serve: request method=GET path=/mod/live/history status=200 duration=4.00823ms
2026/08/22 10:23:54 INFO serve: request method=GET path=/history status=200 duration=2.572077ms
2026/08/22 10:23:54 INFO serve: request method=GET path=/mod/swarm status=200 duration=14.713693ms
2026/08/22 10:23:55 INFO serve: request method=GET path=/mod/live/history status=200 duration=4.119846ms
2026/08/22 10:23:55 INFO serve: request method=GET path=/history status=200 duration=2.164962ms
2026/08/22 10:23:55 INFO serve: request method=GET path=/mod/swarm status=200 duration=15.588ms
2026/08/22 10:23:56 INFO serve: request method=GET path=/mod/live/history status=200 duration=5.352961ms
2026/08/22 10:23:56 INFO serve: request method=GET path=/history status=200 duration=2.541385ms
2026/08/22 10:23:56 INFO serve: request method=GET path=/mod/swarm status=200 duration=16.987154ms
2026/08/22 10:23:57 INFO serve: request method=GET path=/mod/live/history status=200 duration=6.102577ms
2026/08/22 10:23:57 INFO serve: request method=GET path=/history status=200 duration=2.976653ms
2026/08/22 10:23:57 INFO serve: request method=GET path=/mod/swarm status=200 duration=16.463154ms
2026/08/22 10:23:57 INFO serve: request method=GET path=/mod/live/history status=200 duration=6.116385ms
2026/08/22 10:23:57 INFO serve: request method=GET path=/history status=200 duration=4.400423ms
2026/08/22 10:23:57 INFO serve: request method=GET path=/mod/swarm status=200 duration=27.979615ms
2026/08/22 10:23:58 INFO serve: request method=GET path=/mod/live/history status=200 duration=4.229807ms
2026/08/22 10:23:58 INFO serve: request method=GET path=/history status=200 duration=2.719731ms
2026/08/22 10:23:58 INFO serve: request method=GET path=/mod/swarm status=200 duration=19.374885ms
2026/08/22 10:23:59 INFO serve: request method=GET path=/mod/live/history status=200 duration=4.043769ms
2026/08/22 10:23:59 INFO serve: request method=GET path=/history status=200 duration=2.63123ms
2026/08/22 10:23:59 INFO serve: request method=GET path=/mod/swarm status=200 duration=20.790038ms
2026/08/22 10:24:00 INFO serve: request method=GET path=/mod/live/history status=200 duration=4.093846ms
2026/08/22 10:24:00 INFO serve: request method=GET path=/history status=200 duration=2.030038ms
2026/08/22 10:24:00 INFO serve: request method=GET path=/mod/swarm status=200 duration=13.520231ms
2026/08/22 10:24:01 INFO serve: request method=GET path=/mod/live/history status=200 duration=4.749807ms
2026/08/22 10:24:01 INFO serve: request method=GET path=/history status=200 duration=5.179538ms
2026/08/22 10:24:01 INFO serve: request method=GET path=/mod/swarm status=200 duration=21.481384ms
2026/08/22 10:24:02 INFO serve: request method=GET path=/mod/live/history status=200 duration=4.006307ms
2026/08/22 10:24:02 INFO serve: request method=GET path=/history status=200 duration=2.138961ms
2026/08/22 10:24:02 INFO serve: request method=GET path=/mod/swarm status=200 duration=12.328038ms
2026/08/22 10:24:03 INFO serve: request method=GET path=/mod/live/history status=200 duration=6.001038ms
2026/08/22 10:24:03 INFO serve: request method=GET path=/history status=200 duration=3.485885ms
2026/08/22 10:24:03 INFO serve: request method=GET path=/mod/swarm status=200 duration=24.480731ms
2026/08/22 10:24:04 INFO serve: request method=GET path=/mod/live/history status=200 duration=5.948769ms
2026/08/22 10:24:04 INFO serve: request method=GET path=/history status=200 duration=3.516115ms
2026/08/22 10:24:04 INFO serve: request method=GET path=/mod/swarm status=200 duration=30.225423ms
2026/08/22 10:24:05 INFO serve: request method=GET path=/mod/live/history status=200 duration=5.703ms
2026/08/22 10:24:05 INFO serve: request method=GET path=/history status=200 duration=3.018038ms
2026/08/22 10:24:05 INFO serve: request method=GET path=/mod/swarm status=200 duration=22.373539ms
2026/08/22 10:24:06 INFO serve: request method=GET path=/mod/live/history status=200 duration=4.061077ms
2026/08/22 10:24:06 INFO serve: request method=GET path=/history status=200 duration=2.2ms
2026/08/22 10:24:06 INFO serve: request method=GET path=/mod/swarm status=200 duration=19.788923ms
2026/08/22 10:24:06 INFO serve: request method=GET path=/mod/live/history status=200 duration=3.958384ms
2026/08/22 10:24:06 INFO serve: request method=GET path=/history status=200 duration=2.243807ms
2026/08/22 10:24:06 INFO serve: request method=GET path=/mod/swarm status=200 duration=18.663769ms
2026/08/22 10:24:07 INFO serve: request method=GET path=/mod/live/history status=200 duration=4.080077ms
2026/08/22 10:24:07 INFO serve: request method=GET path=/mod/swarm status=200 duration=15.397884ms
2026/08/22 10:24:07 INFO serve: request method=GET path=/history status=200 duration=2.237885ms
2026/08/22 10:24:08 INFO serve: request method=GET path=/mod/live/history status=200 duration=4.080269ms
2026/08/22 10:24:08 INFO serve: request method=GET path=/history status=200 duration=2.876654ms
2026/08/22 10:24:08 INFO serve: request method=GET path=/mod/swarm status=200 duration=17.742154ms
2026/08/22 10:24:09 INFO serve: request method=GET path=/mod/live/history status=200 duration=4.331961ms
2026/08/22 10:24:09 INFO serve: request method=GET path=/history status=200 duration=3.0465ms
2026/08/22 10:24:09 INFO serve: request method=GET path=/mod/swarm status=200 duration=16.836846ms
2026/08/22 10:24:10 INFO serve: request method=GET path=/mod/live/history status=200 duration=3.914615ms
2026/08/22 10:24:10 INFO serve: request method=GET path=/history status=200 duration=2.288923ms
2026/08/22 10:24:10 INFO serve: request method=GET path=/mod/swarm status=200 duration=16.764ms
2026/08/22 10:24:11 INFO serve: request method=GET path=/mod/live/history status=200 duration=4.076384ms
2026/08/22 10:24:11 INFO serve: request method=GET path=/history status=200 duration=3.688115ms
2026/08/22 10:24:11 INFO serve: request method=GET path=/mod/swarm status=200 duration=22.680654ms
2026/08/22 10:24:12 INFO serve: request method=GET path=/mod/live/history status=200 duration=4.088577ms
2026/08/22 10:24:12 INFO serve: request method=GET path=/history status=200 duration=2.406423ms
2026/08/22 10:24:12 INFO serve: request method=GET path=/mod/swarm status=200 duration=15.992461ms
2026/08/22 10:24:13 INFO serve: request method=GET path=/mod/live/history status=200 duration=4.183385ms
2026/08/22 10:24:13 INFO serve: request method=GET path=/history status=200 duration=2.517385ms
2026/08/22 10:24:13 INFO serve: request method=GET path=/mod/swarm status=200 duration=12.129154ms
2026/08/22 10:24:14 INFO serve: request method=GET path=/mod/live/history status=200 duration=4.016961ms
2026/08/22 10:24:14 INFO serve: request method=GET path=/history status=200 duration=2.108ms
2026/08/22 10:24:14 INFO serve: request method=GET path=/mod/swarm status=200 duration=22.428538ms
2026/08/22 10:24:15 INFO serve: request method=GET path=/mod/live/history status=200 duration=4.212423ms
2026/08/22 10:24:15 INFO serve: request method=GET path=/history status=200 duration=2.288654ms
2026/08/22 10:24:15 INFO serve: request method=GET path=/mod/swarm status=200 duration=20.515116ms
2026/08/22 10:24:15 INFO serve: request method=GET path=/mod/live/history status=200 duration=6.831616ms
2026/08/22 10:24:15 INFO serve: request method=GET path=/history status=200 duration=3.182192ms
2026/08/22 10:24:15 INFO serve: request method=GET path=/mod/swarm status=200 duration=25.0705ms
2026/08/22 10:24:16 INFO serve: request method=GET path=/mod/live/history status=200 duration=5.226308ms
2026/08/22 10:24:16 INFO serve: request method=GET path=/history status=200 duration=2.312461ms
2026/08/22 10:24:16 INFO serve: request method=GET path=/mod/swarm status=200 duration=18.423423ms
2026/08/22 10:24:17 INFO serve: request method=GET path=/mod/live/history status=200 duration=5.560269ms
2026/08/22 10:24:17 INFO serve: request method=GET path=/history status=200 duration=2.893038ms
2026/08/22 10:24:17 INFO serve: request method=GET path=/mod/swarm status=200 duration=20.340039ms
2026/08/22 10:24:18 INFO serve: request method=GET path=/mod/live/history status=200 duration=6.54973ms
2026/08/22 10:24:18 INFO serve: request method=GET path=/history status=200 duration=2.664ms
2026/08/22 10:24:18 INFO serve: request method=GET path=/mod/swarm status=200 duration=20.962846ms
2026/08/22 10:24:19 INFO serve: request method=GET path=/mod/live/history status=200 duration=7.943615ms
2026/08/22 10:24:19 INFO serve: request method=GET path=/history status=200 duration=3.092654ms
2026/08/22 10:24:19 INFO serve: request method=GET path=/mod/swarm status=200 duration=27.53773ms
2026/08/22 10:24:20 INFO serve: request method=GET path=/mod/live/history status=200 duration=5.085692ms
2026/08/22 10:24:20 INFO serve: request method=GET path=/history status=200 duration=3.705346ms
2026/08/22 10:24:20 INFO serve: request method=GET path=/mod/swarm status=200 duration=29.624461ms
2026/08/22 10:24:21 INFO serve: request method=GET path=/mod/live/history status=200 duration=5.004654ms
2026/08/22 10:24:21 INFO serve: request method=GET path=/history status=200 duration=2.753615ms
2026/08/22 10:24:21 INFO serve: request method=GET path=/mod/swarm status=200 duration=20.195807ms
2026/08/22 10:24:22 INFO serve: request method=GET path=/mod/live/history status=200 duration=5.521115ms
2026/08/22 10:24:22 INFO serve: request method=GET path=/history status=200 duration=2.989192ms
2026/08/22 10:24:22 INFO serve: request method=GET path=/mod/swarm status=200 duration=19.706615ms
2026/08/22 10:24:23 INFO serve: request method=GET path=/mod/live/history status=200 duration=5.512692ms
2026/08/22 10:24:23 INFO serve: request method=GET path=/history status=200 duration=2.853654ms
2026/08/22 10:24:23 INFO serve: request method=GET path=/mod/swarm status=200 duration=20.258923ms
2026/08/22 10:24:24 INFO serve: request method=GET path=/mod/live/history status=200 duration=5.068923ms
2026/08/22 10:24:24 INFO serve: request method=GET path=/history status=200 duration=2.809462ms
2026/08/22 10:24:24 INFO serve: request method=GET path=/mod/swarm status=200 duration=18.790193ms
2026/08/22 10:24:24 INFO serve: request method=GET path=/mod/live/history status=200 duration=5.636538ms
2026/08/22 10:24:24 INFO serve: request method=GET path=/history status=200 duration=3.491462ms
2026/08/22 10:24:24 INFO serve: request method=GET path=/mod/swarm status=200 duration=20.600654ms
2026/08/22 10:24:25 INFO serve: request method=GET path=/mod/live/history status=200 duration=6.603154ms
2026/08/22 10:24:25 INFO serve: request method=GET path=/history status=200 duration=3.722731ms
2026/08/22 10:24:25 INFO serve: request method=GET path=/mod/swarm status=200 duration=20.7485ms
2026/08/22 10:24:26 INFO serve: request method=GET path=/mod/live/history status=200 duration=5.670923ms
2026/08/22 10:24:26 INFO serve: request method=GET path=/history status=200 duration=3.07923ms
2026/08/22 10:24:26 INFO serve: request method=GET path=/mod/swarm status=200 duration=20.5905ms
2026/08/22 10:24:27 INFO serve: request method=GET path=/mod/live/history status=200 duration=5.373423ms
2026/08/22 10:24:27 INFO serve: request method=GET path=/history status=200 duration=2.288923ms
2026/08/22 10:24:27 INFO serve: request method=GET path=/mod/swarm status=200 duration=19.350115ms
2026/08/22 10:24:28 INFO serve: request method=GET path=/mod/live/history status=200 duration=6.045039ms
2026/08/22 10:24:28 INFO serve: request method=GET path=/history status=200 duration=2.212731ms
2026/08/22 10:24:28 INFO serve: request method=GET path=/mod/swarm status=200 duration=24.212654ms
2026/08/22 10:24:29 INFO serve: request method=GET path=/mod/live/history status=200 duration=4.651731ms
2026/08/22 10:24:29 INFO serve: request method=GET path=/history status=200 duration=2.837269ms
2026/08/22 10:24:29 INFO serve: request method=GET path=/mod/swarm status=200 duration=20.470039ms
2026/08/22 10:24:30 INFO serve: request method=GET path=/mod/live/history status=200 duration=6.181923ms
2026/08/22 10:24:30 INFO serve: request method=GET path=/history status=200 duration=2.550346ms
2026/08/22 10:24:30 INFO serve: request method=GET path=/mod/swarm status=200 duration=21.740308ms
2026/08/22 10:24:31 INFO serve: request method=GET path=/mod/live/history status=200 duration=6.416154ms
2026/08/22 10:24:31 INFO serve: request method=GET path=/history status=200 duration=3.050077ms
2026/08/22 10:24:31 INFO serve: request method=GET path=/mod/swarm status=200 duration=21.343077ms
2026/08/22 10:24:32 INFO serve: request method=GET path=/mod/live/history status=200 duration=4.077116ms
2026/08/22 10:24:32 INFO serve: request method=GET path=/history status=200 duration=2.286ms
2026/08/22 10:24:32 INFO serve: request method=GET path=/mod/swarm status=200 duration=17.379115ms
2026/08/22 10:24:33 INFO serve: request method=GET path=/mod/live/history status=200 duration=4.14177ms
2026/08/22 10:24:33 INFO serve: request method=GET path=/history status=200 duration=2.862346ms
2026/08/22 10:24:33 INFO serve: request method=GET path=/mod/swarm status=200 duration=20.256846ms
2026/08/22 10:24:33 INFO serve: request method=GET path=/mod/live/history status=200 duration=4.090462ms
2026/08/22 10:24:33 INFO serve: request method=GET path=/history status=200 duration=2.321423ms
2026/08/22 10:24:33 INFO serve: request method=GET path=/mod/swarm status=200 duration=16.237077ms
2026/08/22 10:24:34 INFO serve: request method=GET path=/mod/live/history status=200 duration=3.977269ms
2026/08/22 10:24:34 INFO serve: request method=GET path=/history status=200 duration=2.146846ms
2026/08/22 10:24:34 INFO serve: request method=GET path=/mod/swarm status=200 duration=14.302577ms
2026/08/22 10:24:35 INFO serve: request method=GET path=/mod/live/history status=200 duration=7.459423ms
2026/08/22 10:24:35 INFO serve: request method=GET path=/history status=200 duration=2.583577ms
2026/08/22 10:24:35 INFO serve: request method=GET path=/mod/swarm status=200 duration=21.700807ms
2026/08/22 10:24:36 INFO serve: request method=GET path=/mod/live/history status=200 duration=5.826192ms
2026/08/22 10:24:36 INFO serve: request method=GET path=/history status=200 duration=2.235654ms
2026/08/22 10:24:36 INFO serve: request method=GET path=/mod/swarm status=200 duration=32.101385ms
2026/08/22 10:24:37 INFO serve: request method=GET path=/mod/live/history status=200 duration=4.476847ms
2026/08/22 10:24:37 INFO serve: request method=GET path=/history status=200 duration=3.237885ms
2026/08/22 10:24:37 INFO serve: request method=GET path=/mod/swarm status=200 duration=16.047731ms
2026/08/22 10:24:38 INFO serve: request method=GET path=/mod/live/history status=200 duration=3.866885ms
2026/08/22 10:24:38 INFO serve: request method=GET path=/history status=200 duration=2.405231ms
2026/08/22 10:24:38 INFO serve: request method=GET path=/mod/swarm status=200 duration=13.311654ms
2026/08/22 10:24:39 INFO serve: request method=GET path=/mod/live/history status=200 duration=4.027038ms
2026/08/22 10:24:39 INFO serve: request method=GET path=/history status=200 duration=2.108115ms
2026/08/22 10:24:39 INFO serve: request method=GET path=/mod/swarm status=200 duration=13.937962ms
2026/08/22 10:24:40 INFO serve: request method=GET path=/mod/live/history status=200 duration=3.891846ms
2026/08/22 10:24:40 INFO serve: request method=GET path=/history status=200 duration=2.257461ms
2026/08/22 10:24:40 INFO serve: request method=GET path=/mod/swarm status=200 duration=14.387846ms
2026/08/22 10:24:41 INFO serve: request method=GET path=/mod/live/history status=200 duration=4.745269ms
2026/08/22 10:24:41 INFO serve: request method=GET path=/history status=200 duration=2.266808ms
2026/08/22 10:24:41 INFO serve: request method=GET path=/mod/swarm status=200 duration=16.438731ms
2026/08/22 10:24:42 INFO serve: request method=GET path=/mod/live/history status=200 duration=3.969193ms
2026/08/22 10:24:42 INFO serve: request method=GET path=/mod/swarm status=200 duration=12.850923ms
2026/08/22 10:24:42 INFO serve: request method=GET path=/history status=200 duration=2.030616ms
2026/08/22 10:24:42 INFO serve: request method=GET path=/mod/live/history status=200 duration=3.898115ms
2026/08/22 10:24:42 INFO serve: request method=GET path=/history status=200 duration=2.094ms
2026/08/22 10:24:42 INFO serve: request method=GET path=/mod/swarm status=200 duration=16.369269ms
2026/08/22 10:24:43 INFO serve: request method=GET path=/mod/live/history status=200 duration=6.813231ms
2026/08/22 10:24:43 INFO serve: request method=GET path=/history status=200 duration=2.529116ms
2026/08/22 10:24:43 INFO serve: request method=GET path=/mod/swarm status=200 duration=19.572384ms
2026/08/22 10:24:44 INFO serve: request method=GET path=/mod/status status=200 duration=5.277462ms
2026/08/22 10:24:44 INFO serve: request method=GET path=/mod/app/contract status=200 duration=1.2865ms
2026/08/22 10:24:44 INFO serve: request method=GET path=/mod/live/history status=200 duration=4.148654ms
2026/08/22 10:24:44 INFO serve: request method=GET path=/mod/live/history status=200 duration=6.932962ms
2026/08/22 10:24:44 INFO serve: request method=GET path=/history status=200 duration=2.680154ms
2026/08/22 10:24:44 INFO serve: request method=GET path=/mod/swarm status=200 duration=21.521116ms
2026/08/22 10:24:45 INFO serve: request method=GET path=/mod/live/history status=200 duration=5.742616ms
2026/08/22 10:24:45 INFO serve: request method=GET path=/history status=200 duration=2.677039ms
2026/08/22 10:24:45 INFO serve: request method=GET path=/mod/swarm status=200 duration=25.294693ms
2026/08/22 10:24:46 INFO serve: request method=GET path=/mod/live/history status=200 duration=4.137154ms
2026/08/22 10:24:46 INFO serve: request method=GET path=/history status=200 duration=2.843808ms
2026/08/22 10:24:46 INFO serve: request method=GET path=/mod/swarm status=200 duration=26.337539ms
2026/08/22 10:24:46 INFO serve: request method=GET path=/mod/status status=200 duration=7.093924ms
2026/08/22 10:24:46 INFO serve: request method=GET path=/mod/app/contract status=200 duration=1.2655ms
2026/08/22 10:24:46 INFO serve: request method=GET path=/mod/live/history status=200 duration=4.187808ms
2026/08/22 10:24:47 INFO serve: request method=GET path=/mod/live/history status=200 duration=3.885038ms
2026/08/22 10:24:47 INFO serve: request method=GET path=/history status=200 duration=2.293769ms
2026/08/22 10:24:47 INFO serve: request method=GET path=/mod/swarm status=200 duration=15.613039ms
2026/08/22 10:24:48 INFO serve: request method=GET path=/mod/live/history status=200 duration=5.728615ms
2026/08/22 10:24:48 INFO serve: request method=GET path=/history status=200 duration=2.961385ms
2026/08/22 10:24:48 INFO serve: request method=GET path=/mod/swarm status=200 duration=26.500884ms
2026/08/22 10:24:49 INFO serve: request method=GET path=/mod/live/history status=200 duration=4.363653ms
2026/08/22 10:24:49 INFO serve: request method=GET path=/mod/swarm status=200 duration=13.751ms
2026/08/22 10:24:49 INFO serve: request method=GET path=/history status=200 duration=2.623ms
2026/08/22 10:24:50 INFO serve: request method=GET path=/mod/live/history status=200 duration=5.308077ms
2026/08/22 10:24:50 INFO serve: request method=GET path=/history status=200 duration=2.170539ms
2026/08/22 10:24:50 INFO serve: request method=GET path=/mod/swarm status=200 duration=18.607462ms
2026/08/22 10:24:51 INFO serve: request method=GET path=/mod/live/history status=200 duration=4.257615ms
2026/08/22 10:24:51 INFO serve: request method=GET path=/mod/swarm status=200 duration=13.876923ms
2026/08/22 10:24:51 INFO serve: request method=GET path=/history status=200 duration=1.981884ms
2026/08/22 10:24:51 INFO serve: request method=GET path=/mod/live/history status=200 duration=4.428577ms
2026/08/22 10:24:51 INFO serve: request method=GET path=/mod/swarm status=200 duration=14.673308ms
2026/08/22 10:24:51 INFO serve: request method=GET path=/history status=200 duration=2.508308ms
2026/08/22 10:24:52 INFO serve: request method=GET path=/mod/live/history status=200 duration=5.122ms
2026/08/22 10:24:52 INFO serve: request method=GET path=/history status=200 duration=2.689269ms
2026/08/22 10:24:52 INFO serve: request method=GET path=/mod/swarm status=200 duration=18.373115ms
2026/08/22 10:24:53 INFO serve: request method=GET path=/mod/live/history status=200 duration=5.195308ms
2026/08/22 10:24:53 INFO serve: request method=GET path=/history status=200 duration=3.025269ms
2026/08/22 10:24:53 INFO serve: request method=GET path=/mod/swarm status=200 duration=19.348924ms
2026/08/22 10:24:54 INFO serve: request method=GET path=/mod/live/history status=200 duration=7.219077ms
2026/08/22 10:24:54 INFO serve: request method=GET path=/history status=200 duration=2.892577ms
2026/08/22 10:24:54 INFO serve: request method=GET path=/mod/swarm status=200 duration=27.456423ms
2026/08/22 10:24:55 INFO serve: request method=GET path=/mod/live/history status=200 duration=6.4915ms
2026/08/22 10:24:55 INFO serve: request method=GET path=/mod/swarm status=200 duration=21.678846ms
2026/08/22 10:24:55 INFO serve: request method=GET path=/history status=200 duration=8.253384ms
2026/08/22 10:24:56 INFO serve: request method=GET path=/mod/live/history status=200 duration=6.108308ms
2026/08/22 10:24:56 INFO serve: request method=GET path=/history status=200 duration=2.91573ms
2026/08/22 10:24:56 INFO serve: request method=GET path=/mod/swarm status=200 duration=21.147654ms
2026/08/22 10:24:57 INFO serve: request method=GET path=/mod/live/history status=200 duration=6.478154ms
2026/08/22 10:24:57 INFO serve: request method=GET path=/history status=200 duration=2.733115ms
2026/08/22 10:24:57 INFO serve: request method=GET path=/mod/swarm status=200 duration=27.941154ms
2026/08/22 10:24:58 INFO serve: request method=GET path=/mod/live/history status=200 duration=4.226192ms
2026/08/22 10:24:58 INFO serve: request method=GET path=/history status=200 duration=2.183924ms
2026/08/22 10:24:58 INFO serve: request method=GET path=/mod/swarm status=200 duration=19.421077ms
2026/08/22 10:24:59 INFO serve: request method=GET path=/mod/live/history status=200 duration=4.616769ms
2026/08/22 10:24:59 INFO serve: request method=GET path=/history status=200 duration=2.425577ms
2026/08/22 10:24:59 INFO serve: request method=GET path=/mod/swarm status=200 duration=16.482462ms
2026/08/22 10:25:00 INFO serve: request method=GET path=/mod/live/history status=200 duration=4.062577ms
2026/08/22 10:25:00 INFO serve: request method=GET path=/history status=200 duration=3.219692ms
2026/08/22 10:25:00 INFO serve: request method=GET path=/mod/swarm status=200 duration=20.884ms
2026/08/22 10:25:00 INFO serve: request method=GET path=/mod/live/history status=200 duration=4.066154ms
2026/08/22 10:25:00 INFO serve: request method=GET path=/history status=200 duration=2.172731ms
2026/08/22 10:25:00 INFO serve: request method=GET path=/mod/swarm status=200 duration=18.502654ms
2026/08/22 10:25:01 INFO serve: request method=GET path=/mod/live/history status=200 duration=4.032ms
2026/08/22 10:25:01 INFO serve: request method=GET path=/history status=200 duration=2.178385ms
2026/08/22 10:25:01 INFO serve: request method=GET path=/mod/swarm status=200 duration=15.598885ms
2026/08/22 10:25:02 INFO serve: request method=GET path=/mod/live/history status=200 duration=4.058692ms
2026/08/22 10:25:02 INFO serve: request method=GET path=/history status=200 duration=2.122693ms
2026/08/22 10:25:02 INFO serve: request method=GET path=/mod/swarm status=200 duration=14.512615ms
2026/08/22 10:25:03 INFO serve: request method=GET path=/mod/live/history status=200 duration=5.134846ms
2026/08/22 10:25:03 INFO serve: request method=GET path=/history status=200 duration=2.326539ms
2026/08/22 10:25:03 INFO serve: request method=GET path=/mod/swarm status=200 duration=19.757961ms
2026/08/22 10:25:04 INFO serve: request method=GET path=/mod/live/history status=200 duration=4.091731ms
2026/08/22 10:25:04 INFO serve: request method=GET path=/history status=200 duration=2.630769ms
2026/08/22 10:25:04 INFO serve: request method=GET path=/mod/swarm status=200 duration=19.98527ms
2026/08/22 10:25:05 INFO serve: request method=GET path=/mod/live/history status=200 duration=4.919884ms
2026/08/22 10:25:05 INFO serve: request method=GET path=/history status=200 duration=2.208923ms
2026/08/22 10:25:05 INFO serve: request method=GET path=/mod/swarm status=200 duration=31.131269ms
2026/08/22 10:25:06 INFO serve: request method=GET path=/mod/live/history status=200 duration=4.316654ms
2026/08/22 10:25:06 INFO serve: request method=GET path=/history status=200 duration=2.416385ms
2026/08/22 10:25:06 INFO serve: request method=GET path=/mod/swarm status=200 duration=18.572923ms
2026/08/22 10:25:07 INFO serve: request method=GET path=/mod/live/history status=200 duration=4.131731ms
2026/08/22 10:25:07 INFO serve: request method=GET path=/history status=200 duration=2.387ms
2026/08/22 10:25:07 INFO serve: request method=GET path=/mod/swarm status=200 duration=20.62727ms
2026/08/22 10:25:08 INFO serve: request method=GET path=/mod/live/history status=200 duration=4.179961ms
2026/08/22 10:25:08 INFO serve: request method=GET path=/history status=200 duration=2.354499ms
2026/08/22 10:25:08 INFO serve: request method=GET path=/mod/swarm status=200 duration=16.072769ms
2026/08/22 10:25:09 INFO serve: request method=GET path=/mod/live/history status=200 duration=4.046539ms
2026/08/22 10:25:09 INFO serve: request method=GET path=/mod/swarm status=200 duration=11.898346ms
2026/08/22 10:25:09 INFO serve: request method=GET path=/history status=200 duration=2.137347ms
2026/08/22 10:25:09 INFO serve: request method=GET path=/mod/live/history status=200 duration=4.003538ms
2026/08/22 10:25:09 INFO serve: request method=GET path=/history status=200 duration=2.196307ms
2026/08/22 10:25:09 INFO serve: request method=GET path=/mod/swarm status=200 duration=14.349462ms
2026/08/22 10:25:10 INFO serve: request method=GET path=/mod/live/history status=200 duration=4.171462ms
2026/08/22 10:25:10 INFO serve: request method=GET path=/history status=200 duration=2.382616ms
2026/08/22 10:25:10 INFO serve: request method=GET path=/mod/swarm status=200 duration=15.400077ms
2026/08/22 10:25:11 INFO serve: request method=GET path=/mod/live/history status=200 duration=4.469885ms
2026/08/22 10:25:11 INFO serve: request method=GET path=/mod/swarm status=200 duration=14.781692ms
2026/08/22 10:25:11 INFO serve: request method=GET path=/history status=200 duration=2.245731ms
2026/08/22 10:25:12 INFO serve: request method=GET path=/mod/live/history status=200 duration=4.227269ms
2026/08/22 10:25:12 INFO serve: request method=GET path=/history status=200 duration=2.166846ms
2026/08/22 10:25:12 INFO serve: request method=GET path=/mod/swarm status=200 duration=25.708346ms
2026/08/22 10:25:13 INFO serve: request method=GET path=/mod/live/history status=200 duration=6.001116ms
2026/08/22 10:25:13 INFO serve: request method=GET path=/history status=200 duration=2.955653ms
2026/08/22 10:25:13 INFO serve: request method=GET path=/mod/swarm status=200 duration=18.461039ms
2026/08/22 10:25:14 INFO serve: request method=GET path=/mod/live/history status=200 duration=4.399384ms
2026/08/22 10:25:14 INFO serve: request method=GET path=/mod/swarm status=200 duration=17.857231ms
2026/08/22 10:25:14 INFO serve: request method=GET path=/history status=200 duration=8.151961ms
2026/08/22 10:25:15 INFO serve: request method=GET path=/mod/live/history status=200 duration=3.917384ms
2026/08/22 10:25:15 INFO serve: request method=GET path=/history status=200 duration=2.116307ms
2026/08/22 10:25:15 INFO serve: request method=GET path=/mod/swarm status=200 duration=12.430615ms
2026/08/22 10:25:16 INFO serve: request method=GET path=/mod/live/history status=200 duration=5.341538ms
2026/08/22 10:25:16 INFO serve: request method=GET path=/history status=200 duration=2.836923ms
2026/08/22 10:25:16 INFO serve: request method=GET path=/mod/swarm status=200 duration=18.778462ms
2026/08/22 10:25:17 INFO serve: request method=GET path=/mod/live/history status=200 duration=5.86677ms
2026/08/22 10:25:17 INFO serve: request method=GET path=/mod/swarm status=200 duration=20.598807ms
2026/08/22 10:25:17 INFO serve: request method=GET path=/history status=200 duration=4.509577ms
2026/08/22 10:25:18 INFO serve: request method=GET path=/mod/live/history status=200 duration=4.264269ms
2026/08/22 10:25:18 INFO serve: request method=GET path=/mod/swarm status=200 duration=13.390653ms
2026/08/22 10:25:18 INFO serve: request method=GET path=/history status=200 duration=2.642961ms
2026/08/22 10:25:18 INFO serve: request method=GET path=/mod/live/history status=200 duration=3.889538ms
2026/08/22 10:25:18 INFO serve: request method=GET path=/history status=200 duration=3.314731ms
2026/08/22 10:25:18 INFO serve: request method=GET path=/mod/swarm status=200 duration=16.671154ms
2026/08/22 10:25:19 INFO serve: request method=GET path=/mod/live/history status=200 duration=3.984461ms
2026/08/22 10:25:19 INFO serve: request method=GET path=/history status=200 duration=2.337038ms
2026/08/22 10:25:19 INFO serve: request method=GET path=/mod/swarm status=200 duration=15.388615ms
2026/08/22 10:25:20 INFO serve: request method=GET path=/mod/live/history status=200 duration=4.314923ms
2026/08/22 10:25:20 INFO serve: request method=GET path=/history status=200 duration=2.250884ms
2026/08/22 10:25:20 INFO serve: request method=GET path=/mod/swarm status=200 duration=18.862539ms
2026/08/22 10:25:21 INFO serve: request method=GET path=/mod/live/history status=200 duration=6.257654ms
2026/08/22 10:25:21 INFO serve: request method=GET path=/history status=200 duration=3.250269ms
2026/08/22 10:25:21 INFO serve: request method=GET path=/mod/swarm status=200 duration=26.269038ms
2026/08/22 10:25:22 INFO serve: request method=GET path=/mod/live/history status=200 duration=5.248808ms
2026/08/22 10:25:22 INFO serve: request method=GET path=/history status=200 duration=2.774231ms
2026/08/22 10:25:22 INFO serve: request method=GET path=/mod/swarm status=200 duration=27.976039ms
2026/08/22 10:25:23 INFO serve: request method=GET path=/mod/live/history status=200 duration=14.473423ms
2026/08/22 10:25:23 INFO serve: request method=GET path=/history status=200 duration=2.5415ms
2026/08/22 10:25:23 INFO serve: request method=GET path=/mod/swarm status=200 duration=26.147731ms
2026/08/22 10:25:23 INFO serve: shutting down gracefully
reasonix serve — deepseek-v4-flash on http://127.0.0.1:46373
  auth: token
  share: http://127.0.0.1:46373/ (token in /root/.reasonix-mobile-v1/serve.token)
2026/08/22 10:25:28 INFO serve: request method=POST path=/auth/token status=204 duration=132.615µs
2026/08/22 10:25:28 INFO serve: request method=GET path=/mod/status status=200 duration=6.260039ms
2026/08/22 10:25:28 INFO serve: shutting down gracefully
reasonix serve — deepseek-v4-flash on http://127.0.0.1:45369
  auth: token
  share: http://127.0.0.1:45369/ (token in /root/.reasonix-mobile-v1/serve.token)
2026/08/22 10:25:33 INFO serve: request method=POST path=/auth/token status=204 duration=546.885µs
2026/08/22 10:25:33 INFO serve: request method=GET path=/mod/status status=200 duration=6.110654ms
2026/08/22 10:25:33 INFO serve: shutting down gracefully
reasonix serve — deepseek-v4-flash on http://127.0.0.1:33147
  auth: token
  share: http://127.0.0.1:33147/ (token in /root/.reasonix-mobile-v1/serve.token)
2026/08/22 10:25:38 INFO serve: request method=POST path=/auth/token status=204 duration=390.077µs
2026/08/22 10:25:38 INFO serve: request method=GET path=/mod/status status=200 duration=8.976077ms
2026/08/22 10:25:38 INFO serve: request method=GET path=/mod/status status=200 duration=7.789808ms
2026/08/22 10:25:38 INFO serve: request method=GET path=/mod/app/contract status=200 duration=1.898192ms
2026/08/22 10:25:38 INFO serve: request method=POST path=/tool-approval-mode status=204 duration=754.538µs
2026/08/22 10:25:38 INFO serve: request method=GET path=/mod/live/history status=200 duration=257.038µs
2026/08/22 10:25:38 INFO serve: request method=GET path=/mod/swarm status=200 duration=24.587385ms
2026/08/22 10:25:39 INFO serve: request method=GET path=/mod/live/history status=200 duration=220.154µs
2026/08/22 10:25:39 INFO serve: request method=GET path=/mod/swarm status=200 duration=24.552193ms
  balance: $1.62
2026/08/22 10:25:40 INFO serve: request method=GET path=/mod/status status=200 duration=7.081462ms
2026/08/22 10:25:40 INFO serve: request method=GET path=/mod/app/contract status=200 duration=2.431ms
2026/08/22 10:25:40 INFO serve: request method=GET path=/mod/live/history status=200 duration=160µs
2026/08/22 10:25:40 INFO serve: request method=GET path=/mod/live/history status=200 duration=236.346µs
2026/08/22 10:25:40 INFO serve: request method=GET path=/mod/swarm status=200 duration=16.183885ms
2026/08/22 10:25:41 INFO serve: request method=GET path=/mod/live/history status=200 duration=211.115µs
2026/08/22 10:25:41 INFO serve: request method=GET path=/mod/swarm status=200 duration=21.324731ms
2026/08/22 10:25:42 INFO serve: request method=GET path=/mod/recovery status=200 duration=304.346µs
2026/08/22 10:25:42 INFO serve: request method=POST path=/tool-approval-mode status=204 duration=242.693µs
2026/08/22 10:25:42 INFO serve: request method=POST path=/mod/app/task/start status=202 duration=11.008731ms
2026/08/22 10:25:42 INFO serve: request method=GET path=/mod/live/history status=200 duration=194.807µs
2026/08/22 10:25:43 INFO serve: request method=GET path=/mod/live/history status=200 duration=658.384µs
2026/08/22 10:25:43 INFO serve: request method=GET path=/mod/swarm status=200 duration=29.287961ms
2026/08/22 10:25:44 INFO serve: request method=GET path=/mod/live/history status=200 duration=336.193µs
2026/08/22 10:25:44 INFO serve: request method=GET path=/mod/swarm status=200 duration=22.409038ms
2026/08/22 10:25:45 INFO serve: request method=GET path=/mod/live/history status=200 duration=364.231µs
2026/08/22 10:25:45 INFO serve: request method=GET path=/mod/swarm status=200 duration=17.793385ms
2026/08/22 10:25:45 INFO serve: request method=GET path=/mod/live/history status=200 duration=340.769µs
2026/08/22 10:25:45 INFO serve: request method=GET path=/mod/swarm status=200 duration=16.051692ms
2026/08/22 10:25:46 INFO serve: request method=GET path=/mod/live/history status=200 duration=442.731µs
2026/08/22 10:25:46 INFO serve: request method=GET path=/mod/swarm status=200 duration=20.396115ms
2026/08/22 10:25:47 INFO serve: request method=GET path=/mod/live/history status=200 duration=646.462µs
2026/08/22 10:25:47 INFO serve: request method=GET path=/mod/swarm status=200 duration=23.310039ms
2026/08/22 10:25:48 INFO serve: request method=GET path=/mod/live/history status=200 duration=412.577µs
2026/08/22 10:25:48 INFO serve: request method=GET path=/mod/swarm status=200 duration=25.559192ms
2026/08/22 10:25:49 INFO serve: request method=GET path=/mod/live/history status=200 duration=344.077µs
2026/08/22 10:25:49 INFO serve: request method=GET path=/mod/swarm status=200 duration=18.475039ms
2026/08/22 10:25:50 INFO serve: request method=GET path=/mod/live/history status=200 duration=734.846µs
2026/08/22 10:25:50 INFO serve: request method=GET path=/mod/swarm status=200 duration=20.489115ms
2026/08/22 10:25:51 INFO serve: request method=GET path=/mod/live/history status=200 duration=330.923µs
2026/08/22 10:25:51 INFO serve: request method=GET path=/mod/swarm status=200 duration=24.787846ms
2026/08/22 10:25:52 INFO serve: request method=GET path=/mod/live/history status=200 duration=601.461µs
2026/08/22 10:25:52 INFO serve: request method=GET path=/mod/swarm status=200 duration=21.676885ms
2026/08/22 10:25:53 INFO serve: request method=GET path=/mod/live/history status=200 duration=529.692µs
2026/08/22 10:25:53 INFO serve: request method=GET path=/mod/swarm status=200 duration=23.439115ms
2026/08/22 10:25:54 INFO serve: request method=GET path=/mod/live/history status=200 duration=685.115µs
2026/08/22 10:25:54 INFO serve: request method=GET path=/mod/swarm status=200 duration=17.776116ms
2026/08/22 10:25:54 INFO serve: request method=GET path=/mod/live/history status=200 duration=858µs
2026/08/22 10:25:54 INFO serve: request method=GET path=/mod/swarm status=200 duration=23.687461ms
2026/08/22 10:25:55 INFO serve: request method=GET path=/mod/live/history status=200 duration=413.615µs
2026/08/22 10:25:55 INFO serve: request method=GET path=/mod/swarm status=200 duration=27.851923ms
2026/08/22 10:25:56 INFO serve: request method=GET path=/mod/live/history status=200 duration=477.5µs
2026/08/22 10:25:56 INFO serve: request method=GET path=/mod/swarm status=200 duration=21.27523ms
2026/08/22 10:25:57 INFO serve: request method=GET path=/mod/live/history status=200 duration=390µs
2026/08/22 10:25:57 INFO serve: request method=GET path=/mod/swarm status=200 duration=22.083423ms
2026/08/22 10:25:58 INFO serve: request method=GET path=/mod/live/history status=200 duration=427.385µs
2026/08/22 10:25:58 INFO serve: request method=GET path=/mod/swarm status=200 duration=20.527577ms
2026/08/22 10:25:59 INFO serve: request method=GET path=/mod/live/history status=200 duration=8.19373ms
2026/08/22 10:25:59 INFO serve: request method=GET path=/mod/swarm status=200 duration=33.363538ms
2026/08/22 10:26:00 INFO serve: request method=GET path=/mod/live/history status=200 duration=395.231µs
2026/08/22 10:26:00 INFO serve: request method=GET path=/mod/swarm status=200 duration=19.812807ms
2026/08/22 10:26:01 INFO serve: request method=GET path=/mod/live/history status=200 duration=1.301538ms
2026/08/22 10:26:01 INFO serve: request method=GET path=/mod/swarm status=200 duration=29.605962ms
2026/08/22 10:26:02 INFO serve: request method=GET path=/mod/live/history status=200 duration=625.615µs
2026/08/22 10:26:02 INFO serve: request method=GET path=/mod/swarm status=200 duration=29.585384ms
2026/08/22 10:26:03 INFO serve: request method=GET path=/mod/live/history status=200 duration=511.346µs
2026/08/22 10:26:03 INFO serve: request method=GET path=/mod/swarm status=200 duration=19.707231ms
2026/08/22 10:26:03 INFO serve: request method=GET path=/mod/live/history status=200 duration=383.885µs
2026/08/22 10:26:03 INFO serve: request method=GET path=/mod/swarm status=200 duration=19.070885ms
2026/08/22 10:26:04 INFO serve: request method=GET path=/mod/live/history status=200 duration=363.654µs
2026/08/22 10:26:04 INFO serve: request method=GET path=/mod/swarm status=200 duration=19.756885ms
2026/08/22 10:26:05 INFO serve: request method=GET path=/mod/live/history status=200 duration=496.193µs
2026/08/22 10:26:05 INFO serve: request method=GET path=/mod/swarm status=200 duration=18.706385ms
2026/08/22 10:26:06 INFO serve: request method=GET path=/mod/live/history status=200 duration=528.23µs
2026/08/22 10:26:06 INFO serve: request method=GET path=/mod/swarm status=200 duration=23.068577ms
2026/08/22 10:26:07 INFO serve: request method=GET path=/mod/live/history status=200 duration=452.923µs
2026/08/22 10:26:07 INFO serve: request method=GET path=/mod/swarm status=200 duration=29.208154ms
2026/08/22 10:26:08 INFO serve: request method=GET path=/mod/live/history status=200 duration=580.308µs
2026/08/22 10:26:08 INFO serve: request method=GET path=/mod/swarm status=200 duration=27.557962ms
2026/08/22 10:26:09 INFO serve: request method=GET path=/mod/live/history status=200 duration=665.77µs
2026/08/22 10:26:09 INFO serve: request method=GET path=/mod/swarm status=200 duration=26.438ms
2026/08/22 10:26:10 INFO serve: request method=GET path=/mod/live/history status=200 duration=390.692µs
2026/08/22 10:26:10 INFO serve: request method=GET path=/mod/swarm status=200 duration=21.76977ms
2026/08/22 10:26:11 INFO serve: request method=GET path=/mod/live/history status=200 duration=573µs
2026/08/22 10:26:11 INFO serve: request method=GET path=/mod/swarm status=200 duration=25.008885ms
2026/08/22 10:26:12 INFO serve: request method=GET path=/mod/live/history status=200 duration=387.539µs
2026/08/22 10:26:12 INFO serve: request method=GET path=/mod/swarm status=200 duration=22.618308ms
2026/08/22 10:26:12 INFO serve: request method=GET path=/mod/live/history status=200 duration=623.423µs
2026/08/22 10:26:12 INFO serve: request method=GET path=/history status=200 duration=2.881ms
2026/08/22 10:26:12 INFO serve: request method=GET path=/mod/swarm status=200 duration=22.711961ms
2026/08/22 10:26:13 INFO serve: request method=GET path=/mod/tasks status=200 duration=71.005731ms
2026/08/22 10:26:13 INFO serve: request method=GET path=/mod/live/history status=200 duration=1.267576ms
2026/08/22 10:26:13 INFO serve: request method=GET path=/history status=200 duration=1.591923ms
2026/08/22 10:26:13 INFO serve: request method=GET path=/mod/swarm status=200 duration=22.672154ms
2026/08/22 10:26:14 INFO serve: request method=GET path=/mod/live/history status=200 duration=729.808µs
2026/08/22 10:26:14 INFO serve: request method=GET path=/history status=200 duration=2.515769ms
2026/08/22 10:26:14 INFO serve: request method=GET path=/mod/swarm status=200 duration=21.820424ms
2026/08/22 10:26:15 INFO serve: request method=GET path=/mod/live/history status=200 duration=645.077µs
2026/08/22 10:26:15 INFO serve: request method=GET path=/history status=200 duration=2.062808ms
2026/08/22 10:26:15 INFO serve: request method=GET path=/mod/swarm status=200 duration=19.012116ms
2026/08/22 10:26:16 INFO serve: request method=GET path=/mod/live/history status=200 duration=635.884µs
2026/08/22 10:26:16 INFO serve: request method=GET path=/history status=200 duration=1.365923ms
2026/08/22 10:26:16 INFO serve: request method=GET path=/mod/swarm status=200 duration=22.028346ms
2026/08/22 10:26:17 INFO serve: request method=GET path=/mod/live/history status=200 duration=961.385µs
2026/08/22 10:26:17 INFO serve: request method=GET path=/history status=200 duration=2.046731ms
2026/08/22 10:26:17 INFO serve: request method=GET path=/mod/swarm status=200 duration=23.595193ms
2026/08/22 10:26:18 INFO serve: request method=GET path=/mod/live/history status=200 duration=604.346µs
2026/08/22 10:26:18 INFO serve: request method=GET path=/history status=200 duration=2.109423ms
2026/08/22 10:26:18 INFO serve: request method=GET path=/mod/swarm status=200 duration=26.035846ms
2026/08/22 10:26:19 INFO serve: request method=GET path=/mod/live/history status=200 duration=898.038µs
2026/08/22 10:26:19 INFO serve: request method=GET path=/history status=200 duration=2.107846ms
2026/08/22 10:26:19 INFO serve: request method=GET path=/mod/swarm status=200 duration=24.491885ms
2026/08/22 10:26:20 INFO serve: request method=GET path=/mod/live/history status=200 duration=1.215461ms
2026/08/22 10:26:20 INFO serve: request method=GET path=/history status=200 duration=2.050615ms
2026/08/22 10:26:20 INFO serve: request method=GET path=/mod/swarm status=200 duration=23.605461ms
2026/08/22 10:26:21 INFO serve: request method=GET path=/mod/live/history status=200 duration=767.693µs
2026/08/22 10:26:21 INFO serve: request method=GET path=/history status=200 duration=1.602346ms
2026/08/22 10:26:21 INFO serve: request method=GET path=/mod/swarm status=200 duration=22.357885ms
2026/08/22 10:26:21 INFO serve: request method=GET path=/mod/live/history status=200 duration=1.019ms
2026/08/22 10:26:21 INFO serve: request method=GET path=/history status=200 duration=2.274769ms
2026/08/22 10:26:21 INFO serve: request method=GET path=/mod/swarm status=200 duration=22.537731ms
2026/08/22 10:26:22 INFO serve: request method=GET path=/mod/live/history status=200 duration=947.154µs
2026/08/22 10:26:22 INFO serve: request method=GET path=/history status=200 duration=1.541192ms
2026/08/22 10:26:22 INFO serve: request method=GET path=/mod/swarm status=200 duration=20.415423ms
2026/08/22 10:26:23 INFO serve: request method=GET path=/mod/live/history status=200 duration=716.576µs
2026/08/22 10:26:23 INFO serve: request method=GET path=/history status=200 duration=1.768538ms
2026/08/22 10:26:23 INFO serve: request method=GET path=/mod/swarm status=200 duration=20.536039ms
2026/08/22 10:26:24 INFO serve: request method=GET path=/mod/live/history status=200 duration=1.005269ms
2026/08/22 10:26:24 INFO serve: request method=GET path=/history status=200 duration=1.588923ms
2026/08/22 10:26:24 INFO serve: request method=GET path=/mod/swarm status=200 duration=25.771616ms
2026/08/22 10:26:25 INFO serve: request method=GET path=/mod/live/history status=200 duration=647.269µs
2026/08/22 10:26:25 INFO serve: request method=GET path=/history status=200 duration=1.9135ms
2026/08/22 10:26:25 INFO serve: request method=GET path=/mod/swarm status=200 duration=22.735577ms
2026/08/22 10:26:26 INFO serve: request method=GET path=/mod/live/history status=200 duration=718µs
2026/08/22 10:26:26 INFO serve: request method=GET path=/history status=200 duration=1.849769ms
2026/08/22 10:26:26 INFO serve: request method=GET path=/mod/swarm status=200 duration=24.102692ms
2026/08/22 10:26:27 INFO serve: request method=GET path=/mod/live/history status=200 duration=782.116µs
2026/08/22 10:26:27 INFO serve: request method=GET path=/history status=200 duration=5.337654ms
2026/08/22 10:26:27 INFO serve: request method=GET path=/mod/swarm status=200 duration=33.083846ms
2026/08/22 10:26:28 INFO serve: request method=GET path=/mod/live/history status=200 duration=560.038µs
2026/08/22 10:26:28 INFO serve: request method=GET path=/history status=200 duration=1.436308ms
2026/08/22 10:26:28 INFO serve: request method=GET path=/mod/swarm status=200 duration=26.255192ms
2026/08/22 10:26:29 INFO serve: request method=GET path=/mod/live/history status=200 duration=894.923µs
2026/08/22 10:26:29 INFO serve: request method=GET path=/history status=200 duration=1.564116ms
2026/08/22 10:26:29 INFO serve: request method=GET path=/mod/swarm status=200 duration=17.381ms
2026/08/22 10:26:30 INFO serve: request method=GET path=/mod/live/history status=200 duration=524.307µs
2026/08/22 10:26:30 INFO serve: request method=GET path=/history status=200 duration=1.55527ms
2026/08/22 10:26:30 INFO serve: request method=GET path=/mod/swarm status=200 duration=12.543616ms
2026/08/22 10:26:30 INFO serve: request method=GET path=/mod/live/history status=200 duration=777.577µs
2026/08/22 10:26:30 INFO serve: request method=GET path=/history status=200 duration=1.359807ms
2026/08/22 10:26:30 INFO serve: request method=GET path=/mod/swarm status=200 duration=22.998231ms
2026/08/22 10:26:31 INFO serve: request method=GET path=/mod/live/history status=200 duration=517.461µs
2026/08/22 10:26:31 INFO serve: request method=GET path=/history status=200 duration=1.17527ms
2026/08/22 10:26:31 INFO serve: request method=GET path=/mod/swarm status=200 duration=15.348077ms
2026/08/22 10:26:32 INFO serve: request method=GET path=/mod/live/history status=200 duration=542.154µs
2026/08/22 10:26:32 INFO serve: request method=GET path=/history status=200 duration=1.108807ms
2026/08/22 10:26:32 INFO serve: request method=GET path=/mod/swarm status=200 duration=15.441384ms
2026/08/22 10:26:33 INFO serve: request method=GET path=/mod/live/history status=200 duration=862.654µs
2026/08/22 10:26:33 INFO serve: request method=GET path=/history status=200 duration=1.700807ms
2026/08/22 10:26:33 INFO serve: request method=GET path=/mod/swarm status=200 duration=18.814308ms
2026/08/22 10:26:34 INFO serve: request method=GET path=/mod/live/history status=200 duration=624.384µs
2026/08/22 10:26:34 INFO serve: request method=GET path=/history status=200 duration=1.23373ms
2026/08/22 10:26:34 INFO serve: request method=GET path=/mod/swarm status=200 duration=17.096346ms
2026/08/22 10:26:34 INFO serve: request method=GET path=/mod/recovery status=200 duration=154.115µs
2026/08/22 10:26:34 INFO serve: request method=POST path=/tool-approval-mode status=204 duration=350.154µs
2026/08/22 10:26:34 INFO serve: request method=POST path=/mod/app/task/start status=202 duration=6.567538ms
2026/08/22 10:26:34 INFO serve: request method=GET path=/mod/live/history status=200 duration=557.961µs
2026/08/22 10:26:34 INFO serve: request method=GET path=/history status=200 duration=1.058077ms
2026/08/22 10:26:35 INFO serve: request method=GET path=/mod/live/history status=200 duration=595.885µs
2026/08/22 10:26:35 INFO serve: request method=GET path=/history status=200 duration=1.457923ms
2026/08/22 10:26:35 INFO serve: request method=GET path=/mod/swarm status=200 duration=20.290115ms
2026/08/22 10:26:36 INFO serve: request method=GET path=/mod/live/history status=200 duration=2.080769ms
2026/08/22 10:26:36 INFO serve: request method=GET path=/history status=200 duration=1.308384ms
2026/08/22 10:26:36 INFO serve: request method=GET path=/mod/swarm status=200 duration=25.916115ms
2026/08/22 10:26:37 INFO serve: request method=GET path=/mod/live/history status=200 duration=1.100769ms
2026/08/22 10:26:37 INFO serve: request method=GET path=/history status=200 duration=7.653731ms
2026/08/22 10:26:37 INFO serve: request method=GET path=/mod/swarm status=200 duration=30.003231ms
2026/08/22 10:26:38 INFO serve: request method=GET path=/mod/live/history status=200 duration=670.077µs
2026/08/22 10:26:38 INFO serve: request method=GET path=/history status=200 duration=2.707692ms
2026/08/22 10:26:38 INFO serve: request method=GET path=/mod/swarm status=200 duration=19.59973ms
2026/08/22 10:26:39 INFO serve: request method=GET path=/mod/live/history status=200 duration=1.351154ms
2026/08/22 10:26:39 INFO serve: request method=GET path=/history status=200 duration=1.556961ms
2026/08/22 10:26:39 INFO serve: request method=GET path=/mod/swarm status=200 duration=23.375038ms
2026/08/22 10:26:40 INFO serve: request method=GET path=/mod/live/history status=200 duration=775.577µs
2026/08/22 10:26:40 INFO serve: request method=GET path=/history status=200 duration=1.367115ms
2026/08/22 10:26:40 INFO serve: request method=GET path=/mod/swarm status=200 duration=19.101269ms
2026/08/22 10:26:41 INFO serve: request method=GET path=/mod/live/history status=200 duration=1.0515ms
2026/08/22 10:26:41 INFO serve: request method=GET path=/history status=200 duration=1.211192ms
2026/08/22 10:26:41 INFO serve: request method=GET path=/mod/swarm status=200 duration=19.141462ms
2026/08/22 10:26:41 INFO serve: request method=GET path=/mod/live/history status=200 duration=648.077µs
2026/08/22 10:26:41 INFO serve: request method=GET path=/history status=200 duration=5.128231ms
2026/08/22 10:26:41 INFO serve: request method=GET path=/mod/swarm status=200 duration=22.407307ms
2026/08/22 10:26:42 INFO serve: request method=GET path=/mod/live/history status=200 duration=666.307µs
2026/08/22 10:26:42 INFO serve: request method=GET path=/history status=200 duration=1.355192ms
2026/08/22 10:26:42 INFO serve: request method=GET path=/mod/swarm status=200 duration=18.871577ms
2026/08/22 10:26:43 INFO serve: request method=GET path=/mod/live/history status=200 duration=654.615µs
2026/08/22 10:26:43 INFO serve: request method=GET path=/history status=200 duration=1.38727ms
2026/08/22 10:26:43 INFO serve: request method=GET path=/mod/swarm status=200 duration=17.677038ms
2026/08/22 10:26:44 INFO serve: request method=GET path=/mod/live/history status=200 duration=765.807µs
2026/08/22 10:26:44 INFO serve: request method=GET path=/history status=200 duration=2.511038ms
2026/08/22 10:26:44 INFO serve: request method=GET path=/mod/swarm status=200 duration=25.199653ms
2026/08/22 10:26:45 INFO serve: request method=GET path=/mod/live/history status=200 duration=4.46ms
2026/08/22 10:26:45 INFO serve: request method=GET path=/history status=200 duration=1.6485ms
2026/08/22 10:26:45 INFO serve: request method=GET path=/mod/swarm status=200 duration=44.984308ms
2026/08/22 10:26:46 INFO serve: request method=GET path=/mod/live/history status=200 duration=965.885µs
2026/08/22 10:26:46 INFO serve: request method=GET path=/history status=200 duration=1.332923ms
2026/08/22 10:26:46 INFO serve: request method=GET path=/mod/swarm status=200 duration=9.8315ms
2026/08/22 10:26:46 INFO serve: request method=GET path=/mod/tasks status=200 duration=56.981616ms
2026/08/22 10:26:47 INFO serve: request method=GET path=/mod/live/history status=200 duration=1.203154ms
2026/08/22 10:26:47 INFO serve: request method=GET path=/history status=200 duration=2.011385ms
2026/08/22 10:26:47 INFO serve: request method=GET path=/mod/swarm status=200 duration=20.769846ms
2026/08/22 10:26:48 INFO serve: request method=GET path=/mod/live/history status=200 duration=1.018693ms
2026/08/22 10:26:48 INFO serve: request method=GET path=/history status=200 duration=2.151384ms
2026/08/22 10:26:48 INFO serve: request method=GET path=/mod/swarm status=200 duration=20.368384ms
2026/08/22 10:26:49 INFO serve: request method=GET path=/mod/live/history status=200 duration=832µs
2026/08/22 10:26:49 INFO serve: request method=GET path=/history status=200 duration=1.247461ms
2026/08/22 10:26:49 INFO serve: request method=GET path=/mod/swarm status=200 duration=17.402731ms
2026/08/22 10:26:50 INFO serve: request method=GET path=/mod/live/history status=200 duration=1.070269ms
2026/08/22 10:26:50 INFO serve: request method=GET path=/history status=200 duration=2.547808ms
2026/08/22 10:26:50 INFO serve: request method=GET path=/mod/swarm status=200 duration=22.286384ms
2026/08/22 10:26:50 INFO serve: request method=GET path=/mod/live/history status=200 duration=807.5µs
2026/08/22 10:26:50 INFO serve: request method=GET path=/history status=200 duration=1.217692ms
2026/08/22 10:26:50 INFO serve: request method=GET path=/mod/swarm status=200 duration=18.369423ms
2026/08/22 10:26:51 INFO serve: request method=GET path=/mod/live/history status=200 duration=902.73µs
2026/08/22 10:26:51 INFO serve: request method=GET path=/history status=200 duration=1.385385ms
2026/08/22 10:26:51 INFO serve: request method=GET path=/mod/swarm status=200 duration=14.961423ms
2026/08/22 10:26:52 INFO serve: request method=GET path=/mod/recovery status=200 duration=170.846µs
2026/08/22 10:26:52 INFO serve: request method=POST path=/tool-approval-mode status=204 duration=175.5µs
2026/08/22 10:26:52 INFO serve: request method=GET path=/mod/live/history status=200 duration=1.843231ms
2026/08/22 10:26:52 INFO serve: request method=GET path=/history status=200 duration=1.411ms
2026/08/22 10:26:52 INFO serve: request method=GET path=/mod/swarm status=200 duration=20.415077ms
2026/08/22 10:26:52 INFO serve: request method=POST path=/mod/app/task/start status=202 duration=7.624116ms
2026/08/22 10:26:52 INFO serve: request method=GET path=/mod/live/history status=200 duration=829.423µs
2026/08/22 10:26:52 INFO serve: request method=GET path=/history status=200 duration=1.543923ms
2026/08/22 10:26:53 INFO serve: request method=GET path=/mod/live/history status=200 duration=1.223962ms
2026/08/22 10:26:53 INFO serve: request method=GET path=/history status=200 duration=1.728231ms
2026/08/22 10:26:53 INFO serve: request method=GET path=/mod/swarm status=200 duration=23.153884ms
2026/08/22 10:26:54 INFO serve: request method=GET path=/mod/live/history status=200 duration=1.244384ms
2026/08/22 10:26:54 INFO serve: request method=GET path=/history status=200 duration=1.593385ms
2026/08/22 10:26:54 INFO serve: request method=GET path=/mod/swarm status=200 duration=23.346769ms
2026/08/22 10:26:55 INFO serve: request method=GET path=/mod/live/history status=200 duration=1.025654ms
2026/08/22 10:26:55 INFO serve: request method=GET path=/history status=200 duration=10.001462ms
2026/08/22 10:26:55 INFO serve: request method=GET path=/mod/swarm status=200 duration=23.99327ms
2026/08/22 10:26:56 INFO serve: request method=GET path=/mod/live/history status=200 duration=1.146307ms
2026/08/22 10:26:56 INFO serve: request method=GET path=/history status=200 duration=1.6975ms
2026/08/22 10:26:56 INFO serve: request method=GET path=/mod/swarm status=200 duration=17.525154ms
2026/08/22 10:26:57 INFO serve: request method=GET path=/mod/live/history status=200 duration=1.084885ms
2026/08/22 10:26:57 INFO serve: request method=GET path=/history status=200 duration=1.718731ms
2026/08/22 10:26:57 INFO serve: request method=GET path=/mod/swarm status=200 duration=15.403384ms
2026/08/22 10:26:58 INFO serve: request method=GET path=/mod/live/history status=200 duration=1.213962ms
2026/08/22 10:26:58 INFO serve: request method=GET path=/history status=200 duration=1.301038ms
2026/08/22 10:26:58 INFO serve: request method=GET path=/mod/swarm status=200 duration=19.818308ms
2026/08/22 10:26:59 INFO serve: request method=GET path=/mod/live/history status=200 duration=1.045461ms
2026/08/22 10:26:59 INFO serve: request method=GET path=/history status=200 duration=1.588154ms
2026/08/22 10:26:59 INFO serve: request method=GET path=/mod/swarm status=200 duration=28.601847ms
2026/08/22 10:27:00 INFO serve: request method=GET path=/mod/live/history status=200 duration=1.46273ms
2026/08/22 10:27:00 INFO serve: request method=GET path=/history status=200 duration=3.569847ms
2026/08/22 10:27:00 INFO serve: request method=GET path=/mod/swarm status=200 duration=27.552231ms
2026/08/22 10:27:01 INFO serve: request method=GET path=/mod/live/history status=200 duration=3.240076ms
2026/08/22 10:27:01 INFO serve: request method=GET path=/history status=200 duration=5.166654ms
2026/08/22 10:27:01 INFO serve: request method=GET path=/mod/swarm status=200 duration=28.475846ms
2026/08/22 10:27:01 INFO serve: request method=GET path=/mod/live/history status=200 duration=1.147115ms
2026/08/22 10:27:01 INFO serve: request method=GET path=/history status=200 duration=1.733769ms
2026/08/22 10:27:01 INFO serve: request method=GET path=/mod/swarm status=200 duration=17.376577ms
2026/08/22 10:27:02 INFO serve: request method=GET path=/mod/live/history status=200 duration=1.027116ms
2026/08/22 10:27:02 INFO serve: request method=GET path=/history status=200 duration=1.400423ms
2026/08/22 10:27:02 INFO serve: request method=GET path=/mod/swarm status=200 duration=14.906577ms
2026/08/22 10:27:03 INFO serve: request method=GET path=/mod/live/history status=200 duration=1.873192ms
2026/08/22 10:27:03 INFO serve: request method=GET path=/history status=200 duration=1.9235ms
2026/08/22 10:27:03 INFO serve: request method=GET path=/mod/swarm status=200 duration=21.041654ms
2026/08/22 10:27:04 INFO serve: request method=GET path=/mod/live/history status=200 duration=1.040577ms
2026/08/22 10:27:04 INFO serve: request method=GET path=/history status=200 duration=1.2095ms
2026/08/22 10:27:04 INFO serve: request method=GET path=/mod/swarm status=200 duration=22.378577ms
2026/08/22 10:27:05 INFO serve: request method=GET path=/mod/live/history status=200 duration=1.731615ms
2026/08/22 10:27:05 INFO serve: request method=GET path=/history status=200 duration=1.504923ms
2026/08/22 10:27:05 INFO serve: request method=GET path=/mod/swarm status=200 duration=29.168461ms
2026/08/22 10:27:06 INFO serve: request method=GET path=/mod/live/history status=200 duration=1.174884ms
2026/08/22 10:27:06 INFO serve: request method=GET path=/history status=200 duration=1.3935ms
2026/08/22 10:27:06 INFO serve: request method=GET path=/mod/swarm status=200 duration=19.160962ms
2026/08/22 10:27:07 INFO serve: request method=GET path=/mod/live/history status=200 duration=1.961461ms
2026/08/22 10:27:07 INFO serve: request method=GET path=/history status=200 duration=1.508192ms
2026/08/22 10:27:07 INFO serve: request method=GET path=/mod/swarm status=200 duration=22.2995ms
2026/08/22 10:27:08 INFO serve: request method=GET path=/mod/live/history status=200 duration=1.211538ms
2026/08/22 10:27:08 INFO serve: request method=GET path=/history status=200 duration=1.788308ms
2026/08/22 10:27:08 INFO serve: request method=GET path=/mod/swarm status=200 duration=20.163693ms
2026/08/22 10:27:09 INFO serve: request method=GET path=/mod/live/history status=200 duration=1.046885ms
2026/08/22 10:27:09 INFO serve: request method=GET path=/history status=200 duration=1.338ms
2026/08/22 10:27:09 INFO serve: request method=GET path=/mod/swarm status=200 duration=18.960346ms
2026/08/22 10:27:10 INFO serve: request method=GET path=/mod/live/history status=200 duration=1.134846ms
2026/08/22 10:27:10 INFO serve: request method=GET path=/history status=200 duration=1.813346ms
2026/08/22 10:27:10 INFO serve: request method=GET path=/mod/swarm status=200 duration=25.011038ms
2026/08/22 10:27:10 INFO serve: request method=GET path=/mod/live/history status=200 duration=1.229ms
2026/08/22 10:27:10 INFO serve: request method=GET path=/history status=200 duration=1.659461ms
2026/08/22 10:27:10 INFO serve: request method=GET path=/mod/swarm status=200 duration=16.326846ms
2026/08/22 10:27:11 INFO serve: request method=GET path=/mod/live/history status=200 duration=1.278116ms
2026/08/22 10:27:11 INFO serve: request method=GET path=/history status=200 duration=1.711307ms
2026/08/22 10:27:11 INFO serve: request method=GET path=/mod/swarm status=200 duration=12.466038ms
2026/08/22 10:27:12 INFO serve: request method=GET path=/mod/tasks status=200 duration=101.167807ms
2026/08/22 10:27:12 INFO serve: request method=GET path=/mod/live/history status=200 duration=1.511885ms
2026/08/22 10:27:12 INFO serve: request method=GET path=/history status=200 duration=1.702269ms
2026/08/22 10:27:12 INFO serve: request method=GET path=/mod/swarm status=200 duration=16.849616ms
2026/08/22 10:27:13 INFO serve: request method=GET path=/mod/live/history status=200 duration=1.412769ms
2026/08/22 10:27:13 INFO serve: request method=GET path=/history status=200 duration=1.607962ms
2026/08/22 10:27:13 INFO serve: request method=GET path=/mod/swarm status=200 duration=13.848193ms
2026/08/22 10:27:14 INFO serve: request method=GET path=/mod/live/history status=200 duration=1.752ms
2026/08/22 10:27:14 INFO serve: request method=GET path=/history status=200 duration=1.965846ms
2026/08/22 10:27:14 INFO serve: request method=GET path=/mod/swarm status=200 duration=22.421731ms
2026/08/22 10:27:15 INFO serve: request method=GET path=/mod/live/history status=200 duration=1.528731ms
2026/08/22 10:27:15 INFO serve: request method=GET path=/history status=200 duration=2.292577ms
2026/08/22 10:27:15 INFO serve: request method=GET path=/mod/swarm status=200 duration=20.828923ms
2026/08/22 10:27:16 INFO serve: request method=GET path=/mod/live/history status=200 duration=1.975077ms
2026/08/22 10:27:16 INFO serve: request method=GET path=/history status=200 duration=2.095269ms
2026/08/22 10:27:16 INFO serve: request method=GET path=/mod/swarm status=200 duration=20.965962ms
2026/08/22 10:27:17 INFO serve: request method=GET path=/mod/live/history status=200 duration=1.427039ms
2026/08/22 10:27:17 INFO serve: request method=GET path=/history status=200 duration=3.221ms
2026/08/22 10:27:17 INFO serve: request method=GET path=/mod/swarm status=200 duration=26.211231ms
2026/08/22 10:27:18 INFO serve: request method=GET path=/mod/live/history status=200 duration=1.578ms
2026/08/22 10:27:18 INFO serve: request method=GET path=/history status=200 duration=2.602885ms
2026/08/22 10:27:18 INFO serve: request method=GET path=/mod/swarm status=200 duration=16.892423ms
2026/08/22 10:27:19 INFO serve: request method=GET path=/mod/live/history status=200 duration=2.031ms
2026/08/22 10:27:19 INFO serve: request method=GET path=/history status=200 duration=2.812692ms
2026/08/22 10:27:19 INFO serve: request method=GET path=/mod/swarm status=200 duration=17.4665ms
2026/08/22 10:27:19 INFO serve: request method=GET path=/mod/live/history status=200 duration=1.663192ms
2026/08/22 10:27:19 INFO serve: request method=GET path=/history status=200 duration=1.8985ms
2026/08/22 10:27:19 INFO serve: request method=GET path=/mod/swarm status=200 duration=21.963269ms
2026/08/22 10:27:20 INFO serve: request method=GET path=/mod/live/history status=200 duration=2.065ms
2026/08/22 10:27:20 INFO serve: request method=GET path=/history status=200 duration=2.097847ms
2026/08/22 10:27:20 INFO serve: request method=GET path=/mod/swarm status=200 duration=26.58077ms
2026/08/22 10:27:21 INFO serve: request method=GET path=/mod/live/history status=200 duration=2.302653ms
2026/08/22 10:27:21 INFO serve: request method=GET path=/history status=200 duration=1.711846ms
2026/08/22 10:27:21 INFO serve: request method=GET path=/mod/swarm status=200 duration=20.008846ms
2026/08/22 10:27:22 INFO serve: request method=GET path=/mod/live/history status=200 duration=1.551116ms
2026/08/22 10:27:22 INFO serve: request method=GET path=/history status=200 duration=2.082962ms
2026/08/22 10:27:22 INFO serve: request method=GET path=/mod/swarm status=200 duration=21.612ms
2026/08/22 10:27:23 INFO serve: request method=GET path=/mod/live/history status=200 duration=1.853807ms
2026/08/22 10:27:23 INFO serve: request method=GET path=/history status=200 duration=2.4115ms
2026/08/22 10:27:23 INFO serve: request method=GET path=/mod/swarm status=200 duration=19.760462ms
2026/08/22 10:27:24 INFO serve: request method=GET path=/mod/live/history status=200 duration=1.875538ms
2026/08/22 10:27:24 INFO serve: request method=GET path=/history status=200 duration=2.122654ms
2026/08/22 10:27:24 INFO serve: request method=GET path=/mod/swarm status=200 duration=26.233384ms
2026/08/22 10:27:25 INFO serve: request method=GET path=/mod/live/history status=200 duration=2.185962ms
2026/08/22 10:27:25 INFO serve: request method=GET path=/history status=200 duration=2.145962ms
2026/08/22 10:27:25 INFO serve: request method=GET path=/mod/swarm status=200 duration=24.1765ms
2026/08/22 10:27:26 INFO serve: request method=GET path=/mod/live/history status=200 duration=2.210077ms
2026/08/22 10:27:26 INFO serve: request method=GET path=/history status=200 duration=2.039154ms
2026/08/22 10:27:26 INFO serve: request method=GET path=/mod/swarm status=200 duration=20.2085ms
2026/08/22 10:27:27 INFO serve: request method=GET path=/mod/live/history status=200 duration=2.083769ms
2026/08/22 10:27:27 INFO serve: request method=GET path=/history status=200 duration=2.354693ms
2026/08/22 10:27:27 INFO serve: request method=GET path=/mod/swarm status=200 duration=21.552615ms
2026/08/22 10:27:28 INFO serve: request method=GET path=/mod/live/history status=200 duration=1.861115ms
2026/08/22 10:27:28 INFO serve: request method=GET path=/history status=200 duration=2.079ms
2026/08/22 10:27:28 INFO serve: request method=GET path=/mod/swarm status=200 duration=21.329615ms
2026/08/22 10:27:28 INFO serve: request method=GET path=/mod/live/history status=200 duration=1.600346ms
2026/08/22 10:27:28 INFO serve: request method=GET path=/history status=200 duration=1.569308ms
2026/08/22 10:27:28 INFO serve: request method=GET path=/mod/swarm status=200 duration=19.888769ms
2026/08/22 10:27:29 INFO serve: request method=GET path=/mod/live/history status=200 duration=1.875038ms
2026/08/22 10:27:29 INFO serve: request method=GET path=/history status=200 duration=2.449269ms
2026/08/22 10:27:29 INFO serve: request method=GET path=/mod/swarm status=200 duration=26.297692ms
2026/08/22 10:27:30 INFO serve: request method=GET path=/mod/live/history status=200 duration=2.059885ms
2026/08/22 10:27:30 INFO serve: request method=GET path=/history status=200 duration=11.3075ms
2026/08/22 10:27:30 INFO serve: request method=GET path=/mod/swarm status=200 duration=45.014923ms
2026/08/22 10:27:31 INFO serve: request method=GET path=/mod/live/history status=200 duration=2.168885ms
2026/08/22 10:27:31 INFO serve: request method=GET path=/history status=200 duration=1.660846ms
2026/08/22 10:27:31 INFO serve: request method=GET path=/mod/swarm status=200 duration=18.4085ms
2026/08/22 10:27:32 INFO serve: request method=GET path=/mod/live/history status=200 duration=2.123423ms
2026/08/22 10:27:32 INFO serve: request method=GET path=/history status=200 duration=2.271923ms
2026/08/22 10:27:32 INFO serve: request method=GET path=/mod/swarm status=200 duration=22.159577ms
2026/08/22 10:27:33 INFO serve: request method=GET path=/mod/live/history status=200 duration=1.560538ms
2026/08/22 10:27:33 INFO serve: request method=GET path=/history status=200 duration=1.86127ms
2026/08/22 10:27:33 INFO serve: request method=GET path=/mod/swarm status=200 duration=18.164846ms
2026/08/22 10:27:34 INFO serve: request method=GET path=/mod/live/history status=200 duration=2.338808ms
2026/08/22 10:27:34 INFO serve: request method=GET path=/history status=200 duration=2.007038ms
2026/08/22 10:27:34 INFO serve: request method=GET path=/mod/swarm status=200 duration=24.7785ms
2026/08/22 10:27:35 INFO serve: request method=GET path=/mod/live/history status=200 duration=2.09623ms
2026/08/22 10:27:35 INFO serve: request method=GET path=/history status=200 duration=2.223462ms
2026/08/22 10:27:35 INFO serve: request method=GET path=/mod/swarm status=200 duration=25.199962ms
2026/08/22 10:27:36 INFO serve: request method=GET path=/mod/live/history status=200 duration=2.676384ms
2026/08/22 10:27:36 INFO serve: request method=GET path=/history status=200 duration=2.188077ms
2026/08/22 10:27:36 INFO serve: request method=GET path=/mod/swarm status=200 duration=21.317654ms
2026/08/22 10:27:37 INFO serve: request method=GET path=/mod/live/history status=200 duration=1.682384ms
2026/08/22 10:27:37 INFO serve: request method=GET path=/history status=200 duration=1.996ms
2026/08/22 10:27:37 INFO serve: request method=GET path=/mod/swarm status=200 duration=21.926461ms
2026/08/22 10:27:37 INFO serve: request method=GET path=/mod/live/history status=200 duration=1.647962ms
2026/08/22 10:27:37 INFO serve: request method=GET path=/history status=200 duration=2.542577ms
2026/08/22 10:27:37 INFO serve: request method=GET path=/mod/swarm status=200 duration=23.236384ms
2026/08/22 10:27:38 INFO serve: request method=GET path=/mod/live/history status=200 duration=2.023385ms
2026/08/22 10:27:38 INFO serve: request method=GET path=/history status=200 duration=2.525307ms
2026/08/22 10:27:38 INFO serve: request method=GET path=/mod/swarm status=200 duration=23.845077ms
2026/08/22 10:27:39 INFO serve: request method=GET path=/mod/live/history status=200 duration=2.036308ms
2026/08/22 10:27:39 INFO serve: request method=GET path=/history status=200 duration=2.658115ms
2026/08/22 10:27:39 INFO serve: request method=GET path=/mod/swarm status=200 duration=22.892116ms
2026/08/22 10:27:40 INFO serve: request method=GET path=/mod/live/history status=200 duration=1.996961ms
2026/08/22 10:27:40 INFO serve: request method=GET path=/history status=200 duration=1.708308ms
2026/08/22 10:27:40 INFO serve: request method=GET path=/mod/swarm status=200 duration=18.856154ms
2026/08/22 10:27:41 INFO serve: request method=GET path=/mod/live/history status=200 duration=2.378808ms
2026/08/22 10:27:41 INFO serve: request method=GET path=/history status=200 duration=3.071962ms
2026/08/22 10:27:41 INFO serve: request method=GET path=/mod/swarm status=200 duration=24.635731ms
2026/08/22 10:27:42 INFO serve: request method=GET path=/mod/live/history status=200 duration=1.756615ms
2026/08/22 10:27:42 INFO serve: request method=GET path=/history status=200 duration=2.297039ms
2026/08/22 10:27:42 INFO serve: request method=GET path=/mod/swarm status=200 duration=28.053231ms
2026/08/22 10:27:43 INFO serve: request method=GET path=/mod/live/history status=200 duration=1.876423ms
2026/08/22 10:27:43 INFO serve: request method=GET path=/history status=200 duration=1.849654ms
2026/08/22 10:27:43 INFO serve: request method=GET path=/mod/swarm status=200 duration=19.010692ms
2026/08/22 10:27:44 INFO serve: request method=GET path=/mod/live/history status=200 duration=1.761346ms
2026/08/22 10:27:44 INFO serve: request method=GET path=/history status=200 duration=2.078077ms
2026/08/22 10:27:44 INFO serve: request method=GET path=/mod/swarm status=200 duration=17.867961ms
2026/08/22 10:27:45 INFO serve: request method=GET path=/mod/live/history status=200 duration=1.851154ms
2026/08/22 10:27:45 INFO serve: request method=GET path=/history status=200 duration=2.335461ms
2026/08/22 10:27:45 INFO serve: request method=GET path=/mod/swarm status=200 duration=23.502731ms
2026/08/22 10:27:46 INFO serve: request method=GET path=/mod/live/history status=200 duration=2.355462ms
2026/08/22 10:27:46 INFO serve: request method=GET path=/history status=200 duration=2.020193ms
2026/08/22 10:27:46 INFO serve: request method=GET path=/mod/swarm status=200 duration=21.451423ms
2026/08/22 10:27:46 INFO serve: request method=GET path=/mod/live/history status=200 duration=1.819577ms
2026/08/22 10:27:46 INFO serve: request method=GET path=/history status=200 duration=2.342961ms
2026/08/22 10:27:46 INFO serve: request method=GET path=/mod/swarm status=200 duration=22.324269ms
2026/08/22 10:27:50 INFO serve: request method=GET path=/mod/live/history status=200 duration=726.231µs
2026/08/22 10:27:50 INFO serve: request method=GET path=/history status=200 duration=3.101269ms
2026/08/22 10:27:51 INFO serve: request method=GET path=/mod/live/history status=200 duration=1.399ms
2026/08/22 10:27:51 INFO serve: request method=GET path=/history status=200 duration=1.815692ms
2026/08/22 10:27:51 INFO serve: request method=GET path=/mod/swarm status=200 duration=17.754692ms
2026/08/22 10:27:51 INFO serve: shutting down gracefully
reasonix serve — deepseek-v4-flash on http://127.0.0.1:37067
  auth: token
  share: http://127.0.0.1:37067/ (token in /root/.reasonix-mobile-v1/serve.token)
2026/08/22 10:27:56 INFO serve: request method=POST path=/auth/token status=204 duration=202.231µs
2026/08/22 10:27:56 INFO serve: request method=GET path=/mod/status status=200 duration=7.984693ms
2026/08/22 10:27:56 INFO serve: request method=GET path=/mod/live/history status=200 duration=392µs
2026/08/22 10:27:56 INFO serve: request method=GET path=/mod/swarm status=200 duration=19.779962ms
2026/08/22 10:27:56 INFO serve: request method=GET path=/mod/live/history status=200 duration=232.692µs
2026/08/22 10:27:56 INFO serve: request method=GET path=/mod/swarm status=200 duration=19.938423ms
2026/08/22 10:27:57 INFO serve: request method=GET path=/mod/recovery status=200 duration=225.962µs
2026/08/22 10:27:57 INFO serve: request method=POST path=/tool-approval-mode status=204 duration=723.154µs
2026/08/22 10:27:57 INFO serve: request method=POST path=/mod/app/task/start status=202 duration=9.866115ms
2026/08/22 10:27:57 INFO serve: request method=GET path=/mod/live/history status=200 duration=165.461µs
  balance: $1.62
2026/08/22 10:27:58 INFO serve: request method=GET path=/mod/live/history status=200 duration=268.615µs
2026/08/22 10:27:58 INFO serve: request method=GET path=/mod/swarm status=200 duration=29.335307ms
2026/08/22 10:27:59 INFO serve: request method=GET path=/mod/live/history status=200 duration=387.615µs
2026/08/22 10:27:59 INFO serve: request method=GET path=/mod/swarm status=200 duration=15.945115ms
2026/08/22 10:28:00 INFO serve: request method=GET path=/mod/live/history status=200 duration=846.116µs
2026/08/22 10:28:00 INFO serve: request method=GET path=/mod/swarm status=200 duration=21.464808ms
2026/08/22 10:28:01 INFO serve: request method=GET path=/mod/live/history status=200 duration=526.615µs
2026/08/22 10:28:01 INFO serve: request method=GET path=/mod/swarm status=200 duration=20.398308ms
2026/08/22 10:28:02 INFO serve: request method=GET path=/mod/live/history status=200 duration=535.616µs
2026/08/22 10:28:02 INFO serve: request method=GET path=/mod/swarm status=200 duration=23.338731ms
2026/08/22 10:28:02 INFO serve: request method=GET path=/mod/live/history status=200 duration=997.115µs
2026/08/22 10:28:02 INFO serve: request method=GET path=/mod/swarm status=200 duration=23.883923ms
2026/08/22 10:28:03 INFO serve: request method=GET path=/mod/live/history status=200 duration=843.039µs
2026/08/22 10:28:03 INFO serve: request method=GET path=/mod/swarm status=200 duration=28.265846ms
2026/08/22 10:28:04 INFO serve: request method=GET path=/mod/live/history status=200 duration=454µs
2026/08/22 10:28:04 INFO serve: request method=GET path=/mod/swarm status=200 duration=27.3545ms
2026/08/22 10:28:05 INFO serve: request method=GET path=/mod/live/history status=200 duration=578.654µs
2026/08/22 10:28:05 INFO serve: request method=GET path=/mod/swarm status=200 duration=26.331846ms
2026/08/22 10:28:06 INFO serve: request method=GET path=/mod/live/history status=200 duration=1.336ms
2026/08/22 10:28:06 INFO serve: request method=GET path=/mod/swarm status=200 duration=20.616192ms
2026/08/22 10:28:07 INFO serve: request method=GET path=/mod/live/history status=200 duration=359.577µs
2026/08/22 10:28:07 INFO serve: request method=GET path=/mod/swarm status=200 duration=17.568461ms
2026/08/22 10:28:08 INFO serve: request method=GET path=/mod/live/history status=200 duration=670.961µs
2026/08/22 10:28:08 INFO serve: request method=GET path=/mod/swarm status=200 duration=31.659923ms
2026/08/22 10:28:09 INFO serve: request method=GET path=/mod/live/history status=200 duration=819.462µs
2026/08/22 10:28:09 INFO serve: request method=GET path=/mod/swarm status=200 duration=40.428769ms
2026/08/22 10:28:10 INFO serve: request method=GET path=/mod/live/history status=200 duration=781.846µs
2026/08/22 10:28:10 INFO serve: request method=GET path=/mod/swarm status=200 duration=22.705539ms
2026/08/22 10:28:11 INFO serve: request method=GET path=/mod/live/history status=200 duration=782.538µs
2026/08/22 10:28:11 INFO serve: request method=GET path=/mod/swarm status=200 duration=24.826039ms
2026/08/22 10:28:11 INFO serve: request method=GET path=/mod/live/history status=200 duration=344.192µs
2026/08/22 10:28:11 INFO serve: request method=GET path=/mod/swarm status=200 duration=20.520961ms
2026/08/22 10:28:12 INFO serve: request method=GET path=/mod/live/history status=200 duration=2.042577ms
2026/08/22 10:28:12 INFO serve: request method=GET path=/mod/swarm status=200 duration=22.002885ms
2026/08/22 10:28:13 INFO serve: request method=GET path=/mod/live/history status=200 duration=405.577µs
2026/08/22 10:28:13 INFO serve: request method=GET path=/mod/swarm status=200 duration=19.016692ms
2026/08/22 10:28:14 INFO serve: request method=GET path=/mod/live/history status=200 duration=413.577µs
2026/08/22 10:28:14 INFO serve: request method=GET path=/mod/swarm status=200 duration=25.263576ms
2026/08/22 10:28:15 INFO serve: request method=GET path=/mod/live/history status=200 duration=780.308µs
2026/08/22 10:28:15 INFO serve: request method=GET path=/mod/swarm status=200 duration=21.161115ms
2026/08/22 10:28:16 INFO serve: request method=GET path=/mod/live/history status=200 duration=909.154µs
2026/08/22 10:28:16 INFO serve: request method=GET path=/mod/swarm status=200 duration=29.7645ms
2026/08/22 10:28:17 INFO serve: request method=GET path=/mod/live/history status=200 duration=488.308µs
2026/08/22 10:28:17 INFO serve: request method=GET path=/mod/swarm status=200 duration=26.223077ms
2026/08/22 10:28:18 INFO serve: request method=GET path=/mod/live/history status=200 duration=844.846µs
2026/08/22 10:28:18 INFO serve: request method=GET path=/mod/swarm status=200 duration=24.917615ms
2026/08/22 10:28:19 INFO serve: request method=GET path=/mod/live/history status=200 duration=416.962µs
2026/08/22 10:28:19 INFO serve: request method=GET path=/mod/swarm status=200 duration=25.149039ms
2026/08/22 10:28:20 INFO serve: request method=GET path=/mod/live/history status=200 duration=1.079384ms
2026/08/22 10:28:20 INFO serve: request method=GET path=/history status=200 duration=2.025846ms
2026/08/22 10:28:20 INFO serve: request method=GET path=/mod/swarm status=200 duration=18.060808ms
2026/08/22 10:28:20 INFO serve: request method=GET path=/mod/tasks status=200 duration=76.439423ms
2026/08/22 10:28:20 INFO serve: request method=GET path=/mod/live/history status=200 duration=1.0425ms
2026/08/22 10:28:20 INFO serve: request method=GET path=/history status=200 duration=2.320039ms
2026/08/22 10:28:20 INFO serve: request method=GET path=/mod/swarm status=200 duration=18.115692ms
2026/08/22 10:28:21 INFO serve: request method=GET path=/mod/live/history status=200 duration=1.422269ms
2026/08/22 10:28:21 INFO serve: request method=GET path=/history status=200 duration=2.065808ms
2026/08/22 10:28:21 INFO serve: request method=GET path=/mod/swarm status=200 duration=22.641615ms
2026/08/22 10:28:22 INFO serve: request method=GET path=/mod/live/history status=200 duration=905µs
2026/08/22 10:28:22 INFO serve: request method=GET path=/history status=200 duration=1.340193ms
2026/08/22 10:28:22 INFO serve: request method=GET path=/mod/swarm status=200 duration=18.492539ms
2026/08/22 10:28:23 INFO serve: request method=GET path=/mod/live/history status=200 duration=701.885µs
2026/08/22 10:28:23 INFO serve: request method=GET path=/history status=200 duration=1.414154ms
2026/08/22 10:28:23 INFO serve: request method=GET path=/mod/swarm status=200 duration=29.925616ms
2026/08/22 10:28:24 INFO serve: request method=GET path=/mod/live/history status=200 duration=1.020577ms
2026/08/22 10:28:24 INFO serve: request method=GET path=/history status=200 duration=1.937385ms
2026/08/22 10:28:24 INFO serve: request method=GET path=/mod/swarm status=200 duration=23.060769ms
2026/08/22 10:28:25 INFO serve: request method=GET path=/mod/live/history status=200 duration=973.308µs
2026/08/22 10:28:25 INFO serve: request method=GET path=/history status=200 duration=1.624038ms
2026/08/22 10:28:25 INFO serve: request method=GET path=/mod/swarm status=200 duration=16.232ms
2026/08/22 10:28:26 INFO serve: request method=GET path=/mod/live/history status=200 duration=744.115µs
2026/08/22 10:28:26 INFO serve: request method=GET path=/history status=200 duration=1.292884ms
2026/08/22 10:28:26 INFO serve: request method=GET path=/mod/swarm status=200 duration=16.709884ms
2026/08/22 10:28:27 INFO serve: request method=GET path=/mod/live/history status=200 duration=683.961µs
2026/08/22 10:28:27 INFO serve: request method=GET path=/history status=200 duration=1.820423ms
2026/08/22 10:28:27 INFO serve: request method=GET path=/mod/swarm status=200 duration=15.312808ms
2026/08/22 10:28:28 INFO serve: request method=GET path=/mod/live/history status=200 duration=852.115µs
2026/08/22 10:28:28 INFO serve: request method=GET path=/history status=200 duration=1.990308ms
2026/08/22 10:28:28 INFO serve: request method=GET path=/mod/swarm status=200 duration=18.2395ms
2026/08/22 10:28:29 INFO serve: request method=GET path=/mod/live/history status=200 duration=692.154µs
2026/08/22 10:28:29 INFO serve: request method=GET path=/history status=200 duration=1.395923ms
2026/08/22 10:28:29 INFO serve: request method=GET path=/mod/swarm status=200 duration=14.188154ms
2026/08/22 10:28:29 INFO serve: request method=GET path=/mod/live/history status=200 duration=723.231µs
2026/08/22 10:28:29 INFO serve: request method=GET path=/history status=200 duration=1.738462ms
2026/08/22 10:28:29 INFO serve: request method=GET path=/mod/swarm status=200 duration=20.519846ms
2026/08/22 10:28:30 INFO serve: request method=GET path=/mod/live/history status=200 duration=743.077µs
2026/08/22 10:28:30 INFO serve: request method=GET path=/history status=200 duration=1.508654ms
2026/08/22 10:28:30 INFO serve: request method=GET path=/mod/swarm status=200 duration=20.492923ms
2026/08/22 10:28:31 INFO serve: request method=GET path=/mod/recovery status=200 duration=5.243423ms
2026/08/22 10:28:31 INFO serve: request method=POST path=/tool-approval-mode status=204 duration=173.847µs
2026/08/22 10:28:31 INFO serve: request method=POST path=/mod/app/task/start status=202 duration=6.820385ms
2026/08/22 10:28:31 INFO serve: request method=GET path=/mod/live/history status=200 duration=690.192µs
2026/08/22 10:28:31 INFO serve: request method=GET path=/history status=200 duration=1.802692ms
2026/08/22 10:28:32 INFO serve: request method=GET path=/mod/live/history status=200 duration=1.043423ms
2026/08/22 10:28:32 INFO serve: request method=GET path=/history status=200 duration=1.105192ms
2026/08/22 10:28:32 INFO serve: request method=GET path=/mod/swarm status=200 duration=19.056692ms
2026/08/22 10:28:33 INFO serve: request method=GET path=/mod/live/history status=200 duration=1.435539ms
2026/08/22 10:28:33 INFO serve: request method=GET path=/history status=200 duration=1.785231ms
2026/08/22 10:28:33 INFO serve: request method=GET path=/mod/swarm status=200 duration=18.684885ms
2026/08/22 10:28:34 INFO serve: request method=GET path=/mod/live/history status=200 duration=1.147615ms
2026/08/22 10:28:34 INFO serve: request method=GET path=/history status=200 duration=2.42ms
2026/08/22 10:28:34 INFO serve: request method=GET path=/mod/swarm status=200 duration=25.0365ms
2026/08/22 10:28:35 INFO serve: request method=GET path=/mod/live/history status=200 duration=1.857962ms
2026/08/22 10:28:35 INFO serve: request method=GET path=/history status=200 duration=2.114539ms
2026/08/22 10:28:35 INFO serve: request method=GET path=/mod/swarm status=200 duration=25.169885ms
2026/08/22 10:28:36 INFO serve: request method=GET path=/mod/live/history status=200 duration=799.231µs
2026/08/22 10:28:36 INFO serve: request method=GET path=/history status=200 duration=1.335462ms
2026/08/22 10:28:36 INFO serve: request method=GET path=/mod/swarm status=200 duration=21.722884ms
2026/08/22 10:28:37 INFO serve: request method=GET path=/mod/live/history status=200 duration=902.231µs
2026/08/22 10:28:37 INFO serve: request method=GET path=/history status=200 duration=1.617846ms
2026/08/22 10:28:37 INFO serve: request method=GET path=/mod/swarm status=200 duration=21.911885ms
2026/08/22 10:28:38 INFO serve: request method=GET path=/mod/live/history status=200 duration=1.078846ms
2026/08/22 10:28:38 INFO serve: request method=GET path=/history status=200 duration=1.923385ms
2026/08/22 10:28:38 INFO serve: request method=GET path=/mod/swarm status=200 duration=12.780231ms
2026/08/22 10:28:38 INFO serve: request method=GET path=/mod/tasks status=200 duration=59.568269ms
2026/08/22 10:28:38 INFO serve: request method=GET path=/mod/live/history status=200 duration=1.0275ms
2026/08/22 10:28:38 INFO serve: request method=GET path=/history status=200 duration=4.049923ms
2026/08/22 10:28:38 INFO serve: request method=GET path=/mod/swarm status=200 duration=25.917692ms
2026/08/22 10:28:39 INFO serve: request method=GET path=/mod/live/history status=200 duration=1.282154ms
2026/08/22 10:28:39 INFO serve: request method=GET path=/history status=200 duration=1.932847ms
2026/08/22 10:28:39 INFO serve: request method=GET path=/mod/swarm status=200 duration=21.025923ms
2026/08/22 10:28:40 INFO serve: request method=GET path=/mod/live/history status=200 duration=1.051307ms
2026/08/22 10:28:40 INFO serve: request method=GET path=/history status=200 duration=1.678654ms
2026/08/22 10:28:40 INFO serve: request method=GET path=/mod/swarm status=200 duration=19.145ms
2026/08/22 10:28:41 INFO serve: request method=GET path=/mod/live/history status=200 duration=1.039885ms
2026/08/22 10:28:41 INFO serve: request method=GET path=/history status=200 duration=1.380385ms
2026/08/22 10:28:41 INFO serve: request method=GET path=/mod/swarm status=200 duration=14.400769ms
2026/08/22 10:28:42 INFO serve: request method=GET path=/mod/live/history status=200 duration=1.281923ms
2026/08/22 10:28:42 INFO serve: request method=GET path=/history status=200 duration=2.133808ms
2026/08/22 10:28:42 INFO serve: request method=GET path=/mod/swarm status=200 duration=21.951923ms
2026/08/22 10:28:43 INFO serve: request method=GET path=/mod/live/history status=200 duration=1.657846ms
2026/08/22 10:28:43 INFO serve: request method=GET path=/history status=200 duration=2.396269ms
2026/08/22 10:28:43 INFO serve: request method=GET path=/mod/swarm status=200 duration=20.757423ms
2026/08/22 10:28:44 INFO serve: request method=GET path=/mod/live/history status=200 duration=970µs
2026/08/22 10:28:44 INFO serve: request method=GET path=/history status=200 duration=1.618346ms
2026/08/22 10:28:44 INFO serve: request method=GET path=/mod/swarm status=200 duration=21.895038ms
2026/08/22 10:28:45 INFO serve: request method=GET path=/mod/live/history status=200 duration=980.038µs
2026/08/22 10:28:45 INFO serve: request method=GET path=/history status=200 duration=2.243ms
2026/08/22 10:28:45 INFO serve: request method=GET path=/mod/swarm status=200 duration=20.627769ms
2026/08/22 10:28:46 INFO serve: request method=GET path=/mod/live/history status=200 duration=952.769µs
2026/08/22 10:28:46 INFO serve: request method=GET path=/history status=200 duration=1.491384ms
2026/08/22 10:28:46 INFO serve: request method=GET path=/mod/swarm status=200 duration=15.460962ms
2026/08/22 10:28:47 INFO serve: request method=GET path=/mod/live/history status=200 duration=1.526462ms
2026/08/22 10:28:47 INFO serve: request method=GET path=/history status=200 duration=1.861115ms
2026/08/22 10:28:47 INFO serve: request method=GET path=/mod/swarm status=200 duration=18.470115ms
2026/08/22 10:28:47 INFO serve: request method=GET path=/mod/live/history status=200 duration=890.885µs
2026/08/22 10:28:47 INFO serve: request method=GET path=/history status=200 duration=1.707539ms
2026/08/22 10:28:47 INFO serve: request method=GET path=/mod/swarm status=200 duration=18.059ms
2026/08/22 10:28:48 INFO serve: request method=GET path=/mod/live/history status=200 duration=982.615µs
2026/08/22 10:28:48 INFO serve: request method=GET path=/history status=200 duration=1.391192ms
2026/08/22 10:28:48 INFO serve: request method=GET path=/mod/swarm status=200 duration=15.476269ms
2026/08/22 10:28:49 INFO serve: request method=GET path=/mod/live/history status=200 duration=921.73µs
2026/08/22 10:28:49 INFO serve: request method=GET path=/history status=200 duration=1.456615ms
2026/08/22 10:28:49 INFO serve: request method=GET path=/mod/swarm status=200 duration=14.971346ms
2026/08/22 10:28:50 INFO serve: request method=GET path=/mod/live/history status=200 duration=1.507462ms
2026/08/22 10:28:50 INFO serve: request method=GET path=/history status=200 duration=1.753808ms
2026/08/22 10:28:50 INFO serve: request method=GET path=/mod/swarm status=200 duration=20.310577ms
2026/08/22 10:28:51 INFO serve: request method=GET path=/mod/live/history status=200 duration=1.065231ms
2026/08/22 10:28:51 INFO serve: request method=GET path=/history status=200 duration=2.014308ms
2026/08/22 10:28:51 INFO serve: request method=GET path=/mod/swarm status=200 duration=26.855731ms
2026/08/22 10:28:52 INFO serve: request method=GET path=/mod/live/history status=200 duration=1.912347ms
2026/08/22 10:28:52 INFO serve: request method=GET path=/history status=200 duration=2.995923ms
2026/08/22 10:28:52 INFO serve: request method=GET path=/mod/swarm status=200 duration=20.234962ms
2026/08/22 10:28:53 INFO serve: request method=GET path=/mod/live/history status=200 duration=3.193231ms
2026/08/22 10:28:53 INFO serve: request method=GET path=/history status=200 duration=2.073615ms
2026/08/22 10:28:53 INFO serve: request method=GET path=/mod/swarm status=200 duration=23.363193ms
2026/08/22 10:28:54 INFO serve: request method=GET path=/mod/live/history status=200 duration=1.048807ms
2026/08/22 10:28:54 INFO serve: request method=GET path=/history status=200 duration=1.64077ms
2026/08/22 10:28:54 INFO serve: request method=GET path=/mod/swarm status=200 duration=16.999423ms
2026/08/22 10:28:55 INFO serve: request method=GET path=/mod/live/history status=200 duration=885.423µs
2026/08/22 10:28:55 INFO serve: request method=GET path=/history status=200 duration=1.806808ms
2026/08/22 10:28:55 INFO serve: request method=GET path=/mod/swarm status=200 duration=16.281346ms
2026/08/22 10:28:56 INFO serve: request method=GET path=/mod/live/history status=200 duration=963.423µs
2026/08/22 10:28:56 INFO serve: request method=GET path=/history status=200 duration=1.761115ms
2026/08/22 10:28:56 INFO serve: request method=GET path=/mod/swarm status=200 duration=17.964923ms
2026/08/22 10:28:56 INFO serve: request method=GET path=/mod/live/history status=200 duration=947.884µs
2026/08/22 10:28:56 INFO serve: request method=GET path=/history status=200 duration=1.541ms
2026/08/22 10:28:56 INFO serve: request method=GET path=/mod/swarm status=200 duration=17.284307ms
2026/08/22 10:28:57 INFO serve: request method=GET path=/mod/live/history status=200 duration=948.808µs
2026/08/22 10:28:57 INFO serve: request method=GET path=/history status=200 duration=1.698846ms
2026/08/22 10:28:57 INFO serve: request method=GET path=/mod/swarm status=200 duration=14.020961ms
2026/08/22 10:28:58 INFO serve: request method=GET path=/mod/live/history status=200 duration=1.290269ms
2026/08/22 10:28:58 INFO serve: request method=GET path=/history status=200 duration=2.031154ms
2026/08/22 10:28:58 INFO serve: request method=GET path=/mod/swarm status=200 duration=20.552962ms
2026/08/22 10:28:59 INFO serve: request method=GET path=/mod/recovery status=200 duration=5.308154ms
2026/08/22 10:28:59 INFO serve: request method=POST path=/tool-approval-mode status=204 duration=391.346µs
2026/08/22 10:28:59 INFO serve: request method=POST path=/mod/app/task/start status=202 duration=8.466346ms
2026/08/22 10:28:59 INFO serve: request method=GET path=/mod/live/history status=200 duration=1.496769ms
2026/08/22 10:28:59 INFO serve: request method=GET path=/history status=200 duration=4.617846ms
2026/08/22 10:29:00 INFO serve: request method=GET path=/mod/live/history status=200 duration=980.808µs
2026/08/22 10:29:00 INFO serve: request method=GET path=/history status=200 duration=827.692µs
2026/08/22 10:29:00 INFO serve: request method=GET path=/mod/swarm status=200 duration=23.699423ms
2026/08/22 10:29:01 INFO serve: request method=GET path=/mod/live/history status=200 duration=1.356308ms
2026/08/22 10:29:01 INFO serve: request method=GET path=/history status=200 duration=1.563962ms
2026/08/22 10:29:01 INFO serve: request method=GET path=/mod/swarm status=200 duration=18.38623ms
2026/08/22 10:29:02 INFO serve: request method=GET path=/mod/live/history status=200 duration=1.372ms
2026/08/22 10:29:02 INFO serve: request method=GET path=/history status=200 duration=2.532577ms
2026/08/22 10:29:02 INFO serve: request method=GET path=/mod/swarm status=200 duration=23.533308ms
2026/08/22 10:29:03 INFO serve: request method=GET path=/mod/live/history status=200 duration=1.68277ms
2026/08/22 10:29:03 INFO serve: request method=GET path=/history status=200 duration=1.862693ms
2026/08/22 10:29:03 INFO serve: request method=GET path=/mod/swarm status=200 duration=28.547538ms
2026/08/22 10:29:03 INFO serve: request method=GET path=/mod/live/history status=200 duration=1.366462ms
2026/08/22 10:29:04 INFO serve: request method=GET path=/history status=200 duration=2.546808ms
2026/08/22 10:29:04 INFO serve: request method=GET path=/mod/swarm status=200 duration=24.080385ms
2026/08/22 10:29:04 INFO serve: request method=GET path=/mod/live/history status=200 duration=2.528923ms
2026/08/22 10:29:04 INFO serve: request method=GET path=/history status=200 duration=1.576961ms
2026/08/22 10:29:04 INFO serve: request method=GET path=/mod/swarm status=200 duration=29.056961ms
2026/08/22 10:29:05 INFO serve: request method=GET path=/mod/live/history status=200 duration=1.858884ms
2026/08/22 10:29:05 INFO serve: request method=GET path=/history status=200 duration=2.587654ms
2026/08/22 10:29:05 INFO serve: request method=GET path=/mod/swarm status=200 duration=23.7885ms
2026/08/22 10:29:06 INFO serve: request method=GET path=/mod/live/history status=200 duration=1.289384ms
2026/08/22 10:29:06 INFO serve: request method=GET path=/history status=200 duration=2.222385ms
2026/08/22 10:29:06 INFO serve: request method=GET path=/mod/swarm status=200 duration=24.405654ms
2026/08/22 10:29:07 INFO serve: request method=GET path=/mod/live/history status=200 duration=1.714307ms
2026/08/22 10:29:07 INFO serve: request method=GET path=/history status=200 duration=2.358923ms
2026/08/22 10:29:07 INFO serve: request method=GET path=/mod/swarm status=200 duration=22.702654ms
2026/08/22 10:29:08 INFO serve: request method=GET path=/mod/live/history status=200 duration=2.403615ms
2026/08/22 10:29:08 INFO serve: request method=GET path=/history status=200 duration=1.950385ms
2026/08/22 10:29:08 INFO serve: request method=GET path=/mod/swarm status=200 duration=23.919616ms
2026/08/22 10:29:09 INFO serve: request method=GET path=/mod/live/history status=200 duration=1.287577ms
2026/08/22 10:29:09 INFO serve: request method=GET path=/history status=200 duration=1.944577ms
2026/08/22 10:29:09 INFO serve: request method=GET path=/mod/swarm status=200 duration=23.025885ms
2026/08/22 10:29:10 INFO serve: request method=GET path=/mod/live/history status=200 duration=1.114077ms
2026/08/22 10:29:10 INFO serve: request method=GET path=/history status=200 duration=1.567423ms
2026/08/22 10:29:10 INFO serve: request method=GET path=/mod/swarm status=200 duration=21.591923ms
2026/08/22 10:29:11 INFO serve: request method=GET path=/mod/live/history status=200 duration=1.172462ms
2026/08/22 10:29:11 INFO serve: request method=GET path=/history status=200 duration=1.838269ms
2026/08/22 10:29:11 INFO serve: request method=GET path=/mod/swarm status=200 duration=27.475346ms
2026/08/22 10:29:12 INFO serve: request method=GET path=/mod/live/history status=200 duration=1.376ms
2026/08/22 10:29:12 INFO serve: request method=GET path=/history status=200 duration=1.685115ms
2026/08/22 10:29:12 INFO serve: request method=GET path=/mod/swarm status=200 duration=21.803731ms
2026/08/22 10:29:12 INFO serve: request method=GET path=/mod/live/history status=200 duration=1.749308ms
2026/08/22 10:29:13 INFO serve: request method=GET path=/history status=200 duration=2.251308ms
2026/08/22 10:29:13 INFO serve: request method=GET path=/mod/swarm status=200 duration=25.419308ms
2026/08/22 10:29:13 INFO serve: request method=GET path=/mod/live/history status=200 duration=1.546538ms
2026/08/22 10:29:13 INFO serve: request method=GET path=/history status=200 duration=2.499577ms
2026/08/22 10:29:13 INFO serve: request method=GET path=/mod/swarm status=200 duration=28.935192ms
2026/08/22 10:29:14 INFO serve: request method=GET path=/mod/live/history status=200 duration=1.579538ms
2026/08/22 10:29:14 INFO serve: request method=GET path=/history status=200 duration=2.144192ms
2026/08/22 10:29:14 INFO serve: request method=GET path=/mod/swarm status=200 duration=30.479885ms
2026/08/22 10:29:15 INFO serve: request method=GET path=/mod/live/history status=200 duration=4.428654ms
2026/08/22 10:29:15 INFO serve: request method=GET path=/history status=200 duration=1.663ms
2026/08/22 10:29:15 INFO serve: request method=GET path=/mod/swarm status=200 duration=24.370384ms
2026/08/22 10:29:16 INFO serve: request method=GET path=/mod/live/history status=200 duration=1.869961ms
2026/08/22 10:29:16 INFO serve: request method=GET path=/history status=200 duration=2.417731ms
2026/08/22 10:29:16 INFO serve: request method=GET path=/mod/swarm status=200 duration=17.830807ms
2026/08/22 10:29:17 INFO serve: request method=GET path=/mod/live/history status=200 duration=3.110038ms
2026/08/22 10:29:17 INFO serve: request method=GET path=/history status=200 duration=2.258808ms
2026/08/22 10:29:17 INFO serve: request method=GET path=/mod/swarm status=200 duration=21.307116ms
2026/08/22 10:29:17 INFO serve: request method=GET path=/mod/tasks status=200 duration=87.987423ms
2026/08/22 10:29:18 INFO serve: request method=GET path=/mod/live/history status=200 duration=2.369577ms
2026/08/22 10:29:18 INFO serve: request method=GET path=/history status=200 duration=2.03223ms
2026/08/22 10:29:18 INFO serve: request method=GET path=/mod/swarm status=200 duration=17.328461ms
2026/08/22 10:29:19 INFO serve: request method=GET path=/mod/live/history status=200 duration=1.879846ms
2026/08/22 10:29:19 INFO serve: request method=GET path=/history status=200 duration=1.463846ms
2026/08/22 10:29:19 INFO serve: request method=GET path=/mod/swarm status=200 duration=15.879615ms
2026/08/22 10:29:20 INFO serve: request method=GET path=/mod/live/history status=200 duration=2.007192ms
2026/08/22 10:29:20 INFO serve: request method=GET path=/history status=200 duration=6.22773ms
2026/08/22 10:29:20 INFO serve: request method=GET path=/mod/swarm status=200 duration=35.106231ms
2026/08/22 10:29:21 INFO serve: request method=GET path=/mod/live/history status=200 duration=1.354115ms
2026/08/22 10:29:21 INFO serve: request method=GET path=/history status=200 duration=1.985769ms
2026/08/22 10:29:21 INFO serve: request method=GET path=/mod/swarm status=200 duration=25.1585ms
2026/08/22 10:29:21 INFO serve: request method=GET path=/mod/live/history status=200 duration=2.541692ms
2026/08/22 10:29:22 INFO serve: request method=GET path=/history status=200 duration=2.2915ms
2026/08/22 10:29:22 INFO serve: request method=GET path=/mod/swarm status=200 duration=19.553423ms
2026/08/22 10:29:22 INFO serve: request method=GET path=/mod/live/history status=200 duration=2.534462ms
2026/08/22 10:29:22 INFO serve: request method=GET path=/history status=200 duration=1.946231ms
2026/08/22 10:29:22 INFO serve: request method=GET path=/mod/swarm status=200 duration=17.432231ms
2026/08/22 10:29:23 INFO serve: request method=GET path=/mod/live/history status=200 duration=2.699808ms
2026/08/22 10:29:23 INFO serve: request method=GET path=/history status=200 duration=2.96477ms
2026/08/22 10:29:23 INFO serve: request method=GET path=/mod/swarm status=200 duration=20.702615ms
2026/08/22 10:29:24 INFO serve: request method=GET path=/mod/live/history status=200 duration=2.235577ms
2026/08/22 10:29:24 INFO serve: request method=GET path=/history status=200 duration=1.876308ms
2026/08/22 10:29:24 INFO serve: request method=GET path=/mod/swarm status=200 duration=15.528884ms
2026/08/22 10:29:25 INFO serve: request method=GET path=/mod/live/history status=200 duration=2.221615ms
2026/08/22 10:29:25 INFO serve: request method=GET path=/history status=200 duration=1.900769ms
2026/08/22 10:29:25 INFO serve: request method=GET path=/mod/swarm status=200 duration=15.540885ms
2026/08/22 10:29:26 INFO serve: request method=GET path=/mod/live/history status=200 duration=2.372962ms
2026/08/22 10:29:26 INFO serve: request method=GET path=/history status=200 duration=2.277346ms
2026/08/22 10:29:26 INFO serve: request method=GET path=/mod/swarm status=200 duration=16.634769ms
2026/08/22 10:29:27 INFO serve: request method=GET path=/mod/live/history status=200 duration=2.775538ms
2026/08/22 10:29:27 INFO serve: request method=GET path=/history status=200 duration=2.353693ms
2026/08/22 10:29:27 INFO serve: request method=GET path=/mod/swarm status=200 duration=20.022ms
2026/08/22 10:29:28 INFO serve: request method=GET path=/mod/live/history status=200 duration=3.223308ms
2026/08/22 10:29:28 INFO serve: request method=GET path=/history status=200 duration=2.482077ms
2026/08/22 10:29:28 INFO serve: request method=GET path=/mod/swarm status=200 duration=21.484615ms
2026/08/22 10:29:29 INFO serve: request method=GET path=/mod/live/history status=200 duration=2.166077ms
2026/08/22 10:29:29 INFO serve: request method=GET path=/history status=200 duration=2.080692ms
2026/08/22 10:29:29 INFO serve: request method=GET path=/mod/swarm status=200 duration=20.811693ms
2026/08/22 10:29:30 INFO serve: request method=GET path=/mod/live/history status=200 duration=2.693231ms
2026/08/22 10:29:30 INFO serve: request method=GET path=/history status=200 duration=1.619039ms
2026/08/22 10:29:30 INFO serve: request method=GET path=/mod/swarm status=200 duration=16.046731ms
2026/08/22 10:29:30 INFO serve: request method=GET path=/mod/live/history status=200 duration=2.079308ms
2026/08/22 10:29:31 INFO serve: request method=GET path=/history status=200 duration=1.75277ms
2026/08/22 10:29:31 INFO serve: request method=GET path=/mod/swarm status=200 duration=17.411154ms
2026/08/22 10:29:31 INFO serve: request method=GET path=/mod/live/history status=200 duration=2.038039ms
2026/08/22 10:29:31 INFO serve: request method=GET path=/history status=200 duration=1.914ms
2026/08/22 10:29:31 INFO serve: request method=GET path=/mod/swarm status=200 duration=16.787153ms
2026/08/22 10:29:32 INFO serve: request method=GET path=/mod/live/history status=200 duration=2.490116ms
2026/08/22 10:29:32 INFO serve: request method=GET path=/history status=200 duration=2.477539ms
2026/08/22 10:29:32 INFO serve: request method=GET path=/mod/swarm status=200 duration=22.378808ms
2026/08/22 10:29:33 INFO serve: request method=GET path=/mod/live/history status=200 duration=2.605769ms
2026/08/22 10:29:33 INFO serve: request method=GET path=/history status=200 duration=2.517346ms
2026/08/22 10:29:33 INFO serve: request method=GET path=/mod/swarm status=200 duration=18.234385ms
2026/08/22 10:29:34 INFO serve: request method=GET path=/mod/live/history status=200 duration=2.182346ms
2026/08/22 10:29:34 INFO serve: request method=GET path=/history status=200 duration=2.251269ms
2026/08/22 10:29:34 INFO serve: request method=GET path=/mod/swarm status=200 duration=21.386038ms
2026/08/22 10:29:35 INFO serve: request method=GET path=/mod/live/history status=200 duration=2.426577ms
2026/08/22 10:29:35 INFO serve: request method=GET path=/history status=200 duration=2.998807ms
2026/08/22 10:29:35 INFO serve: request method=GET path=/mod/swarm status=200 duration=19.030308ms
2026/08/22 10:29:36 INFO serve: request method=GET path=/mod/live/history status=200 duration=2.085692ms
2026/08/22 10:29:36 INFO serve: request method=GET path=/history status=200 duration=1.874307ms
2026/08/22 10:29:36 INFO serve: request method=GET path=/mod/swarm status=200 duration=14.994461ms
2026/08/22 10:29:37 INFO serve: request method=GET path=/mod/live/history status=200 duration=3.012654ms
2026/08/22 10:29:37 INFO serve: request method=GET path=/history status=200 duration=1.723808ms
2026/08/22 10:29:37 INFO serve: request method=GET path=/mod/swarm status=200 duration=32.144769ms
2026/08/22 10:29:38 INFO serve: request method=GET path=/mod/live/history status=200 duration=3.376462ms
2026/08/22 10:29:38 INFO serve: request method=GET path=/history status=200 duration=2.34373ms
2026/08/22 10:29:38 INFO serve: request method=GET path=/mod/swarm status=200 duration=19.946346ms
2026/08/22 10:29:39 INFO serve: request method=GET path=/mod/live/history status=200 duration=3.166654ms
2026/08/22 10:29:39 INFO serve: request method=GET path=/history status=200 duration=2.247192ms
2026/08/22 10:29:39 INFO serve: request method=GET path=/mod/swarm status=200 duration=20.547961ms
2026/08/22 10:29:39 INFO serve: request method=GET path=/mod/live/history status=200 duration=2.874039ms
2026/08/22 10:29:40 INFO serve: request method=GET path=/history status=200 duration=1.938769ms
2026/08/22 10:29:40 INFO serve: request method=GET path=/mod/swarm status=200 duration=22.40577ms
2026/08/22 10:29:40 INFO serve: request method=GET path=/mod/live/history status=200 duration=2.387616ms
2026/08/22 10:29:40 INFO serve: request method=GET path=/history status=200 duration=2.077423ms
2026/08/22 10:29:40 INFO serve: request method=GET path=/mod/swarm status=200 duration=18.091692ms
2026/08/22 10:29:41 INFO serve: request method=GET path=/mod/live/history status=200 duration=2.772616ms
2026/08/22 10:29:41 INFO serve: request method=GET path=/history status=200 duration=1.836384ms
2026/08/22 10:29:41 INFO serve: request method=GET path=/mod/swarm status=200 duration=21.438653ms
2026/08/22 10:29:42 INFO serve: request method=GET path=/mod/live/history status=200 duration=6.140615ms
2026/08/22 10:29:42 INFO serve: request method=GET path=/history status=200 duration=2.034153ms
2026/08/22 10:29:42 INFO serve: request method=GET path=/mod/swarm status=200 duration=27.389769ms
2026/08/22 10:29:43 INFO serve: request method=GET path=/mod/live/history status=200 duration=2.6165ms
2026/08/22 10:29:43 INFO serve: request method=GET path=/history status=200 duration=2.482807ms
2026/08/22 10:29:43 INFO serve: request method=GET path=/mod/swarm status=200 duration=21.859962ms
2026/08/22 10:29:44 INFO serve: request method=GET path=/mod/live/history status=200 duration=1.854769ms
2026/08/22 10:29:44 INFO serve: request method=GET path=/history status=200 duration=1.799923ms
2026/08/22 10:29:44 INFO serve: request method=GET path=/mod/swarm status=200 duration=18.300346ms
2026/08/22 10:29:45 INFO serve: request method=GET path=/mod/live/history status=200 duration=1.955461ms
2026/08/22 10:29:45 INFO serve: request method=GET path=/history status=200 duration=2.028461ms
2026/08/22 10:29:45 INFO serve: request method=GET path=/mod/swarm status=200 duration=20.798692ms
2026/08/22 10:29:46 INFO serve: request method=GET path=/mod/live/history status=200 duration=1.868923ms
2026/08/22 10:29:46 INFO serve: request method=GET path=/history status=200 duration=1.575808ms
2026/08/22 10:29:46 INFO serve: request method=GET path=/mod/swarm status=200 duration=14.1275ms
2026/08/22 10:29:47 INFO serve: request method=GET path=/mod/live/history status=200 duration=2.835116ms
2026/08/22 10:29:47 INFO serve: request method=GET path=/history status=200 duration=2.210269ms
2026/08/22 10:29:47 INFO serve: request method=GET path=/mod/swarm status=200 duration=21.6425ms
2026/08/22 10:29:48 INFO serve: request method=GET path=/mod/live/history status=200 duration=2.030193ms
2026/08/22 10:29:48 INFO serve: request method=GET path=/history status=200 duration=1.820693ms
2026/08/22 10:29:48 INFO serve: request method=GET path=/mod/swarm status=200 duration=14.732231ms
2026/08/22 10:29:48 INFO serve: request method=GET path=/mod/live/history status=200 duration=2.734538ms
2026/08/22 10:29:48 INFO serve: request method=GET path=/history status=200 duration=2.3265ms
2026/08/22 10:29:49 INFO serve: request method=GET path=/mod/swarm status=200 duration=21.024731ms
2026/08/22 10:29:49 INFO serve: request method=GET path=/mod/live/history status=200 duration=1.899307ms
2026/08/22 10:29:49 INFO serve: request method=GET path=/history status=200 duration=1.673616ms
2026/08/22 10:29:49 INFO serve: request method=GET path=/mod/swarm status=200 duration=15.498ms
2026/08/22 10:29:50 INFO serve: request method=GET path=/mod/live/history status=200 duration=2.963461ms
2026/08/22 10:29:50 INFO serve: request method=GET path=/history status=200 duration=1.929385ms
2026/08/22 10:29:50 INFO serve: request method=GET path=/mod/swarm status=200 duration=19.156384ms
2026/08/22 10:29:51 INFO serve: request method=GET path=/mod/live/history status=200 duration=2.000462ms
2026/08/22 10:29:51 INFO serve: request method=GET path=/history status=200 duration=1.553808ms
2026/08/22 10:29:51 INFO serve: request method=GET path=/mod/swarm status=200 duration=16.277115ms
2026/08/22 10:29:52 INFO serve: request method=GET path=/mod/live/history status=200 duration=2.362ms
2026/08/22 10:29:52 INFO serve: request method=GET path=/history status=200 duration=2.162116ms
2026/08/22 10:29:52 INFO serve: request method=GET path=/mod/swarm status=200 duration=37.712154ms
2026/08/22 10:29:53 INFO serve: request method=GET path=/mod/live/history status=200 duration=2.231654ms
2026/08/22 10:29:53 INFO serve: request method=GET path=/history status=200 duration=1.661654ms
2026/08/22 10:29:53 INFO serve: request method=GET path=/mod/swarm status=200 duration=25.11227ms
2026/08/22 10:29:54 INFO serve: request method=GET path=/mod/live/history status=200 duration=2.344961ms
2026/08/22 10:29:54 INFO serve: request method=GET path=/history status=200 duration=6.078615ms
2026/08/22 10:29:54 INFO serve: request method=GET path=/mod/swarm status=200 duration=26.7625ms
2026/08/22 10:29:55 INFO serve: request method=GET path=/mod/recovery status=200 duration=5.912308ms
2026/08/22 10:29:55 INFO serve: request method=POST path=/tool-approval-mode status=204 duration=418.923µs
2026/08/22 10:29:55 INFO serve: request method=POST path=/mod/app/task/start status=202 duration=8.156654ms
2026/08/22 10:29:55 INFO serve: request method=GET path=/mod/live/history status=200 duration=2.235ms
2026/08/22 10:29:55 INFO serve: request method=GET path=/history status=200 duration=2.437885ms
2026/08/22 10:29:56 INFO serve: request method=GET path=/mod/live/history status=200 duration=2.508ms
2026/08/22 10:29:56 INFO serve: request method=GET path=/history status=200 duration=1.860462ms
2026/08/22 10:29:56 INFO serve: request method=GET path=/mod/swarm status=200 duration=23.603807ms
2026/08/22 10:29:57 INFO serve: request method=GET path=/mod/live/history status=200 duration=2.884539ms
2026/08/22 10:29:57 INFO serve: request method=GET path=/history status=200 duration=2.804231ms
2026/08/22 10:29:57 INFO serve: request method=GET path=/mod/swarm status=200 duration=30.755192ms
2026/08/22 10:29:58 INFO serve: request method=GET path=/mod/live/history status=200 duration=3.157461ms
2026/08/22 10:29:58 INFO serve: request method=GET path=/history status=200 duration=1.775769ms
2026/08/22 10:29:58 INFO serve: request method=GET path=/mod/swarm status=200 duration=18.732308ms
2026/08/22 10:29:58 INFO serve: request method=GET path=/mod/live/history status=200 duration=3.608385ms
2026/08/22 10:29:58 INFO serve: request method=GET path=/history status=200 duration=2.295231ms
2026/08/22 10:29:58 INFO serve: request method=GET path=/mod/swarm status=200 duration=22.464615ms
2026/08/22 10:29:59 INFO serve: request method=GET path=/mod/live/history status=200 duration=2.226808ms
2026/08/22 10:29:59 INFO serve: request method=GET path=/history status=200 duration=2.374077ms
2026/08/22 10:29:59 INFO serve: request method=GET path=/mod/swarm status=200 duration=18.421423ms
2026/08/22 10:30:00 INFO serve: request method=GET path=/mod/live/history status=200 duration=2.813846ms
2026/08/22 10:30:00 INFO serve: request method=GET path=/history status=200 duration=1.855769ms
2026/08/22 10:30:00 INFO serve: request method=GET path=/mod/swarm status=200 duration=26.070077ms
2026/08/22 10:30:01 INFO serve: request method=GET path=/mod/live/history status=200 duration=2.49823ms
2026/08/22 10:30:01 INFO serve: request method=GET path=/history status=200 duration=2.375077ms
2026/08/22 10:30:01 INFO serve: request method=GET path=/mod/swarm status=200 duration=31.704577ms
2026/08/22 10:30:01 INFO serve: request method=GET path=/mod/tasks status=200 duration=86.314116ms
2026/08/22 10:30:02 INFO serve: request method=GET path=/mod/live/history status=200 duration=2.87523ms
2026/08/22 10:30:02 INFO serve: request method=GET path=/history status=200 duration=2.478461ms
2026/08/22 10:30:02 INFO serve: request method=GET path=/mod/swarm status=200 duration=21.359731ms
2026/08/22 10:30:03 INFO serve: request method=GET path=/mod/live/history status=200 duration=2.740038ms
2026/08/22 10:30:03 INFO serve: request method=GET path=/history status=200 duration=2.200307ms
2026/08/22 10:30:03 INFO serve: request method=GET path=/mod/swarm status=200 duration=21.208385ms
2026/08/22 10:30:04 INFO serve: request method=GET path=/mod/live/history status=200 duration=3.382616ms
2026/08/22 10:30:04 INFO serve: request method=GET path=/history status=200 duration=2.135961ms
2026/08/22 10:30:04 INFO serve: request method=GET path=/mod/swarm status=200 duration=18.582616ms
2026/08/22 10:30:05 INFO serve: request method=GET path=/mod/live/history status=200 duration=3.105384ms
2026/08/22 10:30:05 INFO serve: request method=GET path=/history status=200 duration=1.772307ms
2026/08/22 10:30:05 INFO serve: request method=GET path=/mod/swarm status=200 duration=19.3145ms
2026/08/22 10:30:06 INFO serve: request method=GET path=/mod/live/history status=200 duration=3.752539ms
2026/08/22 10:30:06 INFO serve: request method=GET path=/history status=200 duration=2.507654ms
2026/08/22 10:30:06 INFO serve: request method=GET path=/mod/swarm status=200 duration=21.026115ms
2026/08/22 10:30:06 INFO serve: request method=GET path=/mod/live/history status=200 duration=2.746039ms
2026/08/22 10:30:07 INFO serve: request method=GET path=/history status=200 duration=2.578961ms
2026/08/22 10:30:07 INFO serve: request method=GET path=/mod/swarm status=200 duration=19.696115ms
2026/08/22 10:30:07 INFO serve: request method=GET path=/mod/live/history status=200 duration=3.511731ms
2026/08/22 10:30:07 INFO serve: request method=GET path=/history status=200 duration=3.09827ms
2026/08/22 10:30:07 INFO serve: request method=GET path=/mod/swarm status=200 duration=26.664731ms
2026/08/22 10:30:08 INFO serve: request method=GET path=/mod/live/history status=200 duration=3.271116ms
2026/08/22 10:30:08 INFO serve: request method=GET path=/history status=200 duration=2.190654ms
2026/08/22 10:30:08 INFO serve: request method=GET path=/mod/swarm status=200 duration=24.231153ms
2026/08/22 10:30:09 INFO serve: request method=GET path=/mod/live/history status=200 duration=7.663231ms
2026/08/22 10:30:09 INFO serve: request method=GET path=/history status=200 duration=2.24973ms
2026/08/22 10:30:09 INFO serve: request method=GET path=/mod/swarm status=200 duration=26.160615ms
2026/08/22 10:30:10 INFO serve: request method=GET path=/mod/live/history status=200 duration=2.919577ms
2026/08/22 10:30:10 INFO serve: request method=GET path=/history status=200 duration=2.302923ms
2026/08/22 10:30:10 INFO serve: request method=GET path=/mod/swarm status=200 duration=26.1995ms
2026/08/22 10:30:11 INFO serve: request method=GET path=/mod/live/history status=200 duration=2.630154ms
2026/08/22 10:30:11 INFO serve: request method=GET path=/history status=200 duration=2.103116ms
2026/08/22 10:30:11 INFO serve: request method=GET path=/mod/swarm status=200 duration=20.182731ms
2026/08/22 10:30:12 INFO serve: request method=GET path=/mod/live/history status=200 duration=2.817269ms
2026/08/22 10:30:12 INFO serve: request method=GET path=/history status=200 duration=2.54ms
2026/08/22 10:30:12 INFO serve: request method=GET path=/mod/swarm status=200 duration=17.544077ms
2026/08/22 10:30:13 INFO serve: request method=GET path=/mod/live/history status=200 duration=3.112731ms
2026/08/22 10:30:13 INFO serve: request method=GET path=/history status=200 duration=3.158846ms
2026/08/22 10:30:13 INFO serve: request method=GET path=/mod/swarm status=200 duration=23.346077ms
2026/08/22 10:30:14 INFO serve: request method=GET path=/mod/live/history status=200 duration=3.26627ms
2026/08/22 10:30:14 INFO serve: request method=GET path=/history status=200 duration=2.015807ms
2026/08/22 10:30:14 INFO serve: request method=GET path=/mod/swarm status=200 duration=16.869961ms
2026/08/22 10:30:15 INFO serve: request method=GET path=/mod/live/history status=200 duration=2.234846ms
2026/08/22 10:30:15 INFO serve: request method=GET path=/history status=200 duration=1.571307ms
2026/08/22 10:30:15 INFO serve: request method=GET path=/mod/swarm status=200 duration=15.175577ms
2026/08/22 10:30:15 INFO serve: request method=GET path=/mod/live/history status=200 duration=2.253346ms
2026/08/22 10:30:15 INFO serve: request method=GET path=/history status=200 duration=1.528885ms
2026/08/22 10:30:15 INFO serve: request method=GET path=/mod/swarm status=200 duration=13.989077ms
2026/08/22 10:30:16 INFO serve: request method=GET path=/mod/live/history status=200 duration=3.260846ms
2026/08/22 10:30:16 INFO serve: request method=GET path=/history status=200 duration=1.595577ms
2026/08/22 10:30:16 INFO serve: request method=GET path=/mod/swarm status=200 duration=16.508192ms
2026/08/22 10:30:17 INFO serve: request method=GET path=/mod/live/history status=200 duration=2.562654ms
2026/08/22 10:30:17 INFO serve: request method=GET path=/history status=200 duration=1.56477ms
2026/08/22 10:30:17 INFO serve: request method=GET path=/mod/swarm status=200 duration=20.098847ms
2026/08/22 10:30:18 INFO serve: request method=GET path=/mod/recovery status=200 duration=15.58273ms
2026/08/22 10:30:18 INFO serve: request method=GET path=/mod/live/history status=200 duration=2.222539ms
2026/08/22 10:30:18 INFO serve: request method=POST path=/tool-approval-mode status=204 duration=1.844115ms
2026/08/22 10:30:18 INFO serve: request method=GET path=/history status=200 duration=1.8235ms
2026/08/22 10:30:18 INFO serve: request method=GET path=/mod/swarm status=200 duration=34.626577ms
2026/08/22 10:30:18 INFO serve: request method=POST path=/mod/app/task/start status=202 duration=15.329693ms
2026/08/22 10:30:18 INFO serve: request method=GET path=/mod/live/history status=200 duration=2.397807ms
2026/08/22 10:30:18 INFO serve: request method=GET path=/history status=200 duration=2.070769ms
2026/08/22 10:30:19 INFO serve: request method=GET path=/mod/live/history status=200 duration=3.822423ms
2026/08/22 10:30:19 INFO serve: request method=GET path=/history status=200 duration=2.131192ms
2026/08/22 10:30:19 INFO serve: request method=GET path=/mod/swarm status=200 duration=16.755384ms
2026/08/22 10:30:20 INFO serve: request method=GET path=/mod/live/history status=200 duration=1.714116ms
2026/08/22 10:30:20 INFO serve: request method=GET path=/history status=200 duration=2.047769ms
2026/08/22 10:30:20 INFO serve: request method=GET path=/mod/swarm status=200 duration=26.028807ms
2026/08/22 10:30:21 INFO serve: request method=GET path=/mod/live/history status=200 duration=3.602077ms
2026/08/22 10:30:21 INFO serve: request method=GET path=/history status=200 duration=3.882077ms
2026/08/22 10:30:21 INFO serve: request method=GET path=/mod/swarm status=200 duration=27.914308ms
2026/08/22 10:30:22 INFO serve: request method=GET path=/mod/live/history status=200 duration=2.706384ms
2026/08/22 10:30:22 INFO serve: request method=GET path=/history status=200 duration=2.038347ms
2026/08/22 10:30:22 INFO serve: request method=GET path=/mod/swarm status=200 duration=16.913462ms
2026/08/22 10:30:23 INFO serve: request method=GET path=/mod/live/history status=200 duration=3.365269ms
2026/08/22 10:30:23 INFO serve: request method=GET path=/history status=200 duration=1.884884ms
2026/08/22 10:30:23 INFO serve: request method=GET path=/mod/swarm status=200 duration=18.137462ms
2026/08/22 10:30:24 INFO serve: request method=GET path=/mod/live/history status=200 duration=4.916077ms
2026/08/22 10:30:24 INFO serve: request method=GET path=/history status=200 duration=2.31423ms
2026/08/22 10:30:24 INFO serve: request method=GET path=/mod/swarm status=200 duration=22.688807ms
2026/08/22 10:30:25 INFO serve: request method=GET path=/mod/live/history status=200 duration=4.955039ms
2026/08/22 10:30:25 INFO serve: request method=GET path=/history status=200 duration=2.615115ms
2026/08/22 10:30:25 INFO serve: request method=GET path=/mod/swarm status=200 duration=25.550154ms
2026/08/22 10:30:26 INFO serve: request method=GET path=/mod/live/history status=200 duration=3.70223ms
2026/08/22 10:30:26 INFO serve: request method=GET path=/history status=200 duration=3.881116ms
2026/08/22 10:30:26 INFO serve: request method=GET path=/mod/swarm status=200 duration=25.308154ms
2026/08/22 10:30:26 INFO serve: request method=GET path=/mod/live/history status=200 duration=2.760423ms
2026/08/22 10:30:26 INFO serve: request method=GET path=/history status=200 duration=1.907038ms
2026/08/22 10:30:26 INFO serve: request method=GET path=/mod/swarm status=200 duration=22.922615ms
2026/08/22 10:30:27 INFO serve: request method=GET path=/mod/live/history status=200 duration=4.1095ms
2026/08/22 10:30:27 INFO serve: request method=GET path=/history status=200 duration=3.301423ms
2026/08/22 10:30:27 INFO serve: request method=GET path=/mod/swarm status=200 duration=28.403346ms
2026/08/22 10:30:28 INFO serve: request method=GET path=/mod/live/history status=200 duration=3.596153ms
2026/08/22 10:30:28 INFO serve: request method=GET path=/history status=200 duration=2.1015ms
2026/08/22 10:30:28 INFO serve: request method=GET path=/mod/swarm status=200 duration=21.728461ms
2026/08/22 10:30:29 INFO serve: request method=GET path=/mod/live/history status=200 duration=4.043923ms
2026/08/22 10:30:29 INFO serve: request method=GET path=/history status=200 duration=1.798847ms
2026/08/22 10:30:29 INFO serve: request method=GET path=/mod/swarm status=200 duration=25.924616ms
2026/08/22 10:30:29 INFO serve: request method=GET path=/mod/tasks status=200 duration=70.670154ms
2026/08/22 10:30:30 INFO serve: request method=GET path=/mod/live/history status=200 duration=2.991384ms
2026/08/22 10:30:30 INFO serve: request method=GET path=/history status=200 duration=1.777269ms
2026/08/22 10:30:30 INFO serve: request method=GET path=/mod/swarm status=200 duration=34.606769ms
2026/08/22 10:30:31 INFO serve: request method=GET path=/mod/live/history status=200 duration=16.028654ms
2026/08/22 10:30:31 INFO serve: request method=GET path=/history status=200 duration=1.777616ms
2026/08/22 10:30:31 INFO serve: request method=GET path=/mod/swarm status=200 duration=48.759616ms
2026/08/22 10:30:32 INFO serve: request method=GET path=/mod/live/history status=200 duration=2.784192ms
2026/08/22 10:30:32 INFO serve: request method=GET path=/history status=200 duration=1.771808ms
2026/08/22 10:30:32 INFO serve: request method=GET path=/mod/swarm status=200 duration=25.133385ms
2026/08/22 10:30:33 INFO serve: request method=GET path=/mod/live/history status=200 duration=3.4775ms
2026/08/22 10:30:33 INFO serve: request method=GET path=/history status=200 duration=2.101423ms
2026/08/22 10:30:33 INFO serve: request method=GET path=/mod/swarm status=200 duration=21.138423ms
2026/08/22 10:30:34 INFO serve: request method=GET path=/mod/live/history status=200 duration=3.407154ms
2026/08/22 10:30:34 INFO serve: request method=GET path=/history status=200 duration=2.226346ms
2026/08/22 10:30:34 INFO serve: request method=GET path=/mod/swarm status=200 duration=18.542039ms
2026/08/22 10:30:35 INFO serve: request method=GET path=/mod/live/history status=200 duration=3.691039ms
2026/08/22 10:30:35 INFO serve: request method=GET path=/history status=200 duration=2.783692ms
2026/08/22 10:30:35 INFO serve: request method=GET path=/mod/swarm status=200 duration=23.714807ms
2026/08/22 10:30:35 INFO serve: request method=GET path=/mod/live/history status=200 duration=3.992077ms
2026/08/22 10:30:35 INFO serve: request method=GET path=/history status=200 duration=2.244385ms
2026/08/22 10:30:35 INFO serve: request method=GET path=/mod/swarm status=200 duration=20.755538ms
2026/08/22 10:30:36 INFO serve: request method=GET path=/mod/live/history status=200 duration=3.286231ms
2026/08/22 10:30:36 INFO serve: request method=GET path=/history status=200 duration=2.077577ms
2026/08/22 10:30:36 INFO serve: request method=GET path=/mod/swarm status=200 duration=22.741615ms
2026/08/22 10:30:37 INFO serve: request method=GET path=/mod/live/history status=200 duration=3.682231ms
2026/08/22 10:30:37 INFO serve: request method=GET path=/history status=200 duration=2.399193ms
2026/08/22 10:30:37 INFO serve: request method=GET path=/mod/swarm status=200 duration=19.915231ms
2026/08/22 10:30:38 INFO serve: request method=GET path=/mod/live/history status=200 duration=3.006192ms
2026/08/22 10:30:38 INFO serve: request method=GET path=/history status=200 duration=1.795039ms
2026/08/22 10:30:38 INFO serve: request method=GET path=/mod/swarm status=200 duration=14.504461ms
2026/08/22 10:30:39 INFO serve: request method=GET path=/mod/live/history status=200 duration=3.667347ms
2026/08/22 10:30:39 INFO serve: request method=GET path=/history status=200 duration=3.084308ms
2026/08/22 10:30:39 INFO serve: request method=GET path=/mod/swarm status=200 duration=28.717116ms
2026/08/22 10:30:40 INFO serve: request method=GET path=/mod/live/history status=200 duration=3.349847ms
2026/08/22 10:30:40 INFO serve: request method=GET path=/history status=200 duration=2.193654ms
2026/08/22 10:30:40 INFO serve: request method=GET path=/mod/swarm status=200 duration=19.500769ms
2026/08/22 10:30:41 INFO serve: request method=GET path=/mod/live/history status=200 duration=2.963039ms
2026/08/22 10:30:41 INFO serve: request method=GET path=/history status=200 duration=1.857115ms
2026/08/22 10:30:41 INFO serve: request method=GET path=/mod/swarm status=200 duration=19.7435ms
2026/08/22 10:30:42 INFO serve: request method=GET path=/mod/live/history status=200 duration=3.238616ms
2026/08/22 10:30:42 INFO serve: request method=GET path=/history status=200 duration=2.667423ms
2026/08/22 10:30:42 INFO serve: request method=GET path=/mod/swarm status=200 duration=20.891308ms
2026/08/22 10:30:43 INFO serve: request method=GET path=/mod/live/history status=200 duration=4.780846ms
2026/08/22 10:30:43 INFO serve: request method=GET path=/history status=200 duration=3.58223ms
2026/08/22 10:30:43 INFO serve: request method=GET path=/mod/swarm status=200 duration=40.533538ms
2026/08/22 10:30:44 INFO serve: request method=GET path=/mod/live/history status=200 duration=4.228038ms
2026/08/22 10:30:44 INFO serve: request method=GET path=/history status=200 duration=2.979231ms
2026/08/22 10:30:44 INFO serve: request method=GET path=/mod/swarm status=200 duration=33.023115ms
2026/08/22 10:30:44 INFO serve: request method=GET path=/mod/live/history status=200 duration=3.758731ms
2026/08/22 10:30:44 INFO serve: request method=GET path=/history status=200 duration=1.766231ms
2026/08/22 10:30:44 INFO serve: request method=GET path=/mod/swarm status=200 duration=22.417154ms
2026/08/22 10:30:45 INFO serve: request method=GET path=/mod/live/history status=200 duration=3.496692ms
2026/08/22 10:30:45 INFO serve: request method=GET path=/history status=200 duration=2.2105ms
2026/08/22 10:30:45 INFO serve: request method=GET path=/mod/swarm status=200 duration=18.381577ms
2026/08/22 10:30:46 INFO serve: request method=GET path=/mod/live/history status=200 duration=3.413116ms
2026/08/22 10:30:46 INFO serve: request method=GET path=/history status=200 duration=2.416346ms
2026/08/22 10:30:46 INFO serve: request method=GET path=/mod/swarm status=200 duration=18.794923ms
2026/08/22 10:30:47 INFO serve: request method=GET path=/mod/live/history status=200 duration=4.360962ms
2026/08/22 10:30:47 INFO serve: request method=GET path=/history status=200 duration=2.56327ms
2026/08/22 10:30:47 INFO serve: request method=GET path=/mod/swarm status=200 duration=23.037192ms
2026/08/22 10:30:48 INFO serve: request method=GET path=/mod/live/history status=200 duration=4.532962ms
2026/08/22 10:30:48 INFO serve: request method=GET path=/history status=200 duration=2.427616ms
2026/08/22 10:30:48 INFO serve: request method=GET path=/mod/swarm status=200 duration=26.498346ms
2026/08/22 10:30:49 INFO serve: request method=GET path=/mod/live/history status=200 duration=3.769423ms
2026/08/22 10:30:49 INFO serve: request method=GET path=/history status=200 duration=2.593308ms
2026/08/22 10:30:49 INFO serve: request method=GET path=/mod/swarm status=200 duration=29.365462ms
2026/08/22 10:30:50 INFO serve: request method=GET path=/mod/live/history status=200 duration=3.986269ms
2026/08/22 10:30:50 INFO serve: request method=GET path=/history status=200 duration=2.137346ms
2026/08/22 10:30:50 INFO serve: request method=GET path=/mod/swarm status=200 duration=20.421076ms
2026/08/22 10:30:51 INFO serve: request method=GET path=/mod/live/history status=200 duration=3.387653ms
2026/08/22 10:30:51 INFO serve: request method=GET path=/history status=200 duration=2.211077ms
2026/08/22 10:30:51 INFO serve: request method=GET path=/mod/swarm status=200 duration=20.117615ms
2026/08/22 10:30:52 INFO serve: request method=GET path=/mod/live/history status=200 duration=3.707115ms
2026/08/22 10:30:52 INFO serve: request method=GET path=/history status=200 duration=2.0775ms
2026/08/22 10:30:52 INFO serve: request method=GET path=/mod/swarm status=200 duration=16.698ms
2026/08/22 10:30:53 INFO serve: request method=GET path=/mod/live/history status=200 duration=4.264616ms
2026/08/22 10:30:53 INFO serve: request method=GET path=/history status=200 duration=2.220077ms
2026/08/22 10:30:53 INFO serve: request method=GET path=/mod/swarm status=200 duration=26.345385ms
2026/08/22 10:30:53 INFO serve: request method=GET path=/mod/live/history status=200 duration=3.8915ms
2026/08/22 10:30:53 INFO serve: request method=GET path=/history status=200 duration=2.152154ms
2026/08/22 10:30:53 INFO serve: request method=GET path=/mod/swarm status=200 duration=24.091269ms
2026/08/22 10:30:54 INFO serve: request method=GET path=/mod/live/history status=200 duration=3.358077ms
2026/08/22 10:30:54 INFO serve: request method=GET path=/history status=200 duration=2.858269ms
2026/08/22 10:30:54 INFO serve: request method=GET path=/mod/swarm status=200 duration=22.134423ms
2026/08/22 10:30:55 INFO serve: request method=GET path=/mod/live/history status=200 duration=3.231462ms
2026/08/22 10:30:55 INFO serve: request method=GET path=/history status=200 duration=2.500731ms
2026/08/22 10:30:55 INFO serve: request method=GET path=/mod/swarm status=200 duration=19.128193ms
2026/08/22 10:30:56 INFO serve: request method=GET path=/mod/live/history status=200 duration=4.146731ms
2026/08/22 10:30:56 INFO serve: request method=GET path=/history status=200 duration=2.073539ms
2026/08/22 10:30:56 INFO serve: request method=GET path=/mod/swarm status=200 duration=20.350269ms
2026/08/22 10:30:57 INFO serve: request method=GET path=/mod/live/history status=200 duration=6.070423ms
2026/08/22 10:30:57 INFO serve: request method=GET path=/history status=200 duration=2.053693ms
2026/08/22 10:30:57 INFO serve: request method=GET path=/mod/swarm status=200 duration=27.102307ms
2026/08/22 10:30:58 INFO serve: request method=GET path=/mod/live/history status=200 duration=3.929923ms
2026/08/22 10:30:58 INFO serve: request method=GET path=/history status=200 duration=2.736539ms
2026/08/22 10:30:58 INFO serve: request method=GET path=/mod/swarm status=200 duration=18.149077ms
2026/08/22 10:30:59 INFO serve: request method=GET path=/mod/live/history status=200 duration=3.588654ms
2026/08/22 10:30:59 INFO serve: request method=GET path=/history status=200 duration=2.205346ms
2026/08/22 10:30:59 INFO serve: request method=GET path=/mod/swarm status=200 duration=19.117731ms
2026/08/22 10:31:00 INFO serve: request method=GET path=/mod/live/history status=200 duration=3.545615ms
2026/08/22 10:31:00 INFO serve: request method=GET path=/history status=200 duration=3.491731ms
2026/08/22 10:31:00 INFO serve: request method=GET path=/mod/swarm status=200 duration=21.210193ms
2026/08/22 10:31:01 INFO serve: request method=GET path=/mod/live/history status=200 duration=4.540423ms
2026/08/22 10:31:01 INFO serve: request method=GET path=/history status=200 duration=2.1095ms
2026/08/22 10:31:01 INFO serve: request method=GET path=/mod/swarm status=200 duration=22.343423ms
2026/08/22 10:31:02 INFO serve: request method=GET path=/mod/live/history status=200 duration=3.128346ms
2026/08/22 10:31:02 INFO serve: request method=GET path=/history status=200 duration=2.253731ms
2026/08/22 10:31:02 INFO serve: request method=GET path=/mod/swarm status=200 duration=22.522385ms
2026/08/22 10:31:02 INFO serve: request method=GET path=/mod/live/history status=200 duration=4.074423ms
2026/08/22 10:31:02 INFO serve: request method=GET path=/history status=200 duration=2.345038ms
2026/08/22 10:31:02 INFO serve: request method=GET path=/mod/swarm status=200 duration=22.548192ms
2026/08/22 10:31:03 INFO serve: request method=GET path=/mod/live/history status=200 duration=4.804846ms
2026/08/22 10:31:03 INFO serve: request method=GET path=/history status=200 duration=2.857808ms
2026/08/22 10:31:03 INFO serve: request method=GET path=/mod/swarm status=200 duration=23.575307ms
2026/08/22 10:31:04 INFO serve: request method=GET path=/mod/live/history status=200 duration=3.471847ms
2026/08/22 10:31:04 INFO serve: request method=GET path=/history status=200 duration=2.356ms
2026/08/22 10:31:04 INFO serve: request method=GET path=/mod/swarm status=200 duration=18.075924ms
2026/08/22 10:31:05 INFO serve: request method=GET path=/mod/live/history status=200 duration=3.564038ms
2026/08/22 10:31:05 INFO serve: request method=GET path=/history status=200 duration=1.804731ms
2026/08/22 10:31:05 INFO serve: request method=GET path=/mod/swarm status=200 duration=16.771154ms
2026/08/22 10:31:06 INFO serve: request method=GET path=/mod/live/history status=200 duration=3.900577ms
2026/08/22 10:31:06 INFO serve: request method=GET path=/history status=200 duration=2.954385ms
2026/08/22 10:31:06 INFO serve: request method=GET path=/mod/swarm status=200 duration=21.471923ms
2026/08/22 10:31:07 INFO serve: request method=GET path=/mod/live/history status=200 duration=3.516154ms
2026/08/22 10:31:07 INFO serve: request method=GET path=/history status=200 duration=2.108693ms
2026/08/22 10:31:07 INFO serve: request method=GET path=/mod/swarm status=200 duration=20.73973ms
2026/08/22 10:31:08 INFO serve: request method=GET path=/mod/live/history status=200 duration=3.824462ms
2026/08/22 10:31:08 INFO serve: request method=GET path=/history status=200 duration=2.140193ms
2026/08/22 10:31:08 INFO serve: request method=GET path=/mod/swarm status=200 duration=29.180654ms
2026/08/22 10:31:09 INFO serve: request method=GET path=/mod/live/history status=200 duration=9.439077ms
2026/08/22 10:31:09 INFO serve: request method=GET path=/history status=200 duration=2.427769ms
2026/08/22 10:31:09 INFO serve: request method=GET path=/mod/swarm status=200 duration=28.836692ms
2026/08/22 10:31:10 INFO serve: request method=GET path=/mod/live/history status=200 duration=3.483577ms
2026/08/22 10:31:10 INFO serve: request method=GET path=/history status=200 duration=2.381077ms
2026/08/22 10:31:10 INFO serve: request method=GET path=/mod/swarm status=200 duration=21.461538ms
2026/08/22 10:31:11 INFO serve: request method=GET path=/mod/live/history status=200 duration=3.340077ms
2026/08/22 10:31:11 INFO serve: request method=GET path=/history status=200 duration=2.624654ms
2026/08/22 10:31:11 INFO serve: request method=GET path=/mod/swarm status=200 duration=23.4735ms
2026/08/22 10:31:11 INFO serve: request method=GET path=/mod/live/history status=200 duration=3.742769ms
2026/08/22 10:31:11 INFO serve: request method=GET path=/history status=200 duration=2.615115ms
2026/08/22 10:31:11 INFO serve: request method=GET path=/mod/swarm status=200 duration=19.113577ms
2026/08/22 10:31:12 INFO serve: request method=GET path=/mod/live/history status=200 duration=3.901885ms
2026/08/22 10:31:12 INFO serve: request method=GET path=/history status=200 duration=2.563846ms
2026/08/22 10:31:12 INFO serve: request method=GET path=/mod/swarm status=200 duration=28.990308ms
2026/08/22 10:31:13 INFO serve: request method=GET path=/mod/live/history status=200 duration=3.829461ms
2026/08/22 10:31:13 INFO serve: request method=GET path=/history status=200 duration=2.111308ms
2026/08/22 10:31:13 INFO serve: request method=GET path=/mod/swarm status=200 duration=22.590193ms
2026/08/22 10:31:32 INFO serve: request method=GET path=/mod/live/history status=200 duration=2.97873ms
2026/08/22 10:31:32 INFO serve: request method=GET path=/history status=200 duration=2.867692ms
2026/08/22 10:31:33 INFO serve: request method=GET path=/mod/live/history status=200 duration=3.295577ms
2026/08/22 10:31:33 INFO serve: request method=GET path=/history status=200 duration=2.435346ms
2026/08/22 10:31:33 INFO serve: request method=GET path=/mod/swarm status=200 duration=21.065538ms
2026/08/22 10:31:34 INFO serve: request method=GET path=/mod/live/history status=200 duration=2.858808ms
2026/08/22 10:31:34 INFO serve: request method=GET path=/history status=200 duration=2.385ms
2026/08/22 10:31:34 INFO serve: request method=GET path=/mod/swarm status=200 duration=29.760615ms
2026/08/22 10:31:35 INFO serve: request method=GET path=/mod/live/history status=200 duration=6.145807ms
2026/08/22 10:31:35 INFO serve: request method=GET path=/history status=200 duration=2.068231ms
2026/08/22 10:31:35 INFO serve: request method=GET path=/mod/swarm status=200 duration=48.910423ms
2026/08/22 10:31:36 INFO serve: request method=GET path=/mod/live/history status=200 duration=2.798962ms
2026/08/22 10:31:36 INFO serve: request method=GET path=/history status=200 duration=1.85927ms
2026/08/22 10:31:36 INFO serve: request method=GET path=/mod/swarm status=200 duration=15.533769ms
2026/08/22 10:31:37 INFO serve: request method=GET path=/mod/live/history status=200 duration=3.622462ms
2026/08/22 10:31:37 INFO serve: request method=GET path=/history status=200 duration=2.06777ms
2026/08/22 10:31:37 INFO serve: request method=GET path=/mod/swarm status=200 duration=17.361461ms
2026/08/22 10:31:38 INFO serve: request method=GET path=/mod/live/history status=200 duration=2.557577ms
2026/08/22 10:31:38 INFO serve: request method=GET path=/history status=200 duration=2.052039ms
2026/08/22 10:31:38 INFO serve: request method=GET path=/mod/swarm status=200 duration=13.881846ms
2026/08/22 10:31:38 INFO serve: request method=GET path=/mod/live/history status=200 duration=2.691423ms
2026/08/22 10:31:38 INFO serve: request method=GET path=/history status=200 duration=1.784846ms
2026/08/22 10:31:38 INFO serve: request method=GET path=/mod/swarm status=200 duration=18.75427ms
2026/08/22 10:31:39 INFO serve: request method=GET path=/mod/live/history status=200 duration=2.679654ms
2026/08/22 10:31:39 INFO serve: request method=GET path=/history status=200 duration=1.711115ms
2026/08/22 10:31:39 INFO serve: request method=GET path=/mod/swarm status=200 duration=13.391923ms
2026/08/22 10:31:40 INFO serve: request method=GET path=/mod/live/history status=200 duration=2.702ms
2026/08/22 10:31:40 INFO serve: request method=GET path=/history status=200 duration=1.561115ms
2026/08/22 10:31:40 INFO serve: request method=GET path=/mod/swarm status=200 duration=12.56723ms
2026/08/22 10:31:41 INFO serve: request method=GET path=/mod/live/history status=200 duration=3.521616ms
2026/08/22 10:31:41 INFO serve: request method=GET path=/history status=200 duration=2.422116ms
2026/08/22 10:31:41 INFO serve: request method=GET path=/mod/swarm status=200 duration=20.811385ms
2026/08/22 10:31:42 INFO serve: request method=GET path=/mod/live/history status=200 duration=2.735423ms
2026/08/22 10:31:42 INFO serve: request method=GET path=/history status=200 duration=1.710269ms
2026/08/22 10:31:42 INFO serve: request method=GET path=/mod/swarm status=200 duration=17.403654ms
2026/08/22 10:31:43 INFO serve: request method=GET path=/mod/live/history status=200 duration=3.973116ms
2026/08/22 10:31:43 INFO serve: request method=GET path=/history status=200 duration=2.790346ms
2026/08/22 10:31:43 INFO serve: request method=GET path=/mod/swarm status=200 duration=22.675ms
2026/08/22 10:31:44 INFO serve: request method=GET path=/mod/live/history status=200 duration=2.710884ms
2026/08/22 10:31:44 INFO serve: request method=GET path=/history status=200 duration=3.592039ms
2026/08/22 10:31:44 INFO serve: request method=GET path=/mod/swarm status=200 duration=21.038577ms
2026/08/22 10:31:45 INFO serve: request method=GET path=/mod/live/history status=200 duration=2.617461ms
2026/08/22 10:31:45 INFO serve: request method=GET path=/history status=200 duration=1.783577ms
2026/08/22 10:31:45 INFO serve: request method=GET path=/mod/swarm status=200 duration=18.498962ms
2026/08/22 10:31:46 INFO serve: request method=GET path=/mod/live/history status=200 duration=2.627961ms
2026/08/22 10:31:46 INFO serve: request method=GET path=/history status=200 duration=2.171077ms
2026/08/22 10:31:46 INFO serve: request method=GET path=/mod/swarm status=200 duration=16.613423ms
2026/08/22 10:31:47 INFO serve: request method=GET path=/mod/live/history status=200 duration=3.510077ms
2026/08/22 10:31:47 INFO serve: request method=GET path=/history status=200 duration=2.252423ms
2026/08/22 10:31:47 INFO serve: request method=GET path=/mod/swarm status=200 duration=25.915499ms
2026/08/22 10:31:47 INFO serve: request method=GET path=/mod/live/history status=200 duration=3.676039ms
2026/08/22 10:31:47 INFO serve: request method=GET path=/history status=200 duration=1.902769ms
2026/08/22 10:31:47 INFO serve: request method=GET path=/mod/swarm status=200 duration=19.615462ms
2026/08/22 10:31:48 INFO serve: request method=GET path=/mod/live/history status=200 duration=2.623385ms
2026/08/22 10:31:48 INFO serve: request method=GET path=/history status=200 duration=2.065615ms
2026/08/22 10:31:48 INFO serve: request method=GET path=/mod/swarm status=200 duration=16.105693ms
2026/08/22 10:31:49 INFO serve: request method=GET path=/mod/live/history status=200 duration=2.690384ms
2026/08/22 10:31:49 INFO serve: request method=GET path=/history status=200 duration=1.8255ms
2026/08/22 10:31:49 INFO serve: request method=GET path=/mod/swarm status=200 duration=15.238039ms
2026/08/22 10:31:50 INFO serve: request method=GET path=/mod/live/history status=200 duration=4.102654ms
2026/08/22 10:31:50 INFO serve: request method=GET path=/history status=200 duration=2.364538ms
2026/08/22 10:31:50 INFO serve: request method=GET path=/mod/swarm status=200 duration=20.399615ms
2026/08/22 10:31:51 INFO serve: request method=GET path=/mod/live/history status=200 duration=2.698423ms
2026/08/22 10:31:51 INFO serve: request method=GET path=/history status=200 duration=2.070347ms
2026/08/22 10:31:51 INFO serve: request method=GET path=/mod/swarm status=200 duration=16.819846ms
2026/08/22 10:31:52 INFO serve: request method=GET path=/mod/live/history status=200 duration=2.747693ms
2026/08/22 10:31:52 INFO serve: request method=GET path=/history status=200 duration=1.789346ms
2026/08/22 10:31:52 INFO serve: request method=GET path=/mod/swarm status=200 duration=16.343769ms
2026/08/22 10:31:53 INFO serve: request method=GET path=/mod/live/history status=200 duration=2.728269ms
2026/08/22 10:31:53 INFO serve: request method=GET path=/history status=200 duration=1.878615ms
2026/08/22 10:31:53 INFO serve: request method=GET path=/mod/swarm status=200 duration=18.479692ms
2026/08/22 10:31:54 INFO serve: request method=GET path=/mod/live/history status=200 duration=2.709693ms
2026/08/22 10:31:54 INFO serve: request method=GET path=/history status=200 duration=1.621769ms
2026/08/22 10:31:54 INFO serve: request method=GET path=/mod/swarm status=200 duration=11.587692ms
2026/08/22 10:31:55 INFO serve: request method=GET path=/mod/live/history status=200 duration=3.942154ms
2026/08/22 10:31:55 INFO serve: request method=GET path=/history status=200 duration=2.448423ms
2026/08/22 10:31:55 INFO serve: request method=GET path=/mod/swarm status=200 duration=22.481384ms
2026/08/22 10:31:55 INFO serve: request method=GET path=/mod/recovery status=200 duration=5.338923ms
2026/08/22 10:31:55 INFO serve: request method=POST path=/tool-approval-mode status=204 duration=159.654µs
2026/08/22 10:31:55 INFO serve: request method=POST path=/mod/app/task/start status=202 duration=4.684961ms
2026/08/22 10:31:55 INFO serve: request method=GET path=/mod/live/history status=200 duration=3.225308ms
2026/08/22 10:31:55 INFO serve: request method=GET path=/history status=200 duration=2.713423ms
2026/08/22 10:31:56 INFO serve: request method=GET path=/mod/live/history status=200 duration=3.364462ms
2026/08/22 10:31:56 INFO serve: request method=GET path=/history status=200 duration=2.875615ms
2026/08/22 10:31:56 INFO serve: request method=GET path=/mod/swarm status=200 duration=24.651654ms
2026/08/22 10:31:57 INFO serve: request method=GET path=/mod/live/history status=200 duration=3.237384ms
2026/08/22 10:31:57 INFO serve: request method=GET path=/history status=200 duration=2.161192ms
2026/08/22 10:31:57 INFO serve: request method=GET path=/mod/swarm status=200 duration=19.17223ms
2026/08/22 10:31:58 INFO serve: request method=GET path=/mod/live/history status=200 duration=4.117654ms
2026/08/22 10:31:58 INFO serve: request method=GET path=/history status=200 duration=2.135384ms
2026/08/22 10:31:58 INFO serve: request method=GET path=/mod/swarm status=200 duration=22.678462ms
2026/08/22 10:31:59 INFO serve: request method=GET path=/mod/live/history status=200 duration=4.960231ms
2026/08/22 10:31:59 INFO serve: request method=GET path=/history status=200 duration=3.215539ms
2026/08/22 10:31:59 INFO serve: request method=GET path=/mod/swarm status=200 duration=32.647308ms
2026/08/22 10:32:00 INFO serve: request method=GET path=/mod/live/history status=200 duration=8.957808ms
2026/08/22 10:32:00 INFO serve: request method=GET path=/history status=200 duration=2.886576ms
2026/08/22 10:32:00 INFO serve: request method=GET path=/mod/swarm status=200 duration=31.720077ms
2026/08/22 10:32:01 INFO serve: request method=GET path=/mod/live/history status=200 duration=4.624038ms
2026/08/22 10:32:01 INFO serve: request method=GET path=/history status=200 duration=1.798923ms
2026/08/22 10:32:01 INFO serve: request method=GET path=/mod/swarm status=200 duration=18.950808ms
2026/08/22 10:32:02 INFO serve: request method=GET path=/mod/live/history status=200 duration=4.264808ms
2026/08/22 10:32:02 INFO serve: request method=GET path=/history status=200 duration=2.0085ms
2026/08/22 10:32:02 INFO serve: request method=GET path=/mod/swarm status=200 duration=26.534385ms
2026/08/22 10:32:02 INFO serve: request method=GET path=/mod/live/history status=200 duration=4.06873ms
2026/08/22 10:32:02 INFO serve: request method=GET path=/history status=200 duration=2.856461ms
2026/08/22 10:32:02 INFO serve: request method=GET path=/mod/swarm status=200 duration=23.4305ms
2026/08/22 10:32:03 INFO serve: request method=GET path=/mod/tasks status=200 duration=80.595769ms
2026/08/22 10:32:03 INFO serve: request method=GET path=/mod/live/history status=200 duration=4.3885ms
2026/08/22 10:32:03 INFO serve: request method=GET path=/history status=200 duration=2.572538ms
2026/08/22 10:32:03 INFO serve: request method=GET path=/mod/swarm status=200 duration=16.870961ms
2026/08/22 10:32:04 INFO serve: request method=GET path=/mod/live/history status=200 duration=6.36177ms
2026/08/22 10:32:04 INFO serve: request method=GET path=/history status=200 duration=2.426846ms
2026/08/22 10:32:04 INFO serve: request method=GET path=/mod/swarm status=200 duration=20.035346ms
2026/08/22 10:32:05 INFO serve: request method=GET path=/mod/live/history status=200 duration=4.475077ms
2026/08/22 10:32:05 INFO serve: request method=GET path=/history status=200 duration=2.755193ms
2026/08/22 10:32:05 INFO serve: request method=GET path=/mod/swarm status=200 duration=17.059808ms
2026/08/22 10:32:06 INFO serve: request method=GET path=/mod/live/history status=200 duration=4.877462ms
2026/08/22 10:32:06 INFO serve: request method=GET path=/history status=200 duration=2.645077ms
2026/08/22 10:32:06 INFO serve: request method=GET path=/mod/swarm status=200 duration=16.821923ms
2026/08/22 10:32:07 INFO serve: request method=GET path=/mod/live/history status=200 duration=5.757039ms
2026/08/22 10:32:07 INFO serve: request method=GET path=/history status=200 duration=2.665423ms
2026/08/22 10:32:07 INFO serve: request method=GET path=/mod/swarm status=200 duration=27.684462ms
2026/08/22 10:32:08 INFO serve: request method=GET path=/mod/live/history status=200 duration=3.041769ms
2026/08/22 10:32:08 INFO serve: request method=GET path=/history status=200 duration=1.748962ms
2026/08/22 10:32:08 INFO serve: request method=GET path=/mod/swarm status=200 duration=13.446654ms
2026/08/22 10:32:09 INFO serve: request method=GET path=/mod/live/history status=200 duration=3.228615ms
2026/08/22 10:32:09 INFO serve: request method=GET path=/history status=200 duration=1.701231ms
2026/08/22 10:32:09 INFO serve: request method=GET path=/mod/swarm status=200 duration=13.201346ms
2026/08/22 10:32:10 INFO serve: request method=POST path=/rewind status=204 duration=359.392038ms
2026/08/22 10:32:10 INFO serve: request method=GET path=/mod/recovery status=200 duration=173.115µs
2026/08/22 10:32:10 INFO serve: request method=POST path=/tool-approval-mode status=204 duration=132.653µs
2026/08/22 10:32:10 INFO serve: request method=GET path=/mod/live/history status=200 duration=3.199461ms
2026/08/22 10:32:10 INFO serve: request method=GET path=/history status=200 duration=2.348269ms
2026/08/22 10:32:10 INFO serve: request method=GET path=/mod/swarm status=200 duration=26.434153ms
2026/08/22 10:32:10 INFO serve: request method=POST path=/mod/app/task/start status=202 duration=8.5875ms
2026/08/22 10:32:10 INFO serve: request method=GET path=/mod/tasks status=200 duration=70.189346ms
2026/08/22 10:32:11 INFO serve: request method=GET path=/mod/live/history status=200 duration=3.589961ms
2026/08/22 10:32:11 INFO serve: request method=GET path=/history status=200 duration=2.109731ms
2026/08/22 10:32:11 INFO serve: request method=GET path=/mod/swarm status=200 duration=16.800385ms
2026/08/22 10:32:11 INFO serve: request method=GET path=/mod/live/history status=200 duration=14.260577ms
2026/08/22 10:32:11 INFO serve: request method=GET path=/mod/swarm status=200 duration=22.878308ms
2026/08/22 10:32:11 INFO serve: request method=GET path=/history status=200 duration=2.414846ms
2026/08/22 10:32:12 INFO serve: request method=GET path=/mod/live/history status=200 duration=3.127384ms
2026/08/22 10:32:12 INFO serve: request method=GET path=/history status=200 duration=1.9485ms
2026/08/22 10:32:12 INFO serve: request method=GET path=/mod/swarm status=200 duration=24.562808ms
2026/08/22 10:32:13 INFO serve: request method=GET path=/mod/live/history status=200 duration=3.290577ms
2026/08/22 10:32:13 INFO serve: request method=GET path=/history status=200 duration=1.813231ms
2026/08/22 10:32:13 INFO serve: request method=GET path=/mod/swarm status=200 duration=17.439962ms
2026/08/22 10:32:14 INFO serve: request method=GET path=/mod/live/history status=200 duration=8.4935ms
2026/08/22 10:32:14 INFO serve: request method=GET path=/history status=200 duration=3.902423ms
2026/08/22 10:32:14 INFO serve: request method=GET path=/mod/swarm status=200 duration=30.100231ms
2026/08/22 10:32:15 INFO serve: request method=GET path=/mod/live/history status=200 duration=8.624ms
2026/08/22 10:32:15 INFO serve: request method=GET path=/history status=200 duration=2.777577ms
2026/08/22 10:32:15 INFO serve: request method=GET path=/mod/swarm status=200 duration=27.691769ms
2026/08/22 10:32:16 INFO serve: request method=GET path=/mod/live/history status=200 duration=8.399ms
2026/08/22 10:32:16 INFO serve: request method=GET path=/history status=200 duration=6.652616ms
2026/08/22 10:32:16 INFO serve: request method=GET path=/mod/swarm status=200 duration=40.188731ms
2026/08/22 10:32:17 INFO serve: request method=GET path=/mod/live/history status=200 duration=3.177615ms
2026/08/22 10:32:17 INFO serve: request method=GET path=/history status=200 duration=1.685731ms
2026/08/22 10:32:17 INFO serve: request method=GET path=/mod/swarm status=200 duration=23.963731ms
2026/08/22 10:32:18 INFO serve: request method=GET path=/mod/live/history status=200 duration=6.889577ms
2026/08/22 10:32:18 INFO serve: request method=GET path=/history status=200 duration=3.492538ms
2026/08/22 10:32:18 INFO serve: request method=GET path=/mod/swarm status=200 duration=33.097461ms
2026/08/22 10:32:19 INFO serve: request method=GET path=/mod/live/history status=200 duration=3.426731ms
2026/08/22 10:32:19 INFO serve: request method=GET path=/history status=200 duration=2.376115ms
2026/08/22 10:32:19 INFO serve: request method=GET path=/mod/swarm status=200 duration=18.296116ms
2026/08/22 10:32:20 INFO serve: request method=GET path=/mod/live/history status=200 duration=4.259692ms
2026/08/22 10:32:20 INFO serve: request method=GET path=/history status=200 duration=2.954654ms
2026/08/22 10:32:20 INFO serve: request method=GET path=/mod/swarm status=200 duration=26.591116ms
2026/08/22 10:32:20 INFO serve: request method=GET path=/mod/live/history status=200 duration=5.883615ms
2026/08/22 10:32:20 INFO serve: request method=GET path=/history status=200 duration=3.803885ms
2026/08/22 10:32:20 INFO serve: request method=GET path=/mod/swarm status=200 duration=23.890385ms
2026/08/22 10:32:21 INFO serve: request method=GET path=/mod/live/history status=200 duration=3.544308ms
2026/08/22 10:32:21 INFO serve: request method=GET path=/mod/swarm status=200 duration=12.008731ms
2026/08/22 10:32:21 INFO serve: request method=GET path=/history status=200 duration=2.189385ms
2026/08/22 10:32:22 INFO serve: request method=GET path=/mod/live/history status=200 duration=5.008961ms
2026/08/22 10:32:22 INFO serve: request method=GET path=/history status=200 duration=3.453692ms
2026/08/22 10:32:22 INFO serve: request method=GET path=/mod/swarm status=200 duration=23.173077ms
2026/08/22 10:32:23 INFO serve: request method=GET path=/mod/live/history status=200 duration=3.599538ms
2026/08/22 10:32:23 INFO serve: request method=GET path=/history status=200 duration=1.826615ms
2026/08/22 10:32:23 INFO serve: request method=GET path=/mod/swarm status=200 duration=19.73227ms
2026/08/22 10:32:24 INFO serve: request method=GET path=/mod/live/history status=200 duration=4.936384ms
2026/08/22 10:32:24 INFO serve: request method=GET path=/history status=200 duration=1.937461ms
2026/08/22 10:32:24 INFO serve: request method=GET path=/mod/swarm status=200 duration=20.142692ms
2026/08/22 10:32:25 INFO serve: request method=GET path=/mod/recovery status=200 duration=235.846µs
2026/08/22 10:32:25 INFO serve: request method=POST path=/tool-approval-mode status=204 duration=441.616µs
2026/08/22 10:32:25 INFO serve: request method=GET path=/mod/live/history status=200 duration=4.500423ms
2026/08/22 10:32:25 INFO serve: request method=GET path=/history status=200 duration=1.611347ms
2026/08/22 10:32:25 INFO serve: request method=GET path=/mod/swarm status=200 duration=28.136346ms
2026/08/22 10:32:25 INFO serve: request method=POST path=/mod/app/task/start status=202 duration=23.843731ms
2026/08/22 10:32:25 INFO serve: request method=GET path=/mod/live/history status=200 duration=4.413616ms
2026/08/22 10:32:25 INFO serve: request method=GET path=/history status=200 duration=2.112115ms
2026/08/22 10:32:26 INFO serve: request method=GET path=/mod/live/history status=200 duration=9.016231ms
2026/08/22 10:32:26 INFO serve: request method=GET path=/history status=200 duration=2.524231ms
2026/08/22 10:32:26 INFO serve: request method=GET path=/mod/swarm status=200 duration=29.131577ms
2026/08/22 10:32:27 INFO serve: request method=GET path=/mod/live/history status=200 duration=4.272654ms
2026/08/22 10:32:27 INFO serve: request method=GET path=/history status=200 duration=2.545423ms
2026/08/22 10:32:27 INFO serve: request method=GET path=/mod/swarm status=200 duration=17.204307ms
2026/08/22 10:32:28 INFO serve: request method=GET path=/mod/live/history status=200 duration=4.444385ms
2026/08/22 10:32:28 INFO serve: request method=GET path=/history status=200 duration=1.852115ms
2026/08/22 10:32:28 INFO serve: request method=GET path=/mod/swarm status=200 duration=20.4635ms
2026/08/22 10:32:29 INFO serve: request method=GET path=/mod/live/history status=200 duration=6.28077ms
2026/08/22 10:32:29 INFO serve: request method=GET path=/history status=200 duration=2.862731ms
2026/08/22 10:32:29 INFO serve: request method=GET path=/mod/swarm status=200 duration=30.964346ms
2026/08/22 10:32:30 INFO serve: request method=GET path=/mod/live/history status=200 duration=6.311962ms
2026/08/22 10:32:30 INFO serve: request method=GET path=/history status=200 duration=1.982308ms
2026/08/22 10:32:30 INFO serve: request method=GET path=/mod/swarm status=200 duration=25.617577ms
2026/08/22 10:32:30 INFO serve: request method=GET path=/mod/live/history status=200 duration=4.145038ms
2026/08/22 10:32:31 INFO serve: request method=GET path=/history status=200 duration=2.239115ms
2026/08/22 10:32:31 INFO serve: request method=GET path=/mod/swarm status=200 duration=17.473077ms
2026/08/22 10:32:31 INFO serve: request method=GET path=/mod/live/history status=200 duration=5.478885ms
2026/08/22 10:32:31 INFO serve: request method=GET path=/history status=200 duration=1.855808ms
2026/08/22 10:32:31 INFO serve: request method=GET path=/mod/swarm status=200 duration=18.515423ms
2026/08/22 10:32:32 INFO serve: request method=GET path=/mod/live/history status=200 duration=3.802731ms
2026/08/22 10:32:32 INFO serve: request method=GET path=/history status=200 duration=1.677539ms
2026/08/22 10:32:32 INFO serve: request method=GET path=/mod/swarm status=200 duration=20.546462ms
2026/08/22 10:32:32 INFO serve: request method=GET path=/mod/tasks status=200 duration=73.933884ms
2026/08/22 10:32:33 INFO serve: request method=GET path=/mod/live/history status=200 duration=3.898ms
2026/08/22 10:32:33 INFO serve: request method=GET path=/history status=200 duration=1.803692ms
2026/08/22 10:32:33 INFO serve: request method=GET path=/mod/swarm status=200 duration=17.23623ms
2026/08/22 10:32:34 INFO serve: request method=GET path=/mod/live/history status=200 duration=4.2305ms
2026/08/22 10:32:34 INFO serve: request method=GET path=/history status=200 duration=2.342654ms
2026/08/22 10:32:34 INFO serve: request method=GET path=/mod/swarm status=200 duration=17.464538ms
2026/08/22 10:32:35 INFO serve: request method=GET path=/mod/live/history status=200 duration=5.345308ms
2026/08/22 10:32:35 INFO serve: request method=GET path=/history status=200 duration=2.374769ms
2026/08/22 10:32:35 INFO serve: request method=GET path=/mod/swarm status=200 duration=20.856231ms
2026/08/22 10:32:36 INFO serve: request method=GET path=/mod/live/history status=200 duration=6.424192ms
2026/08/22 10:32:36 INFO serve: request method=GET path=/history status=200 duration=2.388731ms
2026/08/22 10:32:36 INFO serve: request method=GET path=/mod/swarm status=200 duration=20.176807ms
2026/08/22 10:32:37 INFO serve: request method=GET path=/mod/live/history status=200 duration=6.844577ms
2026/08/22 10:32:37 INFO serve: request method=GET path=/history status=200 duration=2.232961ms
2026/08/22 10:32:37 INFO serve: request method=GET path=/mod/swarm status=200 duration=22.449384ms
2026/08/22 10:32:38 INFO serve: request method=GET path=/mod/live/history status=200 duration=6.122808ms
2026/08/22 10:32:38 INFO serve: request method=GET path=/history status=200 duration=2.086654ms
2026/08/22 10:32:38 INFO serve: request method=GET path=/mod/swarm status=200 duration=24.0865ms
2026/08/22 10:32:39 INFO serve: request method=GET path=/mod/live/history status=200 duration=14.919769ms
2026/08/22 10:32:39 INFO serve: request method=GET path=/mod/swarm status=200 duration=22.911461ms
2026/08/22 10:32:39 INFO serve: request method=GET path=/history status=200 duration=1.879ms
2026/08/22 10:32:40 INFO serve: request method=GET path=/mod/live/history status=200 duration=6.493539ms
2026/08/22 10:32:40 INFO serve: request method=GET path=/history status=200 duration=2.798346ms
2026/08/22 10:32:40 INFO serve: request method=GET path=/mod/swarm status=200 duration=20.918846ms
2026/08/22 10:32:40 INFO serve: request method=GET path=/mod/live/history status=200 duration=6.469461ms
2026/08/22 10:32:40 INFO serve: request method=GET path=/history status=200 duration=2.686231ms
2026/08/22 10:32:40 INFO serve: request method=GET path=/mod/swarm status=200 duration=23.806999ms
2026/08/22 10:32:41 INFO serve: request method=GET path=/mod/live/history status=200 duration=4.077308ms
2026/08/22 10:32:41 INFO serve: request method=GET path=/history status=200 duration=1.868346ms
2026/08/22 10:32:41 INFO serve: request method=GET path=/mod/swarm status=200 duration=17.474808ms
2026/08/22 10:32:43 INFO serve: request method=GET path=/mod/recovery status=200 duration=337µs
2026/08/22 10:32:43 INFO serve: request method=GET path=/mod/live/history status=200 duration=4.015807ms
2026/08/22 10:32:43 INFO serve: request method=POST path=/tool-approval-mode status=204 duration=164.615µs
2026/08/22 10:32:43 INFO serve: request method=GET path=/history status=200 duration=4.147538ms
2026/08/22 10:32:43 INFO serve: request method=GET path=/mod/swarm status=200 duration=49.069192ms
2026/08/22 10:32:43 INFO serve: request method=POST path=/mod/app/task/start status=202 duration=12.849615ms
2026/08/22 10:32:43 INFO serve: request method=GET path=/mod/live/history status=200 duration=4.023346ms
2026/08/22 10:32:43 INFO serve: request method=GET path=/history status=200 duration=2.274039ms
2026/08/22 10:32:44 INFO serve: request method=GET path=/mod/live/history status=200 duration=4.167461ms
2026/08/22 10:32:44 INFO serve: request method=GET path=/history status=200 duration=2.061577ms
2026/08/22 10:32:44 INFO serve: request method=GET path=/mod/swarm status=200 duration=23.405577ms
2026/08/22 10:32:45 INFO serve: request method=GET path=/mod/live/history status=200 duration=4.214423ms
2026/08/22 10:32:45 INFO serve: request method=GET path=/history status=200 duration=2.053807ms
2026/08/22 10:32:45 INFO serve: request method=GET path=/mod/swarm status=200 duration=18.1915ms
2026/08/22 10:32:46 INFO serve: request method=GET path=/mod/live/history status=200 duration=4.986192ms
2026/08/22 10:32:46 INFO serve: request method=GET path=/history status=200 duration=2.017461ms
2026/08/22 10:32:46 INFO serve: request method=GET path=/mod/swarm status=200 duration=18.258269ms
2026/08/22 10:32:46 INFO serve: request method=GET path=/mod/live/history status=200 duration=6.006846ms
2026/08/22 10:32:46 INFO serve: request method=GET path=/history status=200 duration=2.692192ms
2026/08/22 10:32:46 INFO serve: request method=GET path=/mod/swarm status=200 duration=18.228038ms
2026/08/22 10:32:47 INFO serve: request method=GET path=/mod/live/history status=200 duration=9.05527ms
2026/08/22 10:32:47 INFO serve: request method=GET path=/history status=200 duration=2.784308ms
2026/08/22 10:32:47 INFO serve: request method=GET path=/mod/swarm status=200 duration=28.270731ms
2026/08/22 10:32:48 INFO serve: request method=GET path=/mod/live/history status=200 duration=8.673577ms
2026/08/22 10:32:48 INFO serve: request method=GET path=/mod/swarm status=200 duration=38.374615ms
2026/08/22 10:32:48 INFO serve: request method=GET path=/history status=200 duration=18.485731ms
2026/08/22 10:32:49 INFO serve: request method=GET path=/mod/live/history status=200 duration=9.802076ms
2026/08/22 10:32:49 INFO serve: request method=GET path=/history status=200 duration=3.933423ms
2026/08/22 10:32:49 INFO serve: request method=GET path=/mod/swarm status=200 duration=28.385731ms
2026/08/22 10:32:50 INFO serve: request method=GET path=/mod/live/history status=200 duration=8.813847ms
2026/08/22 10:32:50 INFO serve: request method=GET path=/history status=200 duration=2.962846ms
2026/08/22 10:32:50 INFO serve: request method=GET path=/mod/swarm status=200 duration=26.0295ms
2026/08/22 10:32:51 INFO serve: request method=GET path=/mod/live/history status=200 duration=6.741461ms
2026/08/22 10:32:51 INFO serve: request method=GET path=/history status=200 duration=2.946385ms
2026/08/22 10:32:51 INFO serve: request method=GET path=/mod/swarm status=200 duration=25.945154ms
2026/08/22 10:32:52 INFO serve: request method=GET path=/mod/live/history status=200 duration=4.85277ms
2026/08/22 10:32:52 INFO serve: request method=GET path=/history status=200 duration=2.085423ms
2026/08/22 10:32:52 INFO serve: request method=GET path=/mod/swarm status=200 duration=22.245193ms
2026/08/22 10:32:53 INFO serve: request method=GET path=/mod/live/history status=200 duration=5.203192ms
2026/08/22 10:32:53 INFO serve: request method=GET path=/history status=200 duration=2.232077ms
2026/08/22 10:32:53 INFO serve: request method=GET path=/mod/swarm status=200 duration=21.720846ms
2026/08/22 10:32:54 INFO serve: request method=GET path=/mod/live/history status=200 duration=6.284885ms
2026/08/22 10:32:54 INFO serve: request method=GET path=/history status=200 duration=3.107769ms
2026/08/22 10:32:54 INFO serve: request method=GET path=/mod/swarm status=200 duration=34.917077ms
2026/08/22 10:32:55 INFO serve: request method=GET path=/mod/live/history status=200 duration=4.8555ms
2026/08/22 10:32:55 INFO serve: request method=GET path=/history status=200 duration=2.238885ms
2026/08/22 10:32:55 INFO serve: request method=GET path=/mod/swarm status=200 duration=18.299385ms
2026/08/22 10:32:55 INFO serve: request method=GET path=/mod/tasks status=200 duration=77.222654ms
2026/08/22 10:32:55 INFO serve: request method=GET path=/mod/live/history status=200 duration=5.496769ms
2026/08/22 10:32:55 INFO serve: request method=GET path=/history status=200 duration=2.935808ms
2026/08/22 10:32:55 INFO serve: request method=GET path=/mod/swarm status=200 duration=19.847962ms
2026/08/22 10:32:56 INFO serve: request method=GET path=/mod/live/history status=200 duration=8.224846ms
2026/08/22 10:32:56 INFO serve: request method=GET path=/history status=200 duration=3.120154ms
2026/08/22 10:32:56 INFO serve: request method=GET path=/mod/swarm status=200 duration=26.602192ms
2026/08/22 10:32:57 INFO serve: request method=GET path=/mod/live/history status=200 duration=5.701193ms
2026/08/22 10:32:57 INFO serve: request method=GET path=/history status=200 duration=3.581423ms
2026/08/22 10:32:57 INFO serve: request method=GET path=/mod/swarm status=200 duration=20.889807ms
2026/08/22 10:32:58 INFO serve: request method=GET path=/mod/live/history status=200 duration=4.112269ms
2026/08/22 10:32:58 INFO serve: request method=GET path=/history status=200 duration=2.267846ms
2026/08/22 10:32:58 INFO serve: request method=GET path=/mod/swarm status=200 duration=17.20673ms
2026/08/22 10:32:59 INFO serve: request method=GET path=/mod/live/history status=200 duration=4.044577ms
2026/08/22 10:32:59 INFO serve: request method=GET path=/history status=200 duration=2.287961ms
2026/08/22 10:32:59 INFO serve: request method=GET path=/mod/swarm status=200 duration=25.780154ms
2026/08/22 10:33:00 INFO serve: request method=GET path=/mod/live/history status=200 duration=3.320846ms
2026/08/22 10:33:00 INFO serve: request method=GET path=/history status=200 duration=2.553154ms
2026/08/22 10:33:00 INFO serve: request method=GET path=/mod/swarm status=200 duration=19.187615ms
2026/08/22 10:33:01 INFO serve: request method=GET path=/mod/live/history status=200 duration=4.710385ms
2026/08/22 10:33:01 INFO serve: request method=GET path=/history status=200 duration=2.273616ms
2026/08/22 10:33:01 INFO serve: request method=GET path=/mod/swarm status=200 duration=26.703038ms
2026/08/22 10:33:02 INFO serve: request method=GET path=/mod/live/history status=200 duration=5.964731ms
2026/08/22 10:33:02 INFO serve: request method=GET path=/history status=200 duration=3.39127ms
2026/08/22 10:33:02 INFO serve: request method=GET path=/mod/swarm status=200 duration=26.756038ms
2026/08/22 10:33:03 INFO serve: request method=GET path=/mod/live/history status=200 duration=4.410038ms
2026/08/22 10:33:03 INFO serve: request method=GET path=/history status=200 duration=2.828346ms
2026/08/22 10:33:03 INFO serve: request method=GET path=/mod/swarm status=200 duration=17.512038ms
2026/08/22 10:33:04 INFO serve: request method=GET path=/mod/live/history status=200 duration=4.216462ms
2026/08/22 10:33:04 INFO serve: request method=GET path=/history status=200 duration=2.172693ms
2026/08/22 10:33:04 INFO serve: request method=GET path=/mod/swarm status=200 duration=14.881923ms
2026/08/22 10:33:04 INFO serve: request method=GET path=/mod/live/history status=200 duration=11.794192ms
2026/08/22 10:33:04 INFO serve: request method=GET path=/mod/swarm status=200 duration=19.902154ms
2026/08/22 10:33:04 INFO serve: request method=GET path=/history status=200 duration=2.016193ms
2026/08/22 10:33:05 INFO serve: request method=GET path=/mod/live/history status=200 duration=4.34573ms
2026/08/22 10:33:05 INFO serve: request method=GET path=/history status=200 duration=1.939231ms
2026/08/22 10:33:05 INFO serve: request method=GET path=/mod/swarm status=200 duration=17.699231ms
2026/08/22 10:33:06 INFO serve: request method=GET path=/mod/live/history status=200 duration=6.063884ms
2026/08/22 10:33:06 INFO serve: request method=GET path=/history status=200 duration=2.746346ms
2026/08/22 10:33:06 INFO serve: request method=GET path=/mod/swarm status=200 duration=17.731269ms
2026/08/22 10:33:07 INFO serve: request method=GET path=/mod/live/history status=200 duration=5.599462ms
2026/08/22 10:33:07 INFO serve: request method=GET path=/history status=200 duration=2.732039ms
2026/08/22 10:33:07 INFO serve: request method=GET path=/mod/swarm status=200 duration=28.249577ms
2026/08/22 10:33:08 INFO serve: request method=GET path=/mod/live/history status=200 duration=5.188ms
2026/08/22 10:33:08 INFO serve: request method=GET path=/history status=200 duration=3.865539ms
2026/08/22 10:33:08 INFO serve: request method=GET path=/mod/swarm status=200 duration=22.443539ms
2026/08/22 10:33:09 INFO serve: request method=GET path=/mod/live/history status=200 duration=5.786654ms
2026/08/22 10:33:09 INFO serve: request method=GET path=/history status=200 duration=2.974654ms
2026/08/22 10:33:09 INFO serve: request method=GET path=/mod/swarm status=200 duration=21.924577ms
2026/08/22 10:33:10 INFO serve: request method=GET path=/mod/live/history status=200 duration=4.092462ms
2026/08/22 10:33:10 INFO serve: request method=GET path=/history status=200 duration=2.128192ms
2026/08/22 10:33:10 INFO serve: request method=GET path=/mod/swarm status=200 duration=22.669577ms
2026/08/22 10:33:11 INFO serve: request method=GET path=/mod/live/history status=200 duration=8.258769ms
2026/08/22 10:33:11 INFO serve: request method=GET path=/history status=200 duration=2.239231ms
2026/08/22 10:33:11 INFO serve: request method=GET path=/mod/swarm status=200 duration=23.549615ms
2026/08/22 10:33:12 INFO serve: request method=GET path=/mod/live/history status=200 duration=4.152577ms
2026/08/22 10:33:12 INFO serve: request method=GET path=/history status=200 duration=2.208231ms
2026/08/22 10:33:12 INFO serve: request method=GET path=/mod/swarm status=200 duration=19.536231ms
2026/08/22 10:33:13 INFO serve: request method=GET path=/mod/live/history status=200 duration=4.299346ms
2026/08/22 10:33:13 INFO serve: request method=GET path=/history status=200 duration=2.403ms
2026/08/22 10:33:13 INFO serve: request method=GET path=/mod/swarm status=200 duration=13.571653ms
2026/08/22 10:33:13 INFO serve: request method=GET path=/mod/live/history status=200 duration=5.590693ms
2026/08/22 10:33:13 INFO serve: request method=GET path=/history status=200 duration=2.519115ms
2026/08/22 10:33:13 INFO serve: request method=GET path=/mod/swarm status=200 duration=16.703846ms
2026/08/22 10:33:14 INFO serve: request method=GET path=/mod/live/history status=200 duration=7.158307ms
2026/08/22 10:33:14 INFO serve: request method=GET path=/history status=200 duration=2.710615ms
2026/08/22 10:33:14 INFO serve: request method=GET path=/mod/swarm status=200 duration=23.72373ms
2026/08/22 10:33:15 INFO serve: request method=GET path=/mod/live/history status=200 duration=4.386461ms
2026/08/22 10:33:15 INFO serve: request method=GET path=/history status=200 duration=2.175346ms
2026/08/22 10:33:15 INFO serve: request method=GET path=/mod/swarm status=200 duration=15.476423ms
2026/08/22 10:33:16 INFO serve: request method=GET path=/mod/live/history status=200 duration=4.2095ms
2026/08/22 10:33:16 INFO serve: request method=GET path=/history status=200 duration=2.423ms
2026/08/22 10:33:16 INFO serve: request method=GET path=/mod/swarm status=200 duration=12.327115ms
2026/08/22 10:33:17 INFO serve: request method=GET path=/mod/live/history status=200 duration=4.257115ms
2026/08/22 10:33:17 INFO serve: request method=GET path=/mod/swarm status=200 duration=14.2755ms
2026/08/22 10:33:17 INFO serve: request method=GET path=/history status=200 duration=2.028192ms
2026/08/22 10:33:18 INFO serve: request method=GET path=/mod/recovery status=200 duration=5.381038ms
2026/08/22 10:33:18 INFO serve: request method=POST path=/tool-approval-mode status=204 duration=638.308µs
2026/08/22 10:33:18 INFO serve: request method=POST path=/mod/app/task/start status=202 duration=7.572308ms
2026/08/22 10:33:18 INFO serve: request method=GET path=/mod/live/history status=200 duration=5.75177ms
2026/08/22 10:33:18 INFO serve: request method=GET path=/history status=200 duration=3.084231ms
2026/08/22 10:33:19 INFO serve: request method=GET path=/mod/live/history status=200 duration=4.873846ms
2026/08/22 10:33:19 INFO serve: request method=GET path=/history status=200 duration=2.406538ms
2026/08/22 10:33:19 INFO serve: request method=GET path=/mod/swarm status=200 duration=16.98173ms
2026/08/22 10:33:19 INFO serve: request method=GET path=/mod/live/history status=200 duration=5.868461ms
2026/08/22 10:33:19 INFO serve: request method=GET path=/mod/swarm status=200 duration=18.413346ms
2026/08/22 10:33:19 INFO serve: request method=GET path=/history status=200 duration=3.281077ms
2026/08/22 10:33:20 INFO serve: request method=GET path=/mod/live/history status=200 duration=5.894116ms
2026/08/22 10:33:20 INFO serve: request method=GET path=/history status=200 duration=2.710769ms
2026/08/22 10:33:20 INFO serve: request method=GET path=/mod/swarm status=200 duration=26.622538ms
2026/08/22 10:33:21 INFO serve: request method=GET path=/mod/live/history status=200 duration=6.797462ms
2026/08/22 10:33:21 INFO serve: request method=GET path=/history status=200 duration=2.953038ms
2026/08/22 10:33:21 INFO serve: request method=GET path=/mod/swarm status=200 duration=20.781731ms
2026/08/22 10:33:22 INFO serve: request method=GET path=/mod/live/history status=200 duration=8.428924ms
2026/08/22 10:33:22 INFO serve: request method=GET path=/history status=200 duration=2.674346ms
2026/08/22 10:33:22 INFO serve: request method=GET path=/mod/swarm status=200 duration=19.691961ms
2026/08/22 10:33:23 INFO serve: request method=GET path=/mod/live/history status=200 duration=4.536923ms
2026/08/22 10:33:23 INFO serve: request method=GET path=/history status=200 duration=2.422ms
2026/08/22 10:33:23 INFO serve: request method=GET path=/mod/swarm status=200 duration=17.463692ms
2026/08/22 10:33:24 INFO serve: request method=GET path=/mod/live/history status=200 duration=4.745923ms
2026/08/22 10:33:24 INFO serve: request method=GET path=/history status=200 duration=2.728038ms
2026/08/22 10:33:24 INFO serve: request method=GET path=/mod/swarm status=200 duration=24.837077ms
2026/08/22 10:33:25 INFO serve: request method=GET path=/mod/live/history status=200 duration=4.344423ms
2026/08/22 10:33:25 INFO serve: request method=GET path=/history status=200 duration=2.344423ms
2026/08/22 10:33:25 INFO serve: request method=GET path=/mod/swarm status=200 duration=19.57627ms
2026/08/22 10:33:26 INFO serve: request method=GET path=/mod/live/history status=200 duration=13.322154ms
2026/08/22 10:33:26 INFO serve: request method=GET path=/mod/swarm status=200 duration=25.290808ms
2026/08/22 10:33:26 INFO serve: request method=GET path=/history status=200 duration=2.593692ms
2026/08/22 10:33:27 INFO serve: request method=GET path=/mod/live/history status=200 duration=6.402462ms
2026/08/22 10:33:27 INFO serve: request method=GET path=/history status=200 duration=2.807962ms
2026/08/22 10:33:27 INFO serve: request method=GET path=/mod/swarm status=200 duration=22.327192ms
2026/08/22 10:33:28 INFO serve: request method=GET path=/mod/live/history status=200 duration=4.966384ms
2026/08/22 10:33:28 INFO serve: request method=GET path=/history status=200 duration=2.510846ms
2026/08/22 10:33:28 INFO serve: request method=GET path=/mod/swarm status=200 duration=20.211577ms
2026/08/22 10:33:28 INFO serve: request method=GET path=/mod/tasks status=200 duration=86.572038ms
2026/08/22 10:33:28 INFO serve: request method=GET path=/mod/live/history status=200 duration=6.437231ms
2026/08/22 10:33:28 INFO serve: request method=GET path=/history status=200 duration=2.865077ms
2026/08/22 10:33:28 INFO serve: request method=GET path=/mod/swarm status=200 duration=16.756269ms
2026/08/22 10:33:29 INFO serve: request method=GET path=/mod/live/history status=200 duration=7.833961ms
2026/08/22 10:33:29 INFO serve: request method=GET path=/history status=200 duration=2.210308ms
2026/08/22 10:33:29 INFO serve: request method=GET path=/mod/swarm status=200 duration=17.6275ms
2026/08/22 10:33:30 INFO serve: request method=GET path=/mod/live/history status=200 duration=6.4295ms
2026/08/22 10:33:30 INFO serve: request method=GET path=/history status=200 duration=2.462038ms
2026/08/22 10:33:30 INFO serve: request method=GET path=/mod/swarm status=200 duration=18.951116ms
2026/08/22 10:33:31 INFO serve: request method=GET path=/mod/live/history status=200 duration=16.727885ms
2026/08/22 10:33:31 INFO serve: request method=GET path=/mod/swarm status=200 duration=27.392ms
2026/08/22 10:33:31 INFO serve: request method=GET path=/history status=200 duration=3.762269ms
2026/08/22 10:33:45 INFO serve: request method=GET path=/mod/live/history status=200 duration=15.328038ms
2026/08/22 10:33:45 INFO serve: request method=GET path=/history status=200 duration=19.964192ms
2026/08/22 10:33:46 INFO serve: request method=GET path=/mod/live/history status=200 duration=6.198269ms
2026/08/22 10:33:46 INFO serve: request method=GET path=/history status=200 duration=2.390885ms
2026/08/22 10:33:46 INFO serve: request method=GET path=/mod/swarm status=200 duration=18.005154ms
2026/08/22 10:33:47 INFO serve: request method=GET path=/mod/live/history status=200 duration=6.284577ms
2026/08/22 10:33:47 INFO serve: request method=GET path=/history status=200 duration=2.471769ms
2026/08/22 10:33:47 INFO serve: request method=GET path=/mod/swarm status=200 duration=27.052846ms
2026/08/22 10:33:48 INFO serve: request method=GET path=/mod/live/history status=200 duration=6.268962ms
2026/08/22 10:33:48 INFO serve: request method=GET path=/history status=200 duration=2.6135ms
2026/08/22 10:33:48 INFO serve: request method=GET path=/mod/swarm status=200 duration=18.972115ms
2026/08/22 10:35:51 INFO serve: request method=GET path=/mod/live/history status=200 duration=15.741038ms
2026/08/22 10:35:51 INFO serve: request method=GET path=/history status=200 duration=2.859039ms
2026/08/22 10:35:52 INFO serve: request method=GET path=/mod/live/history status=200 duration=5.067231ms
2026/08/22 10:35:52 INFO serve: request method=GET path=/history status=200 duration=2.437616ms
2026/08/22 10:35:52 INFO serve: request method=GET path=/mod/swarm status=200 duration=14.485308ms
2026/08/22 10:35:53 INFO serve: request method=GET path=/mod/live/history status=200 duration=4.93723ms
2026/08/22 10:35:53 INFO serve: request method=GET path=/history status=200 duration=1.465615ms
2026/08/22 10:35:53 INFO serve: request method=GET path=/mod/swarm status=200 duration=21.790423ms
2026/08/22 10:35:53 INFO serve: request method=GET path=/mod/live/history status=200 duration=7.162962ms
2026/08/22 10:35:53 INFO serve: request method=GET path=/mod/swarm status=200 duration=17.806692ms
2026/08/22 10:35:53 INFO serve: request method=GET path=/history status=200 duration=3.221077ms
2026/08/22 10:35:54 INFO serve: request method=GET path=/mod/live/history status=200 duration=11.630308ms
2026/08/22 10:35:54 INFO serve: request method=GET path=/history status=200 duration=3.050731ms
2026/08/22 10:35:54 INFO serve: request method=GET path=/mod/swarm status=200 duration=29.7205ms
2026/08/22 10:35:55 INFO serve: request method=GET path=/mod/live/history status=200 duration=8.885615ms
2026/08/22 10:35:55 INFO serve: request method=GET path=/history status=200 duration=3.921308ms
2026/08/22 10:35:55 INFO serve: request method=GET path=/mod/swarm status=200 duration=23.738769ms
2026/08/22 10:35:56 INFO serve: request method=GET path=/mod/live/history status=200 duration=4.573462ms
2026/08/22 10:35:56 INFO serve: request method=GET path=/history status=200 duration=2.165731ms
2026/08/22 10:35:56 INFO serve: request method=GET path=/mod/swarm status=200 duration=14.103192ms
2026/08/22 10:35:57 INFO serve: request method=GET path=/mod/live/history status=200 duration=7.222307ms
2026/08/22 10:35:57 INFO serve: request method=GET path=/history status=200 duration=3.025231ms
2026/08/22 10:35:57 INFO serve: request method=GET path=/mod/swarm status=200 duration=20.171616ms
2026/08/22 10:35:58 INFO serve: request method=GET path=/mod/live/history status=200 duration=4.514115ms
2026/08/22 10:35:58 INFO serve: request method=GET path=/history status=200 duration=2.734076ms
2026/08/22 10:35:58 INFO serve: request method=GET path=/mod/swarm status=200 duration=19.189808ms
2026/08/22 10:35:59 INFO serve: request method=GET path=/mod/live/history status=200 duration=4.8505ms
2026/08/22 10:35:59 INFO serve: request method=GET path=/history status=200 duration=2.17327ms
2026/08/22 10:35:59 INFO serve: request method=GET path=/mod/swarm status=200 duration=14.390846ms
2026/08/22 10:36:00 INFO serve: request method=GET path=/mod/live/history status=200 duration=4.629807ms
2026/08/22 10:36:00 INFO serve: request method=GET path=/history status=200 duration=2.01123ms
2026/08/22 10:36:00 INFO serve: request method=GET path=/mod/swarm status=200 duration=15.114308ms
2026/08/22 10:36:01 INFO serve: request method=GET path=/mod/live/history status=200 duration=6.916885ms
2026/08/22 10:36:01 INFO serve: request method=GET path=/history status=200 duration=4.472808ms
2026/08/22 10:36:01 INFO serve: request method=GET path=/mod/swarm status=200 duration=27.515731ms
2026/08/22 10:36:02 INFO serve: request method=GET path=/mod/live/history status=200 duration=4.875308ms
2026/08/22 10:36:02 INFO serve: request method=GET path=/history status=200 duration=2.306462ms
2026/08/22 10:36:02 INFO serve: request method=GET path=/mod/swarm status=200 duration=15.584154ms
2026/08/22 10:36:02 INFO serve: request method=GET path=/mod/live/history status=200 duration=5.06127ms
2026/08/22 10:36:02 INFO serve: request method=GET path=/mod/swarm status=200 duration=13.3585ms
2026/08/22 10:36:02 INFO serve: request method=GET path=/history status=200 duration=3.030769ms
2026/08/22 10:36:03 INFO serve: request method=GET path=/mod/live/history status=200 duration=4.726039ms
2026/08/22 10:36:03 INFO serve: request method=GET path=/history status=200 duration=2.189ms
2026/08/22 10:36:03 INFO serve: request method=GET path=/mod/swarm status=200 duration=15.212962ms
2026/08/22 10:36:04 INFO serve: request method=GET path=/mod/live/history status=200 duration=4.585653ms
2026/08/22 10:36:04 INFO serve: request method=GET path=/history status=200 duration=2.124923ms
2026/08/22 10:36:04 INFO serve: request method=GET path=/mod/swarm status=200 duration=17.757577ms
2026/08/22 10:36:05 INFO serve: request method=GET path=/mod/recovery status=200 duration=5.383616ms
2026/08/22 10:36:05 INFO serve: request method=POST path=/tool-approval-mode status=204 duration=305.154µs
2026/08/22 10:36:05 INFO serve: request method=POST path=/mod/app/task/start status=202 duration=8.219654ms
2026/08/22 10:36:05 INFO serve: request method=GET path=/mod/live/history status=200 duration=5.521115ms
2026/08/22 10:36:05 INFO serve: request method=GET path=/history status=200 duration=2.603269ms
2026/08/22 10:36:06 INFO serve: request method=GET path=/mod/live/history status=200 duration=3.128847ms
2026/08/22 10:36:06 INFO serve: request method=GET path=/history status=200 duration=2.446038ms
2026/08/22 10:36:06 INFO serve: request method=GET path=/mod/swarm status=200 duration=21.9345ms
2026/08/22 10:36:07 INFO serve: request method=GET path=/mod/live/history status=200 duration=4.9755ms
2026/08/22 10:36:07 INFO serve: request method=GET path=/history status=200 duration=2.255423ms
2026/08/22 10:36:07 INFO serve: request method=GET path=/mod/swarm status=200 duration=18.194423ms
2026/08/22 10:36:08 INFO serve: request method=GET path=/mod/live/history status=200 duration=5.5155ms
2026/08/22 10:36:08 INFO serve: request method=GET path=/mod/swarm status=200 duration=21.237462ms
2026/08/22 10:36:08 INFO serve: request method=GET path=/history status=200 duration=8.054538ms
2026/08/22 10:36:09 INFO serve: request method=GET path=/mod/live/history status=200 duration=6.024462ms
2026/08/22 10:36:09 INFO serve: request method=GET path=/history status=200 duration=3.511115ms
2026/08/22 10:36:09 INFO serve: request method=GET path=/mod/swarm status=200 duration=19.415461ms
2026/08/22 10:36:09 INFO serve: request method=GET path=/mod/live/history status=200 duration=4.712462ms
2026/08/22 10:36:09 INFO serve: request method=GET path=/history status=200 duration=3.08073ms
2026/08/22 10:36:09 INFO serve: request method=GET path=/mod/swarm status=200 duration=17.491423ms
2026/08/22 10:36:10 INFO serve: request method=GET path=/mod/live/history status=200 duration=6.156847ms
2026/08/22 10:36:10 INFO serve: request method=GET path=/history status=200 duration=2.790462ms
2026/08/22 10:36:10 INFO serve: request method=GET path=/mod/swarm status=200 duration=18.604692ms
2026/08/22 10:36:11 INFO serve: request method=GET path=/mod/live/history status=200 duration=5.08577ms
2026/08/22 10:36:11 INFO serve: request method=GET path=/history status=200 duration=2.3625ms
2026/08/22 10:36:11 INFO serve: request method=GET path=/mod/swarm status=200 duration=19.7405ms
2026/08/22 10:36:12 INFO serve: request method=GET path=/mod/live/history status=200 duration=6.672154ms
2026/08/22 10:36:12 INFO serve: request method=GET path=/history status=200 duration=2.928ms
2026/08/22 10:36:12 INFO serve: request method=GET path=/mod/swarm status=200 duration=21.973269ms
2026/08/22 10:36:13 INFO serve: request method=GET path=/mod/live/history status=200 duration=7.405769ms
2026/08/22 10:36:13 INFO serve: request method=GET path=/history status=200 duration=3.124115ms
2026/08/22 10:36:13 INFO serve: request method=GET path=/mod/swarm status=200 duration=28.014153ms
2026/08/22 10:36:14 INFO serve: request method=GET path=/mod/live/history status=200 duration=5.246039ms
2026/08/22 10:36:14 INFO serve: request method=GET path=/history status=200 duration=2.437307ms
2026/08/22 10:36:14 INFO serve: request method=GET path=/mod/swarm status=200 duration=34.117038ms
2026/08/22 10:36:15 INFO serve: request method=GET path=/mod/live/history status=200 duration=6.467731ms
2026/08/22 10:36:15 INFO serve: request method=GET path=/mod/swarm status=200 duration=19.181808ms
2026/08/22 10:36:15 INFO serve: request method=GET path=/history status=200 duration=2.478308ms
2026/08/22 10:36:16 INFO serve: request method=GET path=/mod/live/history status=200 duration=5.8555ms
2026/08/22 10:36:16 INFO serve: request method=GET path=/history status=200 duration=2.813577ms
2026/08/22 10:36:16 INFO serve: request method=GET path=/mod/swarm status=200 duration=18.189115ms
2026/08/22 10:36:17 INFO serve: request method=GET path=/mod/live/history status=200 duration=6.949577ms
2026/08/22 10:36:17 INFO serve: request method=GET path=/mod/swarm status=200 duration=20.149308ms
2026/08/22 10:36:17 INFO serve: request method=GET path=/history status=200 duration=2.497692ms
2026/08/22 10:36:18 INFO serve: request method=GET path=/mod/live/history status=200 duration=5.960885ms
2026/08/22 10:36:18 INFO serve: request method=GET path=/history status=200 duration=2.360885ms
2026/08/22 10:36:18 INFO serve: request method=GET path=/mod/swarm status=200 duration=24.612885ms
2026/08/22 10:36:18 INFO serve: request method=GET path=/mod/live/history status=200 duration=15.170884ms
2026/08/22 10:36:18 INFO serve: request method=GET path=/mod/swarm status=200 duration=24.273577ms
2026/08/22 10:36:18 INFO serve: request method=GET path=/history status=200 duration=2.836ms
2026/08/22 10:36:19 INFO serve: request method=GET path=/mod/live/history status=200 duration=6.593885ms
2026/08/22 10:36:19 INFO serve: request method=GET path=/history status=200 duration=3.114231ms
2026/08/22 10:36:19 INFO serve: request method=GET path=/mod/swarm status=200 duration=25.984923ms
2026/08/22 10:36:20 INFO serve: request method=GET path=/mod/live/history status=200 duration=6.622039ms
2026/08/22 10:36:20 INFO serve: request method=GET path=/history status=200 duration=2.643577ms
2026/08/22 10:36:20 INFO serve: request method=GET path=/mod/swarm status=200 duration=25.394769ms
2026/08/22 10:36:21 INFO serve: request method=GET path=/mod/live/history status=200 duration=6.202385ms
2026/08/22 10:36:21 INFO serve: request method=GET path=/history status=200 duration=3.606653ms
2026/08/22 10:36:21 INFO serve: request method=GET path=/mod/swarm status=200 duration=23.049154ms
2026/08/22 10:36:22 INFO serve: request method=GET path=/mod/live/history status=200 duration=5.966846ms
2026/08/22 10:36:22 INFO serve: request method=GET path=/history status=200 duration=3.856038ms
2026/08/22 10:36:22 INFO serve: request method=GET path=/mod/swarm status=200 duration=18.142923ms
2026/08/22 10:36:23 INFO serve: request method=GET path=/mod/live/history status=200 duration=5.975ms
2026/08/22 10:36:23 INFO serve: request method=GET path=/history status=200 duration=2.395731ms
2026/08/22 10:36:23 INFO serve: request method=GET path=/mod/swarm status=200 duration=20.216307ms
2026/08/22 10:36:24 INFO serve: request method=GET path=/mod/live/history status=200 duration=14.980885ms
2026/08/22 10:36:24 INFO serve: request method=GET path=/mod/swarm status=200 duration=26.579347ms
2026/08/22 10:36:24 INFO serve: request method=GET path=/history status=200 duration=2.484923ms
2026/08/22 10:36:25 INFO serve: request method=GET path=/mod/live/history status=200 duration=4.154346ms
2026/08/22 10:36:25 INFO serve: request method=GET path=/history status=200 duration=3.579577ms
2026/08/22 10:36:25 INFO serve: request method=GET path=/mod/swarm status=200 duration=17.849577ms
2026/08/22 10:36:26 INFO serve: request method=GET path=/mod/live/history status=200 duration=5.033038ms
2026/08/22 10:36:26 INFO serve: request method=GET path=/history status=200 duration=2.252807ms
2026/08/22 10:36:26 INFO serve: request method=GET path=/mod/swarm status=200 duration=18.529653ms
2026/08/22 10:36:27 INFO serve: request method=GET path=/mod/live/history status=200 duration=5.618846ms
2026/08/22 10:36:27 INFO serve: request method=GET path=/history status=200 duration=2.500423ms
2026/08/22 10:36:27 INFO serve: request method=GET path=/mod/swarm status=200 duration=18.688962ms
2026/08/22 10:36:27 INFO serve: request method=GET path=/mod/live/history status=200 duration=5.143539ms
2026/08/22 10:36:27 INFO serve: request method=GET path=/history status=200 duration=2.381577ms
2026/08/22 10:36:27 INFO serve: request method=GET path=/mod/swarm status=200 duration=17.554346ms
2026/08/22 10:36:28 INFO serve: request method=GET path=/mod/live/history status=200 duration=3.439192ms
2026/08/22 10:36:28 INFO serve: request method=GET path=/history status=200 duration=1.582654ms
2026/08/22 10:36:28 INFO serve: request method=GET path=/mod/swarm status=200 duration=22.448539ms
2026/08/22 10:36:29 INFO serve: request method=GET path=/mod/live/history status=200 duration=6.7955ms
2026/08/22 10:36:29 INFO serve: request method=GET path=/history status=200 duration=2.457269ms
2026/08/22 10:36:29 INFO serve: request method=GET path=/mod/swarm status=200 duration=18.618115ms
2026/08/22 10:36:30 INFO serve: request method=GET path=/mod/live/history status=200 duration=6.179346ms
2026/08/22 10:36:30 INFO serve: request method=GET path=/history status=200 duration=2.473384ms
2026/08/22 10:36:30 INFO serve: request method=GET path=/mod/swarm status=200 duration=20.664884ms
2026/08/22 10:36:31 INFO serve: request method=GET path=/mod/live/history status=200 duration=5.063ms
2026/08/22 10:36:31 INFO serve: request method=GET path=/history status=200 duration=2.3045ms
2026/08/22 10:36:31 INFO serve: request method=GET path=/mod/swarm status=200 duration=25.848731ms
2026/08/22 10:36:32 INFO serve: request method=GET path=/mod/live/history status=200 duration=5.133231ms
2026/08/22 10:36:32 INFO serve: request method=GET path=/history status=200 duration=2.284885ms
2026/08/22 10:36:32 INFO serve: request method=GET path=/mod/swarm status=200 duration=15.876269ms
2026/08/22 10:36:33 INFO serve: request method=GET path=/mod/live/history status=200 duration=8.294846ms
2026/08/22 10:36:33 INFO serve: request method=GET path=/history status=200 duration=9.409346ms
2026/08/22 10:36:33 INFO serve: request method=GET path=/mod/swarm status=200 duration=31.554808ms
2026/08/22 10:36:34 INFO serve: request method=GET path=/mod/live/history status=200 duration=5.539039ms
2026/08/22 10:36:34 INFO serve: request method=GET path=/history status=200 duration=2.755193ms
2026/08/22 10:36:34 INFO serve: request method=GET path=/mod/swarm status=200 duration=21.212807ms
2026/08/22 10:36:35 INFO serve: request method=GET path=/mod/live/history status=200 duration=5.976346ms
2026/08/22 10:36:35 INFO serve: request method=GET path=/history status=200 duration=3.7475ms
2026/08/22 10:36:35 INFO serve: request method=GET path=/mod/swarm status=200 duration=19.727077ms
2026/08/22 10:36:36 INFO serve: request method=GET path=/mod/live/history status=200 duration=11.014538ms
2026/08/22 10:36:36 INFO serve: request method=GET path=/history status=200 duration=1.652ms
2026/08/22 10:36:36 INFO serve: request method=GET path=/mod/swarm status=200 duration=25.139385ms
2026/08/22 10:36:36 INFO serve: request method=GET path=/mod/live/history status=200 duration=6.971347ms
2026/08/22 10:36:36 INFO serve: request method=GET path=/mod/swarm status=200 duration=17.438154ms
2026/08/22 10:36:36 INFO serve: request method=GET path=/history status=200 duration=3.385192ms
2026/08/22 10:36:37 INFO serve: request method=GET path=/mod/live/history status=200 duration=6.410077ms
2026/08/22 10:36:37 INFO serve: request method=GET path=/history status=200 duration=2.857423ms
2026/08/22 10:36:37 INFO serve: request method=GET path=/mod/swarm status=200 duration=20.106269ms
2026/08/22 10:36:38 INFO serve: request method=GET path=/mod/live/history status=200 duration=6.815385ms
2026/08/22 10:36:38 INFO serve: request method=GET path=/history status=200 duration=2.655731ms
2026/08/22 10:36:38 INFO serve: request method=GET path=/mod/swarm status=200 duration=22.921808ms
2026/08/22 10:36:39 INFO serve: request method=GET path=/mod/live/history status=200 duration=6.478154ms
2026/08/22 10:36:39 INFO serve: request method=GET path=/history status=200 duration=2.387154ms
2026/08/22 10:36:39 INFO serve: request method=GET path=/mod/swarm status=200 duration=21.050269ms
2026/08/22 10:36:40 INFO serve: request method=GET path=/mod/live/history status=200 duration=5.79573ms
2026/08/22 10:36:40 INFO serve: request method=GET path=/history status=200 duration=2.429423ms
2026/08/22 10:36:40 INFO serve: request method=GET path=/mod/swarm status=200 duration=20.705769ms
2026/08/22 10:36:41 INFO serve: request method=GET path=/mod/live/history status=200 duration=6.044231ms
2026/08/22 10:36:41 INFO serve: request method=GET path=/history status=200 duration=3.574039ms
2026/08/22 10:36:41 INFO serve: request method=GET path=/mod/swarm status=200 duration=39.027115ms
2026/08/22 10:36:42 INFO serve: request method=GET path=/mod/live/history status=200 duration=8.189923ms
2026/08/22 10:36:42 INFO serve: request method=GET path=/history status=200 duration=2.41ms
2026/08/22 10:36:42 INFO serve: request method=GET path=/mod/swarm status=200 duration=26.802615ms
2026/08/22 10:36:43 INFO serve: request method=GET path=/mod/live/history status=200 duration=8.502846ms
2026/08/22 10:36:43 INFO serve: request method=GET path=/history status=200 duration=3.774885ms
2026/08/22 10:36:43 INFO serve: request method=GET path=/mod/swarm status=200 duration=25.652654ms
2026/08/22 10:36:44 INFO serve: request method=GET path=/mod/live/history status=200 duration=6.843808ms
2026/08/22 10:36:44 INFO serve: request method=GET path=/history status=200 duration=2.745ms
2026/08/22 10:36:44 INFO serve: request method=GET path=/mod/swarm status=200 duration=23.462269ms
2026/08/22 10:36:45 INFO serve: request method=GET path=/mod/live/history status=200 duration=17.642808ms
2026/08/22 10:36:45 INFO serve: request method=GET path=/mod/swarm status=200 duration=22.161731ms
2026/08/22 10:36:45 INFO serve: request method=GET path=/history status=200 duration=2.614846ms
2026/08/22 10:36:45 INFO serve: request method=GET path=/mod/live/history status=200 duration=6.9345ms
2026/08/22 10:36:45 INFO serve: request method=GET path=/history status=200 duration=3.561077ms
2026/08/22 10:36:45 INFO serve: request method=GET path=/mod/swarm status=200 duration=25.166308ms
2026/08/22 10:36:46 INFO serve: request method=GET path=/mod/live/history status=200 duration=5.192192ms
2026/08/22 10:36:46 INFO serve: request method=GET path=/history status=200 duration=3.587346ms
2026/08/22 10:36:46 INFO serve: request method=GET path=/mod/swarm status=200 duration=20.920115ms
2026/08/22 10:36:47 INFO serve: request method=GET path=/mod/live/history status=200 duration=5.682539ms
2026/08/22 10:36:47 INFO serve: request method=GET path=/history status=200 duration=3.346077ms
2026/08/22 10:36:47 INFO serve: request method=GET path=/mod/swarm status=200 duration=19.106192ms
2026/08/22 10:36:48 INFO serve: request method=GET path=/mod/live/history status=200 duration=16.120115ms
2026/08/22 10:36:48 INFO serve: request method=GET path=/mod/swarm status=200 duration=22.218038ms
2026/08/22 10:36:48 INFO serve: request method=GET path=/history status=200 duration=2.598307ms
2026/08/22 10:36:49 INFO serve: request method=GET path=/mod/live/history status=200 duration=5.5685ms
2026/08/22 10:36:49 INFO serve: request method=GET path=/mod/swarm status=200 duration=17.479884ms
2026/08/22 10:36:49 INFO serve: request method=GET path=/history status=200 duration=1.616577ms
2026/08/22 10:36:50 INFO serve: request method=GET path=/mod/live/history status=200 duration=7.03973ms
2026/08/22 10:36:50 INFO serve: request method=GET path=/history status=200 duration=2.650615ms
2026/08/22 10:36:50 INFO serve: request method=GET path=/mod/swarm status=200 duration=24.937153ms
2026/08/22 10:36:51 INFO serve: request method=GET path=/mod/live/history status=200 duration=9.202462ms
2026/08/22 10:36:51 INFO serve: request method=GET path=/history status=200 duration=2.323577ms
2026/08/22 10:36:51 INFO serve: request method=GET path=/mod/swarm status=200 duration=21.922962ms
2026/08/22 10:36:52 INFO serve: request method=GET path=/mod/live/history status=200 duration=6.167231ms
2026/08/22 10:36:52 INFO serve: request method=GET path=/history status=200 duration=2.978039ms
2026/08/22 10:36:52 INFO serve: request method=GET path=/mod/swarm status=200 duration=20.250077ms
2026/08/22 10:36:53 INFO serve: request method=GET path=/mod/live/history status=200 duration=9.010808ms
2026/08/22 10:36:53 INFO serve: request method=GET path=/history status=200 duration=3.152385ms
2026/08/22 10:36:53 INFO serve: request method=GET path=/mod/swarm status=200 duration=21.203961ms
2026/08/22 10:36:54 INFO serve: request method=GET path=/mod/live/history status=200 duration=11.48523ms
2026/08/22 10:36:54 INFO serve: request method=GET path=/history status=200 duration=2.4075ms
2026/08/22 10:36:54 INFO serve: request method=GET path=/mod/swarm status=200 duration=22.702846ms
2026/08/22 10:36:54 INFO serve: request method=GET path=/mod/live/history status=200 duration=5.257154ms
2026/08/22 10:36:54 INFO serve: request method=GET path=/history status=200 duration=2.169692ms
2026/08/22 10:36:54 INFO serve: request method=GET path=/mod/swarm status=200 duration=18.137616ms
2026/08/22 10:36:55 INFO serve: request method=GET path=/mod/live/history status=200 duration=4.128693ms
2026/08/22 10:36:55 INFO serve: request method=GET path=/history status=200 duration=2.696ms
2026/08/22 10:36:55 INFO serve: request method=GET path=/mod/swarm status=200 duration=23.386039ms
2026/08/22 10:36:56 INFO serve: request method=GET path=/mod/live/history status=200 duration=6.174769ms
2026/08/22 10:36:56 INFO serve: request method=GET path=/history status=200 duration=2.569385ms
2026/08/22 10:36:56 INFO serve: request method=GET path=/mod/swarm status=200 duration=16.40973ms
2026/08/22 10:36:57 INFO serve: request method=GET path=/mod/live/history status=200 duration=5.950193ms
2026/08/22 10:36:57 INFO serve: request method=GET path=/history status=200 duration=2.403115ms
2026/08/22 10:36:57 INFO serve: request method=GET path=/mod/swarm status=200 duration=16.58123ms
2026/08/22 10:36:58 INFO serve: request method=GET path=/mod/live/history status=200 duration=6.386693ms
2026/08/22 10:36:58 INFO serve: request method=GET path=/history status=200 duration=2.601693ms
2026/08/22 10:36:58 INFO serve: request method=GET path=/mod/swarm status=200 duration=19.103885ms
2026/08/22 10:36:59 INFO serve: request method=GET path=/mod/live/history status=200 duration=6.893192ms
2026/08/22 10:36:59 INFO serve: request method=GET path=/history status=200 duration=2.6105ms
2026/08/22 10:36:59 INFO serve: request method=GET path=/mod/swarm status=200 duration=19.149846ms
2026/08/22 10:37:00 INFO serve: request method=GET path=/mod/live/history status=200 duration=5.514077ms
2026/08/22 10:37:00 INFO serve: request method=GET path=/history status=200 duration=2.412653ms
2026/08/22 10:37:00 INFO serve: request method=GET path=/mod/swarm status=200 duration=24.003424ms
2026/08/22 10:37:01 INFO serve: request method=GET path=/mod/live/history status=200 duration=13.715308ms
2026/08/22 10:37:01 INFO serve: request method=GET path=/history status=200 duration=2.668577ms
2026/08/22 10:37:01 INFO serve: request method=GET path=/mod/swarm status=200 duration=25.375962ms
2026/08/22 10:37:02 INFO serve: request method=GET path=/mod/live/history status=200 duration=7.070808ms
2026/08/22 10:37:02 INFO serve: request method=GET path=/history status=200 duration=2.937654ms
2026/08/22 10:37:02 INFO serve: request method=GET path=/mod/swarm status=200 duration=23.081192ms
2026/08/22 10:37:03 INFO serve: request method=GET path=/mod/live/history status=200 duration=6.835116ms
2026/08/22 10:37:03 INFO serve: request method=GET path=/history status=200 duration=3.124923ms
2026/08/22 10:37:03 INFO serve: request method=GET path=/mod/swarm status=200 duration=24.811616ms
2026/08/22 10:37:03 INFO serve: request method=GET path=/mod/live/history status=200 duration=7.065654ms
2026/08/22 10:37:03 INFO serve: request method=GET path=/history status=200 duration=2.696154ms
2026/08/22 10:37:03 INFO serve: request method=GET path=/mod/swarm status=200 duration=18.955808ms
2026/08/22 10:37:04 INFO serve: request method=GET path=/mod/live/history status=200 duration=5.463769ms
2026/08/22 10:37:04 INFO serve: request method=GET path=/history status=200 duration=2.363231ms
2026/08/22 10:37:04 INFO serve: request method=GET path=/mod/swarm status=200 duration=18.969039ms
2026/08/22 10:37:05 INFO serve: request method=GET path=/mod/live/history status=200 duration=6.008808ms
2026/08/22 10:37:05 INFO serve: request method=GET path=/history status=200 duration=5.510961ms
2026/08/22 10:37:05 INFO serve: request method=GET path=/mod/swarm status=200 duration=34.788461ms
2026/08/22 10:37:06 INFO serve: request method=GET path=/mod/live/history status=200 duration=6.467961ms
2026/08/22 10:37:06 INFO serve: request method=GET path=/history status=200 duration=3.029346ms
2026/08/22 10:37:06 INFO serve: request method=GET path=/mod/swarm status=200 duration=23.220076ms
2026/08/22 10:37:07 INFO serve: request method=GET path=/mod/live/history status=200 duration=6.420576ms
2026/08/22 10:37:07 INFO serve: request method=GET path=/history status=200 duration=2.62023ms
2026/08/22 10:37:07 INFO serve: request method=GET path=/mod/swarm status=200 duration=20.594653ms
2026/08/22 10:37:08 INFO serve: request method=GET path=/mod/live/history status=200 duration=6.437808ms
2026/08/22 10:37:08 INFO serve: request method=GET path=/history status=200 duration=2.263731ms
2026/08/22 10:37:08 INFO serve: request method=GET path=/mod/swarm status=200 duration=18.611269ms
2026/08/22 10:37:09 INFO serve: request method=GET path=/mod/live/history status=200 duration=6.360192ms
2026/08/22 10:37:09 INFO serve: request method=GET path=/history status=200 duration=2.419847ms
2026/08/22 10:37:09 INFO serve: request method=GET path=/mod/swarm status=200 duration=20.791692ms
2026/08/22 10:37:10 INFO serve: request method=GET path=/mod/live/history status=200 duration=5.750653ms
2026/08/22 10:37:10 INFO serve: request method=GET path=/history status=200 duration=2.828385ms
2026/08/22 10:37:10 INFO serve: request method=GET path=/mod/swarm status=200 duration=17.692153ms
2026/08/22 10:37:11 INFO serve: request method=GET path=/mod/live/history status=200 duration=6.314923ms
2026/08/22 10:37:11 INFO serve: request method=GET path=/history status=200 duration=2.721154ms
2026/08/22 10:37:11 INFO serve: request method=GET path=/mod/swarm status=200 duration=29.069346ms
2026/08/22 10:37:12 INFO serve: request method=GET path=/mod/live/history status=200 duration=7.304231ms
2026/08/22 10:37:12 INFO serve: request method=GET path=/history status=200 duration=2.546731ms
2026/08/22 10:37:12 INFO serve: request method=GET path=/mod/swarm status=200 duration=25.306807ms
2026/08/22 10:37:12 INFO serve: request method=GET path=/mod/live/history status=200 duration=5.353769ms
2026/08/22 10:37:12 INFO serve: request method=GET path=/history status=200 duration=2.891424ms
2026/08/22 10:37:12 INFO serve: request method=GET path=/mod/swarm status=200 duration=22.384885ms
2026/08/22 10:37:13 INFO serve: request method=GET path=/mod/live/history status=200 duration=20.086423ms
2026/08/22 10:37:13 INFO serve: request method=GET path=/mod/swarm status=200 duration=25.825116ms
2026/08/22 10:37:13 INFO serve: request method=GET path=/history status=200 duration=2.477615ms
2026/08/22 10:37:14 INFO serve: request method=GET path=/mod/live/history status=200 duration=3.993193ms
2026/08/22 10:37:14 INFO serve: request method=GET path=/history status=200 duration=2.620846ms
2026/08/22 10:37:14 INFO serve: request method=GET path=/mod/swarm status=200 duration=21.488308ms
2026/08/22 10:37:15 INFO serve: request method=GET path=/mod/live/history status=200 duration=5.75123ms
2026/08/22 10:37:15 INFO serve: request method=GET path=/history status=200 duration=2.505ms
2026/08/22 10:37:15 INFO serve: request method=GET path=/mod/swarm status=200 duration=20.7875ms
2026/08/22 10:37:16 INFO serve: request method=GET path=/mod/live/history status=200 duration=6.128538ms
2026/08/22 10:37:16 INFO serve: request method=GET path=/history status=200 duration=2.553923ms
2026/08/22 10:37:16 INFO serve: request method=GET path=/mod/swarm status=200 duration=21.490615ms
2026/08/22 10:37:17 INFO serve: request method=GET path=/mod/live/history status=200 duration=6.526193ms
2026/08/22 10:37:17 INFO serve: request method=GET path=/history status=200 duration=3.135923ms
2026/08/22 10:37:17 INFO serve: request method=GET path=/mod/swarm status=200 duration=20.762654ms
2026/08/22 10:37:18 INFO serve: request method=GET path=/mod/live/history status=200 duration=5.461ms
2026/08/22 10:37:18 INFO serve: request method=GET path=/history status=200 duration=4.17877ms
2026/08/22 10:37:18 INFO serve: request method=GET path=/mod/swarm status=200 duration=29.885769ms
2026/08/22 10:37:19 INFO serve: request method=GET path=/mod/live/history status=200 duration=6.299769ms
2026/08/22 10:37:19 INFO serve: request method=GET path=/history status=200 duration=2.546654ms
2026/08/22 10:37:19 INFO serve: request method=GET path=/mod/swarm status=200 duration=18.8855ms
2026/08/22 10:37:20 INFO serve: request method=GET path=/mod/live/history status=200 duration=7.109ms
2026/08/22 10:37:20 INFO serve: request method=GET path=/mod/swarm status=200 duration=21.190616ms
2026/08/22 10:37:20 INFO serve: request method=GET path=/history status=200 duration=2.27973ms
2026/08/22 10:37:21 INFO serve: request method=GET path=/mod/live/history status=200 duration=7.437923ms
2026/08/22 10:37:21 INFO serve: request method=GET path=/history status=200 duration=2.643462ms
2026/08/22 10:37:21 INFO serve: request method=GET path=/mod/swarm status=200 duration=23.623308ms
2026/08/22 10:37:21 INFO serve: request method=GET path=/mod/live/history status=200 duration=5.558308ms
2026/08/22 10:37:21 INFO serve: request method=GET path=/history status=200 duration=2.8445ms
2026/08/22 10:37:21 INFO serve: request method=GET path=/mod/swarm status=200 duration=24.695115ms
2026/08/22 10:37:22 INFO serve: request method=GET path=/mod/live/history status=200 duration=6.780115ms
2026/08/22 10:37:22 INFO serve: request method=GET path=/history status=200 duration=2.266769ms
2026/08/22 10:37:22 INFO serve: request method=GET path=/mod/swarm status=200 duration=20.114847ms
2026/08/22 10:37:23 INFO serve: request method=GET path=/mod/live/history status=200 duration=6.637769ms
2026/08/22 10:37:23 INFO serve: request method=GET path=/mod/swarm status=200 duration=17.162192ms
2026/08/22 10:37:23 INFO serve: request method=GET path=/history status=200 duration=2.355269ms
2026/08/22 10:37:24 INFO serve: request method=GET path=/mod/live/history status=200 duration=5.574193ms
2026/08/22 10:37:24 INFO serve: request method=GET path=/history status=200 duration=4.022538ms
2026/08/22 10:37:24 INFO serve: request method=GET path=/mod/swarm status=200 duration=36.397962ms
2026/08/22 10:37:25 INFO serve: request method=GET path=/mod/live/history status=200 duration=3.519808ms
2026/08/22 10:37:25 INFO serve: request method=GET path=/history status=200 duration=3.003461ms
2026/08/22 10:37:25 INFO serve: request method=GET path=/mod/swarm status=200 duration=23.163769ms
2026/08/22 10:37:26 INFO serve: request method=GET path=/mod/live/history status=200 duration=5.282115ms
2026/08/22 10:37:26 INFO serve: request method=GET path=/history status=200 duration=2.604538ms
2026/08/22 10:37:26 INFO serve: request method=GET path=/mod/swarm status=200 duration=17.961693ms
2026/08/22 10:37:27 INFO serve: request method=GET path=/mod/live/history status=200 duration=6.667192ms
2026/08/22 10:37:27 INFO serve: request method=GET path=/history status=200 duration=2.498961ms
2026/08/22 10:37:27 INFO serve: request method=GET path=/mod/swarm status=200 duration=19.799423ms
2026/08/22 10:37:28 INFO serve: request method=GET path=/mod/live/history status=200 duration=7.304ms
2026/08/22 10:37:28 INFO serve: request method=GET path=/history status=200 duration=2.354423ms
2026/08/22 10:37:28 INFO serve: request method=GET path=/mod/swarm status=200 duration=20.302692ms
2026/08/22 10:37:29 INFO serve: request method=GET path=/mod/live/history status=200 duration=6.965ms
2026/08/22 10:37:29 INFO serve: request method=GET path=/history status=200 duration=3.015077ms
2026/08/22 10:37:29 INFO serve: request method=GET path=/mod/swarm status=200 duration=22.514346ms
2026/08/22 10:37:30 INFO serve: request method=GET path=/mod/live/history status=200 duration=6.331731ms
2026/08/22 10:37:30 INFO serve: request method=GET path=/history status=200 duration=2.416385ms
2026/08/22 10:37:30 INFO serve: request method=GET path=/mod/swarm status=200 duration=18.243847ms
2026/08/22 10:37:30 INFO serve: request method=GET path=/mod/live/history status=200 duration=6.569115ms
2026/08/22 10:37:30 INFO serve: request method=GET path=/history status=200 duration=2.713039ms
2026/08/22 10:37:30 INFO serve: request method=GET path=/mod/swarm status=200 duration=19.655539ms
2026/08/22 10:37:31 INFO serve: request method=GET path=/mod/live/history status=200 duration=7.707807ms
2026/08/22 10:37:31 INFO serve: request method=GET path=/history status=200 duration=2.544384ms
2026/08/22 10:37:31 INFO serve: request method=GET path=/mod/swarm status=200 duration=18.917577ms
2026/08/22 10:37:32 INFO serve: request method=GET path=/mod/live/history status=200 duration=13.388654ms
2026/08/22 10:37:32 INFO serve: request method=GET path=/history status=200 duration=2.383231ms
2026/08/22 10:37:32 INFO serve: request method=GET path=/mod/swarm status=200 duration=21.842038ms
2026/08/22 10:37:33 INFO serve: request method=GET path=/mod/live/history status=200 duration=7.433538ms
2026/08/22 10:37:33 INFO serve: request method=GET path=/history status=200 duration=2.890769ms
2026/08/22 10:37:33 INFO serve: request method=GET path=/mod/swarm status=200 duration=30.638961ms
2026/08/22 10:37:34 INFO serve: request method=GET path=/mod/live/history status=200 duration=5.163538ms
2026/08/22 10:37:34 INFO serve: request method=GET path=/history status=200 duration=2.645193ms
2026/08/22 10:37:34 INFO serve: request method=GET path=/mod/swarm status=200 duration=18.894461ms
2026/08/22 10:37:35 INFO serve: request method=GET path=/mod/live/history status=200 duration=5.369615ms
2026/08/22 10:37:35 INFO serve: request method=GET path=/history status=200 duration=2.589538ms
2026/08/22 10:37:35 INFO serve: request method=GET path=/mod/swarm status=200 duration=16.837808ms
2026/08/22 10:37:36 INFO serve: request method=GET path=/mod/live/history status=200 duration=3.598346ms
2026/08/22 10:37:36 INFO serve: request method=GET path=/history status=200 duration=1.344038ms
2026/08/22 10:37:36 INFO serve: request method=GET path=/mod/swarm status=200 duration=15.533885ms
2026/08/22 10:37:37 INFO serve: request method=GET path=/mod/live/history status=200 duration=8.456577ms
2026/08/22 10:37:37 INFO serve: request method=GET path=/mod/swarm status=200 duration=15.961462ms
2026/08/22 10:37:37 INFO serve: request method=GET path=/history status=200 duration=9.352769ms
2026/08/22 10:37:38 INFO serve: request method=GET path=/mod/live/history status=200 duration=5.422308ms
2026/08/22 10:37:38 INFO serve: request method=GET path=/history status=200 duration=2.4305ms
2026/08/22 10:37:38 INFO serve: request method=GET path=/mod/swarm status=200 duration=19.922538ms
2026/08/22 10:37:39 INFO serve: request method=GET path=/mod/live/history status=200 duration=7.171154ms
2026/08/22 10:37:39 INFO serve: request method=GET path=/history status=200 duration=2.652538ms
2026/08/22 10:37:39 INFO serve: request method=GET path=/mod/swarm status=200 duration=22.170576ms
2026/08/22 10:37:39 INFO serve: request method=GET path=/mod/live/history status=200 duration=5.724116ms
2026/08/22 10:37:39 INFO serve: request method=GET path=/history status=200 duration=2.119269ms
2026/08/22 10:37:39 INFO serve: request method=GET path=/mod/swarm status=200 duration=18.598461ms
2026/08/22 10:37:40 INFO serve: request method=GET path=/mod/live/history status=200 duration=5.141038ms
2026/08/22 10:37:40 INFO serve: request method=GET path=/history status=200 duration=2.795962ms
2026/08/22 10:37:40 INFO serve: request method=GET path=/mod/swarm status=200 duration=19.475307ms
2026/08/22 10:37:41 INFO serve: request method=GET path=/mod/live/history status=200 duration=5.116192ms
2026/08/22 10:37:41 INFO serve: request method=GET path=/history status=200 duration=2.201308ms
2026/08/22 10:37:41 INFO serve: request method=GET path=/mod/swarm status=200 duration=19.846462ms
2026/08/22 10:37:42 INFO serve: request method=GET path=/mod/live/history status=200 duration=5.627385ms
2026/08/22 10:37:42 INFO serve: request method=GET path=/mod/swarm status=200 duration=21.933308ms
2026/08/22 10:37:42 INFO serve: request method=GET path=/history status=200 duration=8.656692ms
2026/08/22 10:37:43 INFO serve: request method=GET path=/mod/live/history status=200 duration=6.509154ms
2026/08/22 10:37:43 INFO serve: request method=GET path=/history status=200 duration=2.966462ms
2026/08/22 10:37:43 INFO serve: request method=GET path=/mod/swarm status=200 duration=19.443961ms
2026/08/22 10:37:44 INFO serve: request method=GET path=/mod/live/history status=200 duration=5.185654ms
2026/08/22 10:37:44 INFO serve: request method=GET path=/history status=200 duration=2.896654ms
2026/08/22 10:37:44 INFO serve: request method=GET path=/mod/swarm status=200 duration=20.042731ms
2026/08/22 10:37:45 INFO serve: request method=GET path=/mod/live/history status=200 duration=7.457ms
2026/08/22 10:37:45 INFO serve: request method=GET path=/mod/swarm status=200 duration=20.003923ms
2026/08/22 10:37:45 INFO serve: request method=GET path=/history status=200 duration=2.426808ms
2026/08/22 10:37:46 INFO serve: request method=GET path=/mod/live/history status=200 duration=6.786808ms
2026/08/22 10:37:46 INFO serve: request method=GET path=/history status=200 duration=2.495231ms
2026/08/22 10:37:46 INFO serve: request method=GET path=/mod/swarm status=200 duration=21.201346ms
2026/08/22 10:37:46 INFO serve: request method=POST path=/mod/app/task/stop status=204 duration=254.808µs
2026/08/22 10:37:47 INFO serve: request method=GET path=/mod/live/history status=200 duration=6.874308ms
2026/08/22 10:37:47 INFO serve: request method=GET path=/history status=200 duration=4.575616ms
2026/08/22 10:37:47 INFO serve: request method=GET path=/mod/swarm status=200 duration=31.552423ms
2026/08/22 10:37:48 INFO serve: request method=GET path=/mod/live/history status=200 duration=5.570077ms
2026/08/22 10:37:48 INFO serve: request method=GET path=/history status=200 duration=4.799ms
2026/08/22 10:37:48 INFO serve: request method=GET path=/mod/swarm status=200 duration=30.24973ms
2026/08/22 10:37:48 INFO serve: request method=GET path=/mod/tasks status=200 duration=85.832808ms
2026/08/22 10:38:39 INFO serve: request method=GET path=/mod/live/history status=200 duration=5.839116ms
2026/08/22 10:38:39 INFO serve: request method=GET path=/history status=200 duration=3.772923ms
2026/08/22 10:38:40 INFO serve: request method=GET path=/mod/live/history status=200 duration=5.712462ms
2026/08/22 10:38:40 INFO serve: request method=GET path=/history status=200 duration=2.132577ms
2026/08/22 10:38:40 INFO serve: request method=GET path=/mod/swarm status=200 duration=15.600654ms
2026/08/22 10:38:41 INFO serve: request method=GET path=/mod/live/history status=200 duration=6.580346ms
2026/08/22 10:38:41 INFO serve: request method=GET path=/history status=200 duration=1.537154ms
2026/08/22 10:38:41 INFO serve: request method=GET path=/mod/swarm status=200 duration=19.162615ms
2026/08/22 10:38:41 INFO serve: request method=GET path=/mod/live/history status=200 duration=5.575076ms
2026/08/22 10:38:41 INFO serve: request method=GET path=/history status=200 duration=3.972346ms
2026/08/22 10:38:41 INFO serve: request method=GET path=/mod/swarm status=200 duration=21.240115ms
2026/08/22 10:38:42 INFO serve: request method=GET path=/mod/live/history status=200 duration=5.767346ms
2026/08/22 10:38:42 INFO serve: request method=GET path=/history status=200 duration=2.424693ms
2026/08/22 10:38:42 INFO serve: request method=GET path=/mod/swarm status=200 duration=13.511576ms
2026/08/22 10:38:43 INFO serve: request method=GET path=/mod/status status=200 duration=20.294538ms
2026/08/22 10:38:43 INFO serve: request method=GET path=/mod/app/contract status=200 duration=3.9995ms
2026/08/22 10:38:43 INFO serve: request method=GET path=/mod/live/history status=200 duration=5.434577ms
2026/08/22 10:38:43 INFO serve: request method=GET path=/mod/live/history status=200 duration=5.743385ms
2026/08/22 10:38:43 INFO serve: request method=GET path=/history status=200 duration=2.621539ms
2026/08/22 10:38:43 INFO serve: request method=GET path=/mod/swarm status=200 duration=15.219116ms
2026/08/22 10:38:44 INFO serve: request method=GET path=/mod/live/history status=200 duration=5.589924ms
2026/08/22 10:38:44 INFO serve: request method=GET path=/history status=200 duration=2.174923ms
2026/08/22 10:38:44 INFO serve: request method=GET path=/mod/swarm status=200 duration=14.035ms
2026/08/22 10:38:45 INFO serve: request method=GET path=/mod/live/history status=200 duration=5.738308ms
2026/08/22 10:38:45 INFO serve: request method=GET path=/history status=200 duration=2.394693ms
2026/08/22 10:38:45 INFO serve: request method=GET path=/mod/swarm status=200 duration=16.045308ms
